Date,Open,High,Low,Close,Adj Close,Volume
2000-01-03,39.750000,40.375000,38.937500,39.156250,20.892334,13458200
2000-01-04,38.687500,39.093750,38.250000,38.406250,20.492161,14510800
2000-01-05,39.000000,40.875000,38.906250,40.500000,21.609318,17485000
2000-01-06,40.312500,42.906250,40.093750,42.593750,22.726467,19461600
2000-01-07,42.968750,43.125000,42.000000,42.468750,22.659765,16603800
2000-01-10,42.093750,42.312500,41.781250,41.875000,22.342979,8545400
2000-01-11,41.875000,42.625000,41.812500,42.000000,22.409666,8722600
2000-01-12,41.625000,42.187500,41.406250,41.750000,22.276272,10314200
2000-01-13,41.750000,43.000000,41.562500,42.718750,22.793165,12056000
2000-01-14,42.750000,42.750000,41.500000,41.875000,22.342979,11268800
2000-01-18,41.375000,42.750000,41.187500,42.375000,22.609751,11929400
2000-01-19,42.125000,42.937500,41.843750,42.781250,22.826509,13088800
2000-01-20,42.593750,42.625000,41.343750,41.843750,22.326292,9613400
2000-01-21,42.000000,42.593750,41.656250,42.500000,22.676449,14343600
2000-01-24,42.718750,43.156250,41.500000,42.125000,22.476360,12459400
2000-01-25,42.000000,43.062500,41.906250,42.031250,22.426332,11921600
2000-01-26,42.031250,42.281250,41.343750,41.750000,22.276272,9298000
2000-01-27,41.656250,41.656250,39.875000,40.500000,21.609318,10548400
2000-01-28,40.000000,40.500000,39.437500,39.437500,21.042404,10361000
2000-01-31,39.312500,41.781250,38.937500,41.437500,22.109533,14612200
2000-02-01,41.656250,41.718750,40.687500,41.593750,22.192904,10665400
2000-02-02,41.625000,42.437500,41.625000,41.906250,22.359642,11562800
2000-02-03,41.718750,42.000000,40.031250,41.187500,21.976141,11610800
2000-02-04,41.750000,41.750000,40.031250,40.437500,21.575972,11436200
2000-02-07,39.750000,40.625000,39.750000,40.375000,21.542627,7101200
2000-02-08,40.500000,40.937500,39.343750,39.468750,21.059080,9372000
2000-02-09,38.375000,38.656250,38.000000,38.125000,20.456125,12408200
2000-02-10,38.125000,38.843750,37.656250,37.937500,20.355520,13475600
2000-02-11,38.000000,38.343750,36.343750,36.937500,19.818972,12465800
2000-02-14,37.250000,38.468750,37.218750,38.218750,20.506428,9753600
2000-02-15,38.875000,40.281250,38.718750,39.656250,21.277718,10783600
2000-02-16,39.500000,40.187500,39.187500,40.000000,21.462164,10264200
2000-02-17,39.500000,39.500000,38.656250,38.937500,20.892071,11678400
2000-02-18,38.656250,38.687500,37.500000,37.500000,20.120779,13800600
2000-02-22,38.125000,38.468750,37.250000,37.718750,20.238152,10854800
2000-02-23,37.062500,37.906250,36.562500,37.312500,20.020184,8881600
2000-02-24,36.343750,36.718750,35.750000,36.406250,19.533924,10786400
2000-02-25,36.281250,37.187500,35.000000,35.531250,19.064442,11800600
2000-02-28,35.500000,37.656250,34.937500,36.750000,19.718378,11875200
2000-02-29,36.750000,37.812500,36.468750,37.656250,20.204620,10469200
2000-03-01,37.687500,38.125000,36.593750,38.031250,20.405823,9884600
2000-03-02,38.000000,38.843750,37.781250,38.500000,20.657337,9802200
2000-03-03,38.250000,38.250000,37.125000,37.843750,20.305223,10207800
2000-03-06,37.000000,37.500000,36.000000,36.468750,19.567451,10497400
2000-03-07,36.062500,40.500000,36.000000,40.000000,21.462164,22811600
2000-03-08,38.750000,41.000000,38.750000,39.812500,21.361568,19981400
2000-03-09,39.000000,40.281250,38.718750,40.218750,21.579542,10906200
2000-03-10,40.000000,40.093750,38.156250,38.515625,20.665707,9430000
2000-03-13,38.250000,38.968750,37.187500,37.937500,20.355520,9467400
2000-03-14,37.562500,39.000000,37.312500,38.625000,20.724405,9047600
2000-03-15,38.593750,39.000000,37.343750,38.875000,20.858540,11879800
2000-03-16,39.000000,39.968750,37.937500,39.875000,21.395100,11600800
2000-03-17,39.656250,39.843750,38.500000,38.562500,20.690874,14929200
2000-03-20,38.093750,38.656250,37.156250,37.437500,20.087244,10685600
2000-03-21,37.875000,38.875000,37.812500,38.500000,20.657337,10880600
2000-03-22,38.500000,38.500000,37.218750,37.468750,20.104021,14253200
2000-03-23,37.312500,38.031250,37.156250,37.750000,20.254917,10115600
2000-03-24,37.875000,38.781250,37.812500,38.625000,20.724405,8804400
2000-03-27,38.625000,39.093750,37.875000,38.257813,20.527390,9663000
2000-03-28,37.812500,39.500000,37.812500,39.500000,21.193890,8269600
2000-03-29,39.093750,40.968750,38.875000,40.250000,21.596313,20753600
2000-03-30,40.718750,40.906250,38.843750,39.312500,21.093290,13274200
2000-03-31,39.437500,39.968750,38.906250,39.000000,20.925604,12599600
2000-04-03,38.875000,40.375000,38.843750,40.250000,21.596313,9955600
2000-04-04,39.968750,41.437500,39.968750,41.250000,22.132870,16389200
2000-04-05,41.000000,41.562500,39.750000,39.875000,21.395100,13026800
2000-04-06,40.281250,41.000000,40.031250,40.875000,21.931656,8265200
2000-04-07,40.500000,40.687500,39.531250,39.781250,21.344795,7825600
2000-04-10,39.500000,39.812500,39.062500,39.125000,20.992676,9092400
2000-04-11,39.468750,40.468750,39.343750,39.687500,21.294495,10666400
2000-04-12,40.000000,40.750000,39.843750,39.968750,21.445400,8594400
2000-04-13,39.968750,40.500000,39.406250,40.000000,21.462164,8909400
2000-04-14,39.906250,40.875000,39.000000,39.375000,21.126818,11848200
2000-04-17,39.312500,39.687500,37.562500,37.750000,20.254917,16206400
2000-04-18,38.000000,38.406250,37.500000,38.093750,20.439363,12060000
2000-04-19,38.125000,39.218750,38.000000,38.718750,20.774704,12100000
2000-04-20,38.718750,39.500000,38.531250,39.500000,21.193890,8058000
2000-04-24,39.312500,40.500000,38.593750,39.937500,21.428640,8909200
2000-04-25,40.125000,40.750000,40.062500,40.500000,21.730444,11704600
2000-04-26,40.500000,40.500000,39.656250,40.062500,21.495701,8418000
2000-04-27,39.812500,40.468750,39.312500,40.343750,21.646612,9662200
2000-04-28,40.218750,40.218750,38.843750,38.843750,20.841780,9728400
2000-05-01,39.156250,39.531250,38.843750,39.000000,20.925604,8859400
2000-05-02,39.093750,39.781250,39.000000,39.125000,20.992676,8087200
2000-05-03,39.187500,39.218750,38.500000,38.750000,20.791477,7065200
2000-05-04,39.000000,39.843750,38.906250,39.750000,21.328033,10089400
2000-05-05,39.375000,40.000000,39.343750,40.000000,21.462164,7078400
2000-05-08,39.937500,40.375000,39.687500,40.218750,21.579542,7376600
2000-05-09,40.250000,40.437500,39.375000,39.718750,21.311268,8383600
2000-05-10,39.843750,41.062500,39.812500,40.750000,21.864584,11366400
2000-05-11,40.906250,41.687500,40.750000,41.468750,22.371004,10974400
2000-05-12,41.218750,41.343750,40.843750,41.015625,22.126553,7968600
2000-05-15,40.968750,41.937500,40.875000,41.812500,22.556450,8905800
2000-05-16,41.625000,41.843750,41.125000,41.625000,22.455303,8719000
2000-05-17,41.000000,41.250000,40.250000,40.687500,21.949547,11096200
2000-05-18,40.750000,41.187500,40.468750,40.726563,21.970621,7159000
2000-05-19,40.093750,41.062500,39.968750,40.875000,22.050705,8433000
2000-05-22,41.187500,41.968750,41.125000,41.656250,22.472149,9678000
2000-05-23,41.718750,41.781250,40.812500,41.500000,22.387856,8577400
2000-05-24,41.406250,41.718750,41.031250,41.468750,22.371004,9207800
2000-05-25,41.187500,41.281250,40.343750,40.718750,21.966406,8616200
2000-05-26,40.843750,41.562500,40.781250,41.187500,22.219282,5940200
2000-05-30,41.000000,41.812500,40.906250,41.750000,22.522738,10202600
2000-05-31,41.500000,41.937500,41.156250,41.656250,22.472149,9847400
2000-06-01,41.781250,41.781250,40.437500,41.468750,22.371004,11889800
2000-06-02,40.531250,40.968750,39.312500,39.593750,21.359509,18607400
2000-06-05,39.500000,39.875000,39.500000,39.656250,21.393213,8654600
2000-06-06,39.500000,41.250000,39.375000,41.156250,22.202423,12141000
2000-06-07,41.000000,41.218750,40.437500,40.562500,21.882118,9557800
2000-06-08,40.062500,40.312500,39.968750,40.031250,21.595522,10672600
2000-06-09,40.000000,40.281250,39.562500,39.593750,21.359509,9388000
2000-06-12,39.937500,40.843750,39.937500,40.375000,21.780960,11281200
2000-06-13,40.625000,41.000000,40.500000,40.593750,21.898975,7572800
2000-06-14,40.968750,41.875000,40.875000,41.312500,22.286713,11066400
2000-06-15,41.250000,41.750000,40.875000,41.218750,22.236143,11316600
2000-06-16,41.312500,42.187500,41.312500,42.187500,22.758759,19652200
2000-06-19,41.968750,42.125000,41.250000,42.031250,22.674450,9028800
2000-06-20,41.250000,41.687500,40.875000,41.625000,22.455303,8802400
2000-06-21,41.000000,42.218750,40.906250,41.976563,22.644964,9380800
2000-06-22,42.187500,42.375000,41.000000,41.343750,22.303574,9388800
2000-06-23,41.687500,41.875000,41.343750,41.562500,22.421585,5766200
2000-06-26,41.625000,42.093750,41.375000,41.679688,22.484802,6336400
2000-06-27,41.718750,41.812500,40.968750,41.031250,22.134993,8157400
2000-06-28,41.031250,41.312500,40.781250,41.062500,22.151855,7350000
2000-06-29,40.781250,41.000000,40.500000,40.601563,21.903200,9433000
2000-06-30,40.343750,40.468750,38.843750,39.250000,21.174059,19917400
2000-07-03,39.406250,39.875000,39.375000,39.773438,21.456440,8588800
2000-07-05,39.468750,39.468750,38.281250,38.468750,20.752607,13742200
2000-07-06,38.875000,39.687500,38.781250,39.093750,21.089769,10957400
2000-07-07,39.312500,39.687500,39.000000,39.257813,21.178280,9278200
2000-07-10,39.250000,39.593750,39.000000,39.062500,21.072914,6433000
2000-07-11,39.062500,40.375000,39.062500,40.281250,21.730387,8869800
2000-07-12,40.156250,40.250000,39.304688,39.304688,21.203571,7552400
2000-07-13,39.250000,39.312500,38.687500,39.000000,21.039200,7903800
2000-07-14,38.718750,38.937500,38.218750,38.781250,20.921188,9968400
2000-07-17,39.968750,39.968750,38.875000,39.375000,21.241497,10937800
2000-07-18,39.031250,39.468750,38.750000,39.093750,21.089769,12308800
2000-07-19,39.312500,39.656250,39.062500,39.343750,21.224644,8619600
2000-07-20,39.281250,39.750000,39.000000,39.062500,21.072914,7792600
2000-07-21,39.343750,39.375000,38.437500,38.562500,20.803181,8356400
2000-07-24,38.500000,38.656250,37.937500,38.625000,20.836899,8316000
2000-07-25,38.500000,38.750000,37.562500,37.687500,20.331144,11011400
2000-07-26,38.156250,38.437500,37.875000,38.093750,20.550308,17256400
2000-07-27,38.500000,40.500000,38.500000,40.250000,21.713539,16787800
2000-07-28,40.031250,40.468750,39.812500,40.000000,21.578657,7987200
2000-07-31,40.031250,40.562500,39.593750,40.093750,21.629244,11640600
2000-08-01,40.468750,40.781250,39.875000,40.000000,21.578657,12354600
2000-08-02,40.718750,41.562500,40.625000,41.437500,22.354145,16508800
2000-08-03,41.375000,41.781250,40.500000,40.718750,21.966406,9905800
2000-08-04,40.625000,41.062500,39.968750,40.851563,22.038061,8025400
2000-08-07,40.437500,40.718750,40.343750,40.445313,21.818907,7346600
2000-08-08,40.437500,40.593750,40.187500,40.398438,21.793610,6273800
2000-08-09,40.812500,41.125000,40.531250,40.531250,21.865252,9477200
2000-08-10,40.500000,41.031250,40.500000,40.500000,21.967636,7043400
2000-08-11,41.218750,41.218750,40.562500,40.687500,22.069336,6114400
2000-08-14,41.093750,41.500000,40.781250,41.281250,22.391394,6543400
2000-08-15,41.500000,41.687500,40.625000,40.656250,22.052395,7165800
2000-08-16,40.843750,41.382813,40.812500,41.382813,22.446487,7294600
2000-08-17,41.375000,42.000000,41.375000,41.906250,22.730404,8351400
2000-08-18,41.593750,41.843750,41.125000,41.460938,22.488850,8297800
2000-08-21,41.500000,41.875000,41.375000,41.750000,22.645645,5152000
2000-08-22,41.906250,42.000000,41.500000,41.562500,22.543951,6467200
2000-08-23,41.875000,42.375000,41.875000,42.250000,22.916855,9290600
2000-08-24,41.687500,41.687500,41.250000,41.468750,22.493097,11205000
2000-08-25,41.500000,41.843750,41.218750,41.468750,22.493097,6401800
2000-08-28,41.343750,41.906250,41.281250,41.406250,22.459198,5888000
2000-08-29,41.406250,41.500000,41.125000,41.257813,22.378677,6416800
2000-08-30,41.156250,41.187500,40.593750,40.679688,22.065081,7704000
2000-08-31,40.875000,41.125000,40.687500,40.820313,22.141376,7730800
2000-09-01,41.000000,41.437500,40.875000,41.250000,22.374453,8084800
2000-09-05,41.562500,41.750000,41.281250,41.687500,22.611753,11928200
2000-09-06,41.781250,42.031250,41.500000,41.500000,22.510035,11893200
2000-09-07,41.750000,42.093750,41.750000,41.875000,22.713463,7297400
2000-09-08,41.531250,41.750000,41.125000,41.750000,22.645645,9289800
2000-09-11,41.750000,42.750000,41.718750,42.492188,23.048223,14298600
2000-09-12,42.875000,43.218750,42.375000,42.875000,23.255863,15139400
2000-09-13,42.906250,42.906250,42.625000,42.906250,23.272820,10436800
2000-09-14,42.781250,42.843750,42.406250,42.632813,23.124487,8708800
2000-09-15,43.437500,44.937500,43.312500,44.000000,23.866083,24841200
2000-09-18,44.562500,45.375000,44.500000,44.820313,24.311016,17314600
2000-09-19,44.531250,44.625000,43.937500,44.000000,23.866083,12280600
2000-09-20,44.093750,44.718750,43.218750,43.250000,23.459261,17358800
2000-09-21,43.125000,43.437500,42.781250,43.156250,23.408417,15926600
2000-09-22,43.156250,43.375000,42.437500,43.250000,23.459261,18019600
2000-09-25,42.937500,43.031250,42.156250,42.929688,23.285534,16944000
2000-09-26,43.000000,43.906250,43.000000,43.312500,23.493168,11535000
2000-09-27,43.375000,44.750000,43.343750,44.625000,24.205090,11929400
2000-09-28,44.656250,44.937500,44.281250,44.570313,24.175409,17244400
2000-09-29,44.812500,44.968750,44.500000,44.554688,24.166929,12960400
2000-10-02,44.687500,45.843750,44.687500,45.718750,24.798344,12705000
2000-10-03,45.468750,45.812500,45.250000,45.406250,24.628828,10045000
2000-10-04,45.093750,45.156250,44.375000,44.625000,24.205090,13748600
2000-10-05,44.312500,44.875000,43.968750,44.593750,24.188129,11162600
2000-10-06,44.968750,45.656250,44.531250,44.718750,24.255928,10405600
2000-10-09,44.718750,45.781250,44.625000,45.562500,24.713585,10663800
2000-10-10,45.843750,46.906250,45.750000,46.656250,25.306868,14807800
2000-10-11,46.968750,47.718750,46.687500,46.875000,25.425503,20725800
2000-10-12,46.500000,47.437500,46.468750,47.062500,25.527206,19561000
2000-10-13,46.593750,46.718750,44.781250,45.250000,24.544085,17011200
2000-10-16,45.250000,45.250000,43.718750,43.906250,23.815224,13969400
2000-10-17,44.437500,44.875000,43.656250,43.906250,23.815224,12933000
2000-10-18,44.500000,44.843750,43.218750,43.281250,23.476213,12507200
2000-10-19,43.187500,44.093750,42.906250,43.250000,23.459261,12546200
2000-10-20,43.156250,44.218750,43.156250,44.218750,23.984735,10662800
2000-10-23,44.187500,44.593750,43.562500,44.531250,24.154222,11157400
2000-10-24,45.000000,45.125000,43.250000,43.375000,23.527065,12749800
2000-10-25,44.250000,44.250000,43.500000,43.593750,23.645720,10830400
2000-10-26,44.093750,44.468750,43.781250,43.875000,23.798288,10378000
2000-10-27,43.250000,43.843750,43.125000,43.781250,23.747414,7943000
2000-10-30,43.781250,44.906250,43.781250,44.718750,24.255928,10710000
2000-10-31,44.718750,44.937500,43.781250,44.593750,24.188129,10070000
2000-11-01,44.968750,46.031250,44.968750,46.031250,24.967840,14385000
2000-11-02,45.468750,45.500000,44.062500,44.093750,23.916924,14968600
2000-11-03,44.000000,44.468750,43.687500,43.750000,23.730461,10272200
2000-11-06,43.875000,44.593750,43.406250,44.343750,24.052528,9351000
2000-11-07,44.468750,45.187500,44.312500,44.500000,24.137272,8632600
2000-11-08,44.500000,45.531250,44.500000,45.343750,24.594940,10074000
2000-11-09,45.437500,45.625000,44.093750,44.937500,24.493427,10646400
2000-11-10,44.937500,45.343750,44.781250,44.781250,24.408262,7998000
2000-11-13,44.812500,45.593750,44.156250,44.968750,24.510452,9167400
2000-11-14,44.875000,45.343750,44.625000,44.937500,24.493427,8370600
2000-11-15,45.375000,45.687500,44.937500,45.187500,24.629692,8934800
2000-11-16,45.156250,45.843750,44.968750,45.343750,24.714846,8971400
2000-11-17,45.343750,45.500000,44.906250,45.156250,24.612661,9948000
2000-11-20,45.281250,45.968750,45.281250,45.687500,24.902216,7809200
2000-11-21,45.593750,47.187500,45.593750,46.562500,25.379135,12768000
2000-11-22,46.250000,47.187500,46.062500,47.125000,25.685736,11543400
2000-11-24,47.031250,47.343750,46.968750,47.218750,25.736828,5131800
2000-11-27,46.750000,47.000000,46.375000,46.562500,25.379135,9067200
2000-11-28,46.281250,47.156250,46.156250,46.531250,25.362095,10078200
2000-11-29,46.093750,46.093750,44.343750,44.468750,24.237926,16306000
2000-11-30,44.750000,45.000000,43.281250,44.000000,23.982445,14645600
2000-12-01,43.968750,44.718750,43.968750,44.406250,24.203857,12051800
2000-12-04,44.406250,45.500000,44.375000,45.343750,24.714846,8971400
2000-12-05,45.125000,45.687500,43.875000,44.187500,24.084631,11625600
2000-12-06,43.562500,44.000000,42.843750,43.125000,23.505518,17449000
2000-12-07,43.250000,44.625000,43.250000,44.000000,23.982445,12825200
2000-12-08,44.031250,44.656250,43.406250,44.250000,24.118692,10086000
2000-12-11,44.281250,44.343750,42.812500,42.875000,23.369244,14654000
2000-12-12,43.593750,43.687500,42.968750,43.281250,23.590670,11527800
2000-12-13,43.375000,44.156250,43.375000,43.843750,23.897268,11973200
2000-12-14,43.375000,43.593750,42.562500,42.750000,23.301119,14218400
2000-12-15,42.250000,43.250000,42.062500,42.062500,22.926390,26030000
2000-12-18,42.125000,43.437500,42.031250,43.187500,23.539566,12784200
2000-12-19,43.062500,44.250000,43.062500,43.593750,23.761009,12678600
2000-12-20,43.625000,43.750000,42.562500,42.593750,23.215948,11915200
2000-12-21,42.500000,43.375000,42.375000,42.375000,23.096718,12695400
2000-12-22,42.437500,43.468750,42.312500,43.406250,23.658802,8543200
2000-12-26,43.406250,44.406250,43.406250,44.281250,24.135738,5580600
2000-12-27,44.406250,44.656250,43.593750,43.875000,23.914316,10437800
2000-12-28,43.812500,43.875000,43.312500,43.437500,23.675838,10854600
2000-12-29,43.500000,44.000000,43.000000,43.468750,23.692884,9564000
2001-01-02,43.343750,44.687500,43.250000,44.562500,24.289024,13101200
2001-01-03,44.562500,44.875000,42.625000,42.625000,23.232979,20818000
2001-01-04,42.812500,42.875000,40.968750,41.437500,22.585728,24566800
2001-01-05,41.437500,42.531250,41.406250,41.625000,22.687933,18777800
2001-01-08,41.750000,42.093750,41.375000,41.437500,22.585728,11058800
2001-01-09,41.312500,41.312500,40.718750,41.000000,22.347263,11523600
2001-01-10,41.125000,41.218750,40.218750,40.500000,22.074738,20620600
2001-01-11,40.812500,41.437500,40.687500,40.875000,22.279142,10989200
2001-01-12,40.875000,41.500000,40.468750,41.406250,22.568699,11894600
2001-01-16,40.937500,41.218750,40.281250,40.906250,22.296175,15606600
2001-01-17,40.531250,40.718750,39.812500,40.125000,21.870342,14723400
2001-01-18,40.281250,40.312500,39.500000,39.562500,21.563749,17205000
2001-01-19,39.437500,39.937500,39.343750,39.718750,21.648918,20292200
2001-01-22,39.875000,40.312500,39.625000,40.125000,21.870342,13861600
2001-01-23,40.250000,40.968750,40.062500,40.906250,22.296175,11131600
2001-01-24,41.125000,41.250000,40.500000,40.812500,22.245071,12859800
2001-01-25,41.156250,41.406250,41.000000,41.250000,22.483528,13595000
2001-01-26,41.250000,41.281250,40.343750,40.500000,22.074738,11860000
2001-01-29,40.025002,40.599998,39.845001,40.099998,21.856720,10545800
2001-01-30,40.750000,41.224998,40.099998,40.990002,22.341812,9700400
2001-01-31,41.375000,42.189999,41.375000,42.075001,22.933199,17017600
2001-02-01,42.075001,42.075001,41.400002,41.744999,22.753336,9116600
2001-02-02,41.900002,42.250000,41.450001,41.494999,22.617069,10397600
2001-02-05,41.625000,42.549999,41.625000,42.400002,23.110338,10757400
2001-02-06,42.474998,42.480000,41.799999,42.169998,22.984978,10953000
2001-02-07,42.250000,42.575001,41.904999,42.180000,23.110998,11624800
2001-02-08,42.375000,42.700001,42.000000,42.250000,23.393379,9898800
2001-02-09,42.375000,43.325001,42.375000,42.930000,23.769894,10768000
2001-02-12,42.930000,43.125000,42.685001,42.880001,23.742210,8320200
2001-02-13,42.474998,42.674999,42.200001,42.395000,23.473656,9300800
2001-02-14,41.974998,42.474998,41.750000,41.965000,23.235582,13480200
2001-02-15,41.599998,41.700001,40.775002,41.250000,22.839703,13022400
2001-02-16,41.599998,42.369999,41.500000,42.009998,23.260489,13480000
2001-02-20,41.799999,42.195000,41.325001,41.900002,23.199589,7721600
2001-02-21,42.400002,42.599998,41.750000,41.759998,23.122076,8660400
2001-02-22,42.000000,42.250000,41.750000,42.105000,23.313099,9965000
2001-02-23,42.000000,42.105000,41.380001,41.750000,23.116535,10157800
2001-02-26,41.424999,42.000000,41.325001,41.900002,23.199589,9690400
2001-02-27,41.950001,42.049999,40.950001,41.150002,22.784311,13944600
2001-02-28,41.250000,41.480000,40.450001,40.525002,22.438267,11591200
2001-03-01,40.400002,41.250000,40.384998,40.700001,22.535164,12507400
2001-03-02,41.349998,41.935001,41.090000,41.605000,23.036253,10093800
2001-03-05,41.474998,42.200001,41.435001,41.924999,23.213434,10030200
2001-03-06,42.049999,42.150002,41.599998,41.799999,23.144220,9572400
2001-03-07,42.049999,42.174999,41.705002,42.105000,23.313099,10331400
2001-03-08,42.105000,42.924999,42.005001,42.924999,23.767126,11167600
2001-03-09,42.799999,43.244999,42.630001,42.994999,23.805885,10905800
2001-03-12,42.994999,42.994999,41.875000,41.880001,23.188515,11102000
2001-03-13,41.599998,41.764999,41.240002,41.650002,23.061167,11603600
2001-03-14,41.150002,41.500000,40.974998,41.320000,22.878454,11598800
2001-03-15,41.875000,41.875000,40.724998,41.474998,22.964266,13140200
2001-03-16,40.924999,41.450001,40.840000,40.849998,22.618206,21222200
2001-03-19,40.700001,41.419998,40.625000,40.630001,22.496407,11753000
2001-03-20,40.650002,41.334999,40.305000,40.330002,22.330296,11128800
2001-03-21,40.215000,40.619999,39.790001,39.904999,22.094976,11964800
2001-03-22,39.875000,40.025002,37.599998,38.849998,21.510836,18738000
2001-03-23,38.375000,38.974998,38.255001,38.450001,21.289356,17656800
2001-03-26,38.994999,39.369999,38.895000,39.125000,21.663101,14797200
2001-03-27,39.650002,40.549999,39.535000,40.320000,22.324755,14715800
2001-03-28,39.849998,40.000000,38.900002,39.325001,21.773838,11226800
2001-03-29,38.950001,39.349998,38.700001,39.145000,21.674173,9389000
2001-03-30,39.525002,40.500000,39.500000,40.500000,22.424425,13186600
2001-04-02,40.500000,40.650002,39.529999,39.799999,22.036840,13300400
2001-04-03,39.650002,39.724998,38.500000,38.950001,21.566204,14200800
2001-04-04,38.950001,39.860001,38.915001,39.349998,21.787683,11742600
2001-04-05,39.950001,40.494999,39.650002,40.465000,22.405041,11078400
2001-04-06,40.500000,41.049999,39.549999,41.049999,22.728949,12139000
2001-04-09,41.049999,41.520000,40.959999,41.255001,22.842464,11913800
2001-04-10,41.750000,42.244999,41.500000,42.000000,23.254959,12221600
2001-04-11,41.525002,41.599998,40.799999,40.970001,22.684650,14246800
2001-04-12,40.974998,41.430000,40.755001,41.000000,22.701267,10998400
2001-04-16,41.060001,42.290001,41.060001,42.275002,23.407225,11912600
2001-04-17,41.750000,42.395000,41.750000,42.355000,23.451521,14030600
2001-04-18,42.349998,42.705002,41.855000,42.564999,23.567799,16537800
2001-04-19,42.275002,42.599998,41.845001,42.224998,23.379547,13994000
2001-04-20,42.150002,42.695000,42.150002,42.584999,23.578867,12165800
2001-04-23,42.974998,44.014999,42.950001,44.000000,24.362345,16205800
2001-04-24,44.000000,44.500000,43.599998,43.744999,24.221148,14400800
2001-04-25,44.000000,44.915001,43.849998,44.544998,24.664095,15461200
2001-04-26,44.650002,44.775002,44.275002,44.424999,24.597645,13923000
2001-04-27,44.549999,44.630001,44.099998,44.529999,24.655800,9939800
2001-04-30,44.450001,44.939999,44.275002,44.299999,24.528437,15066600
2001-05-01,44.400002,44.520000,44.075001,44.400002,24.583820,9711600
2001-05-02,43.825001,43.830002,43.130001,43.250000,23.947069,16951600
2001-05-03,43.250000,43.400002,42.724998,43.049999,23.836336,13183800
2001-05-04,43.055000,43.895000,43.055000,43.775002,24.237759,9690000
2001-05-07,43.775002,44.410000,43.625000,44.095001,24.414946,10081400
2001-05-08,44.049999,44.575001,43.799999,44.369999,24.567204,11055000
2001-05-09,44.549999,44.875000,44.445000,44.860001,24.838509,10886200
2001-05-10,44.650002,44.689999,44.014999,44.049999,24.510227,10117200
2001-05-11,44.049999,44.049999,43.325001,43.820000,24.382259,8956400
2001-05-14,44.099998,44.720001,44.049999,44.529999,24.777315,9779400
2001-05-15,44.529999,44.770000,44.325001,44.724998,24.885817,9016800
2001-05-16,44.724998,45.000000,44.520000,44.750000,24.899719,16337000
2001-05-17,44.575001,44.580002,44.134998,44.365002,24.685497,11597600
2001-05-18,44.474998,45.125000,44.400002,45.099998,25.094467,14289200
2001-05-21,45.224998,45.325001,44.360001,44.375000,24.691057,12277800
2001-05-22,44.400002,44.509998,44.240002,44.404999,24.707756,11800600
2001-05-23,44.404999,44.404999,43.490002,43.634998,24.279310,12371000
2001-05-24,43.924999,44.080002,43.650002,43.965000,24.462925,8676800
2001-05-25,43.865002,44.340000,43.855000,44.049999,24.510227,9276600
2001-05-29,44.450001,44.610001,43.900002,43.900002,24.426756,12247200
2001-05-30,44.200001,45.000000,43.994999,44.435001,24.724447,16315800
2001-05-31,44.150002,44.669998,44.150002,44.375000,24.691057,11855800
2001-06-01,44.500000,44.549999,44.084999,44.474998,24.746698,7832400
2001-06-04,44.900002,45.424999,44.855000,45.415001,25.269735,9830600
2001-06-05,45.415001,45.834999,44.915001,45.775002,25.470060,12484800
2001-06-06,45.275002,45.375000,44.610001,44.700001,24.871887,15883600
2001-06-07,44.825001,44.990002,44.474998,44.590000,24.810690,12797600
2001-06-08,44.500000,44.759998,44.195000,44.695000,24.869112,8796400
2001-06-11,44.750000,45.250000,44.650002,44.849998,24.955351,10153000
2001-06-12,45.240002,45.240002,44.705002,45.060001,25.072206,10999400
2001-06-13,45.185001,45.360001,44.750000,44.990002,25.033260,8818600
2001-06-14,44.500000,44.900002,44.275002,44.424999,24.718880,9028000
2001-06-15,44.400002,45.139999,44.375000,44.450001,24.732792,22961200
2001-06-18,44.610001,44.610001,44.160000,44.250000,24.627039,9187600
2001-06-19,44.375000,44.439999,44.025002,44.185001,24.590874,8804800
2001-06-20,43.950001,44.575001,43.849998,43.865002,24.412786,12691800
2001-06-21,43.849998,44.205002,43.355000,44.205002,24.602001,14991800
2001-06-22,44.250000,44.509998,43.924999,44.455002,24.741144,11417800
2001-06-25,44.009998,44.564999,44.009998,44.259998,24.632612,10308200
2001-06-26,44.200001,44.500000,44.189999,44.279999,24.643738,10318400
2001-06-27,44.025002,44.075001,43.605000,43.610001,24.270853,11581600
2001-06-28,43.174999,43.514999,43.080002,43.410000,24.159548,15586800
2001-06-29,43.410000,43.955002,43.275002,43.674999,24.307037,15372000
2001-07-02,44.125000,44.400002,43.724998,43.849998,24.404430,11477400
2001-07-03,43.825001,43.825001,43.430000,43.669998,24.304245,6655000
2001-07-05,43.750000,44.095001,43.430000,43.500000,24.209648,10128400
2001-07-06,43.799999,43.900002,43.150002,43.400002,24.153992,9679400
2001-07-09,43.525002,43.525002,43.090000,43.360001,24.131725,9224600
2001-07-10,43.250000,43.314999,42.875000,42.880001,23.864590,10404600
2001-07-11,42.750000,42.880001,42.025002,42.474998,23.639179,13727600
2001-07-12,42.075001,42.959999,42.049999,42.724998,23.778316,9642400
2001-07-13,42.724998,43.490002,42.665001,42.990002,23.925808,9135800
2001-07-16,43.075001,43.494999,42.779999,42.994999,23.928591,9728200
2001-07-17,43.110001,43.294998,42.474998,42.650002,23.736565,11735400
2001-07-18,42.250000,42.375000,41.724998,42.125000,23.444393,18791200
2001-07-19,43.200001,43.549999,42.599998,43.080002,23.975895,11467400
2001-07-20,43.150002,43.599998,43.150002,43.360001,24.131725,11197100
2001-07-23,43.500000,43.720001,42.150002,42.500000,23.653103,9599700
2001-07-24,42.480000,42.480000,40.520000,40.970001,22.801586,14718900
2001-07-25,41.400002,42.400002,41.150002,42.130001,23.447178,11584800
2001-07-26,41.299999,42.750000,41.290001,42.720001,23.775541,10422700
2001-07-27,42.549999,42.950001,41.860001,42.730000,23.781109,8373800
2001-07-30,42.400002,42.700001,42.160000,42.410000,23.603008,6948900
2001-07-31,42.200001,42.889999,41.750000,41.759998,23.241257,11069300
2001-08-01,42.450001,42.490002,41.509998,41.599998,23.152199,8070600
2001-08-02,41.520000,41.900002,41.389999,41.730000,23.224556,8630400
2001-08-03,41.900002,41.919998,40.799999,41.259998,22.962980,8845300
2001-08-06,41.259998,41.349998,40.730000,40.849998,22.734791,8385200
2001-08-07,41.000000,41.400002,40.880001,41.380001,23.029774,8982400
2001-08-08,41.750000,41.950001,40.990002,41.250000,22.957422,9474300
2001-08-09,40.799999,41.240002,40.599998,40.950001,22.918232,8303300
2001-08-10,41.299999,41.799999,40.750000,41.349998,23.142115,8975300
2001-08-13,41.400002,41.790001,41.259998,41.400002,23.170088,6982100
2001-08-14,41.459999,41.700001,40.820000,41.150002,23.030167,8049700
2001-08-15,41.500000,41.849998,41.000000,41.500000,23.226049,9303000
2001-08-16,41.349998,41.639999,40.860001,41.290001,23.108519,7555000
2001-08-17,41.290001,41.290001,40.180000,40.470001,22.649605,8613200
2001-08-20,40.419998,40.869999,40.349998,40.750000,22.806309,9529300
2001-08-21,40.849998,41.000000,40.049999,40.389999,22.604826,7801500
2001-08-22,40.849998,41.250000,40.619999,40.709999,22.783926,9659400
2001-08-23,40.509998,41.240002,40.509998,40.889999,22.884663,7192000
2001-08-24,41.139999,41.700001,40.720001,41.700001,23.337982,6682200
2001-08-27,41.700001,41.770000,41.000000,41.049999,22.974201,6147100
2001-08-28,41.099998,41.230000,40.500000,40.509998,22.671988,6595400
2001-08-29,40.970001,41.169998,40.380001,40.380001,22.599236,8114500
2001-08-30,40.790001,41.259998,40.150002,40.150002,22.470518,10675800
2001-08-31,40.470001,40.889999,40.110001,40.150002,22.470518,7608200
2001-09-04,40.599998,41.349998,40.509998,40.750000,22.806309,9245400
2001-09-05,40.849998,41.299999,40.099998,41.220001,23.069351,9563600
2001-09-06,41.189999,41.500000,40.599998,40.900002,22.890257,10297800
2001-09-07,40.480000,41.290001,40.349998,40.900002,22.890257,10107800
2001-09-10,40.700001,41.349998,40.400002,41.240002,23.080545,10776100
2001-09-17,41.240002,41.450001,39.770000,40.150002,22.470518,16657100
2001-09-18,40.150002,40.250000,39.020000,39.480000,22.095533,10088000
2001-09-19,39.480000,39.490002,36.130001,38.410000,21.496696,15398700
2001-09-20,37.450001,37.750000,36.799999,37.020000,20.718758,12957600
2001-09-21,35.500000,37.049999,35.009998,35.830002,20.052763,21352100
2001-09-24,36.000000,36.849998,35.400002,35.860001,20.069555,14025500
2001-09-25,35.610001,36.299999,35.250000,36.279999,20.304598,15554700
2001-09-26,36.750000,36.950001,35.779999,36.009998,20.153500,11499000
2001-09-27,36.700001,38.549999,36.500000,38.419998,21.502283,13313100
2001-09-28,39.500000,39.599998,38.900002,39.400002,22.050766,14064200
2001-10-01,39.250000,39.750000,38.049999,39.090000,21.877266,10035100
2001-10-02,39.080002,39.990002,38.599998,39.990002,22.380960,10912800
2001-10-03,39.599998,40.049999,39.000000,39.840000,22.297024,12929300
2001-10-04,39.700001,41.290001,39.660000,40.580002,22.711161,12016200
2001-10-05,41.150002,41.290001,39.959999,40.689999,22.772736,11435000
2001-10-08,40.389999,41.259998,40.020000,40.939999,22.912645,8799500
2001-10-09,41.200001,41.250000,40.380001,41.060001,22.979801,7209300
2001-10-10,41.060001,42.490002,40.900002,42.279999,23.662600,10453500
2001-10-11,42.279999,42.700001,41.770000,42.090000,23.556265,10752400
2001-10-12,42.090000,42.540001,41.509998,42.290001,23.668194,11408000
2001-10-15,41.950001,42.189999,41.410000,41.650002,23.310015,6662000
2001-10-16,41.660000,42.000000,41.320000,41.750000,23.365980,6859800
2001-10-17,41.799999,42.349998,41.419998,41.439999,23.192478,8573900
2001-10-18,40.799999,41.259998,40.160000,40.400002,22.610424,9571200
2001-10-19,40.290001,40.900002,39.610001,40.540001,22.688789,11638600
2001-10-22,40.490002,41.340000,40.200001,41.119999,23.013384,7325300
2001-10-23,40.680000,41.520000,40.459999,40.869999,22.873466,9007100
2001-10-24,40.500000,40.540001,39.779999,39.860001,22.308203,12944800
2001-10-25,39.299999,40.590000,39.299999,40.560001,22.699972,10624700
2001-10-26,40.400002,41.200001,40.299999,41.060001,22.979801,7607600
2001-10-29,40.630001,40.990002,40.480000,40.680000,22.767132,7502300
2001-10-30,39.750000,40.070000,39.270000,39.459999,22.084339,10704400
2001-10-31,39.459999,40.389999,39.349998,39.450001,22.078751,10031200
2001-11-01,39.450001,40.529999,39.049999,40.490002,22.660799,9657100
2001-11-02,39.799999,39.930000,39.369999,39.759998,22.252245,6733400
2001-11-05,40.000000,40.090000,39.000000,39.389999,22.045170,11013900
2001-11-06,38.849998,39.490002,38.259998,39.470001,22.089939,11956600
2001-11-07,39.000000,39.529999,38.650002,39.080002,21.999861,10909200
2001-11-08,39.279999,39.639999,39.150002,39.500000,22.236309,10376400
2001-11-09,39.900002,40.400002,39.810001,40.250000,22.658516,7886400
2001-11-12,39.400002,40.209999,39.400002,40.060001,22.551558,6826800
2001-11-13,40.020000,40.580002,39.900002,40.500000,22.799253,8589200
2001-11-14,39.900002,40.340000,38.419998,38.700001,21.785952,17174900
2001-11-15,38.099998,38.110001,36.790001,37.189999,20.935904,23268200
2001-11-16,37.310001,37.610001,36.930000,37.540001,21.132933,19030100
2001-11-19,37.400002,37.500000,36.759998,37.009998,20.834572,14306300
2001-11-20,37.970001,38.439999,37.599998,37.959999,21.369366,14734800
2001-11-21,38.299999,38.700001,37.799999,37.880001,21.324331,8165400
2001-11-23,37.750000,38.650002,37.410000,38.439999,21.639578,4286300
2001-11-26,38.049999,38.250000,37.349998,37.770000,21.262415,9741300
2001-11-27,37.520000,37.930000,37.000000,37.349998,21.025976,17340600
2001-11-28,37.150002,37.430000,36.810001,37.099998,20.885239,9617900
2001-11-29,37.349998,37.689999,37.110001,37.450001,21.082273,8727500
2001-11-30,37.630001,37.700001,37.189999,37.400002,21.054113,11246000
2001-12-03,37.400002,38.200001,37.040001,37.660000,21.200493,14895900
2001-12-04,38.000000,38.369999,37.599998,38.310001,21.566399,10647200
2001-12-05,38.849998,38.950001,38.500000,38.880001,21.887285,16500300
2001-12-06,38.750000,38.750000,37.299999,37.330002,21.014711,15664100
2001-12-07,37.500000,38.250000,37.299999,38.070000,21.431299,9949200
2001-12-10,38.070000,38.090000,37.509998,37.549999,21.138561,9827200
2001-12-11,37.669998,38.049999,36.750000,36.810001,20.721989,12167800
2001-12-12,37.150002,37.540001,36.910000,37.419998,21.065378,10129100
2001-12-13,37.599998,37.599998,36.410000,36.439999,20.513700,15932100
2001-12-14,36.639999,37.200001,36.520000,36.860001,20.750134,11362400
2001-12-17,36.799999,37.520000,36.540001,37.470001,21.093531,12363700
2001-12-18,37.580002,37.750000,37.410000,37.549999,21.138561,10264600
2001-12-19,37.549999,38.500000,37.410000,38.349998,21.588915,13299900
2001-12-20,38.549999,38.759998,38.139999,38.299999,21.560776,12066500
2001-12-21,38.599998,39.470001,38.500000,38.500000,21.673357,25322600
2001-12-24,38.849998,39.450001,38.820000,39.000000,21.954834,4913700
2001-12-26,39.150002,40.299999,39.119999,39.599998,22.292608,9961800
2001-12-27,39.610001,40.139999,39.450001,39.790001,22.399557,7395400
2001-12-28,39.950001,40.099998,39.660000,39.779999,22.393929,8007800
2001-12-31,39.880001,40.000000,39.160000,39.299999,22.123726,8730500
2002-01-02,39.299999,39.599998,38.900002,39.599998,22.292608,11261900
2002-01-03,39.849998,39.980000,39.410000,39.660000,22.326376,10128200
2002-01-04,39.700001,40.070000,39.599998,40.000000,22.517769,8052100
2002-01-07,39.750000,40.090000,39.490002,39.650002,22.320745,9945700
2002-01-08,39.900002,39.990002,39.500000,39.700001,22.348892,8278000
2002-01-09,39.599998,39.970001,39.099998,39.240002,22.089935,10036700
2002-01-10,39.240002,39.770000,39.060001,39.389999,22.174381,7847500
2002-01-11,39.389999,39.599998,38.450001,38.500000,21.673357,9459000
2002-01-14,38.599998,39.200001,38.500000,38.639999,21.752176,10142900
2002-01-15,38.889999,39.549999,38.880001,39.299999,22.123726,9488500
2002-01-16,39.000000,39.009998,38.459999,38.500000,21.673357,8913000
2002-01-17,38.619999,39.029999,38.599998,38.639999,21.752176,7479600
2002-01-18,38.639999,38.849998,38.279999,38.400002,21.617067,10301800
2002-01-22,38.849998,39.500000,38.009998,38.020000,21.403152,7158800
2002-01-23,38.500000,39.169998,38.500000,38.900002,21.898537,9892700
2002-01-24,38.599998,38.990002,38.509998,38.799999,21.842236,10113800
2002-01-25,38.980000,39.639999,38.700001,39.160000,22.044901,8516200
2002-01-28,39.450001,39.869999,38.709999,38.959999,21.932310,8097600
2002-01-29,38.500000,38.900002,37.950001,37.950001,21.363737,11849500
2002-01-30,37.950001,38.730000,37.799999,38.689999,21.780321,11733400
2002-01-31,38.509998,39.049999,38.299999,39.049999,21.982981,11115000
2002-02-01,39.150002,39.200001,38.799999,39.000000,21.954834,9518300
2002-02-04,39.099998,39.200001,38.259998,38.349998,21.588915,10086100
2002-02-05,38.599998,38.900002,37.849998,38.330002,21.577652,10948500
2002-02-06,38.340000,38.980000,38.130001,38.919998,21.909790,10385500
2002-02-07,38.689999,38.990002,38.209999,38.299999,21.688944,9027100
2002-02-08,38.049999,38.360001,37.990002,38.290001,21.683285,8731100
2002-02-11,38.290001,38.910000,37.959999,38.500000,21.802202,8757900
2002-02-12,38.680000,38.740002,37.599998,38.400002,21.745575,7334000
2002-02-13,38.500000,38.669998,38.119999,38.639999,21.881483,10065900
2002-02-14,38.980000,39.400002,38.669998,39.000000,22.085348,10044600
2002-02-15,39.180000,39.400002,38.900002,38.900002,22.028713,10471300
2002-02-19,38.900002,39.439999,38.720001,38.770000,21.955101,9863600
2002-02-20,38.880001,38.990002,38.450001,38.990002,22.079683,7279900
2002-02-21,39.450001,39.740002,39.060001,39.150002,22.170290,12312000
2002-02-22,39.400002,40.959999,39.049999,40.720001,23.059374,17838900
2002-02-25,40.849998,41.150002,40.619999,41.000000,23.217926,11503400
2002-02-26,41.000000,41.110001,40.599998,40.720001,23.059374,10048000
2002-02-27,40.919998,41.540001,40.580002,40.919998,23.172632,13939600
2002-02-28,41.400002,41.799999,41.250000,41.299999,23.387815,12889700
2002-03-01,41.750000,42.000000,41.650002,42.000000,23.784222,12683700
2002-03-04,42.150002,42.700001,42.110001,42.650002,24.152306,11899900
2002-03-05,42.500000,42.900002,42.189999,42.500000,24.067371,10761400
2002-03-06,42.549999,43.480000,42.380001,43.209999,24.469437,14752500
2002-03-07,43.349998,43.349998,42.599998,42.889999,24.288219,11770000
2002-03-08,43.500000,43.520000,42.669998,42.910000,24.299541,10804100
2002-03-11,43.250000,43.779999,43.180000,43.490002,24.628008,12173400
2002-03-12,43.590000,44.000000,43.459999,44.000000,24.916809,12907500
2002-03-13,43.950001,44.090000,42.950001,43.119999,24.418467,14394400
2002-03-14,43.439999,43.450001,43.009998,43.240002,24.486418,8734500
2002-03-15,43.500000,43.980000,43.310001,43.610001,24.695948,16069300
2002-03-18,43.750000,43.990002,43.340000,43.740002,24.769562,8586400
2002-03-19,43.980000,43.980000,43.520000,43.799999,24.803549,8110200
2002-03-20,43.639999,43.669998,43.330002,43.529999,24.650644,8208600
2002-03-21,43.669998,43.689999,43.200001,43.529999,24.650644,7374000
2002-03-22,43.500000,43.660000,43.119999,43.470001,24.616663,9326600
2002-03-25,43.220001,43.310001,42.840000,42.849998,24.265564,9524500
2002-03-26,42.950001,43.750000,42.950001,43.740002,24.769562,11368000
2002-03-27,43.580002,44.150002,43.580002,43.950001,24.888477,11202200
2002-03-28,44.049999,44.290001,43.709999,43.830002,24.820534,9657600
2002-04-01,44.200001,44.320000,43.799999,43.830002,24.820534,8932900
2002-04-02,43.900002,44.570000,43.869999,44.380001,25.131990,8986700
2002-04-03,44.380001,44.400002,43.400002,43.689999,24.741253,12815300
2002-04-04,44.099998,44.099998,42.950001,43.150002,24.435459,13766200
2002-04-05,43.099998,43.970001,42.250000,42.630001,24.140991,11357400
2002-04-08,43.349998,43.689999,43.029999,43.240002,24.486418,9313100
2002-04-09,42.700001,42.910000,42.470001,42.720001,24.191952,9255600
2002-04-10,42.500000,43.180000,42.500000,43.180000,24.452440,10407300
2002-04-11,43.130001,43.139999,42.340000,42.400002,24.010738,8666900
2002-04-12,41.950001,42.099998,41.250000,41.299999,23.387815,13028800
2002-04-15,42.099998,42.299999,41.599998,41.599998,23.557688,11332300
2002-04-16,41.990002,42.500000,41.900002,42.279999,23.942785,10538700
2002-04-17,42.480000,42.740002,41.919998,42.220001,23.908808,9391500
2002-04-18,42.520000,42.750000,42.049999,42.459999,24.044716,9623300
2002-04-19,42.459999,42.650002,42.060001,42.520000,24.078699,8592400
2002-04-22,42.450001,42.500000,41.639999,41.849998,23.699280,8650900
2002-04-23,40.500000,41.560001,40.419998,41.349998,23.416136,19170900
2002-04-24,41.049999,41.169998,40.200001,40.299999,22.821518,13102000
2002-04-25,40.099998,40.750000,40.009998,40.540001,22.957438,11666000
2002-04-26,40.599998,40.709999,39.799999,40.000000,22.651636,10046600
2002-04-29,40.000000,40.360001,39.599998,39.700001,22.481752,10034600
2002-04-30,40.000000,40.700001,39.889999,40.169998,22.747910,12714700
2002-05-01,39.900002,40.689999,39.689999,40.689999,23.042377,9875800
2002-05-02,40.590000,40.849998,40.310001,40.799999,23.104668,9258500
2002-05-03,40.950001,41.130001,40.209999,40.590000,22.985748,11052000
2002-05-06,40.119999,40.169998,39.119999,39.250000,22.226915,9591800
2002-05-07,39.490002,39.540001,39.029999,39.099998,22.141989,8866500
2002-05-08,38.849998,40.150002,38.849998,40.009998,22.657305,12585200
2002-05-09,39.750000,39.849998,39.250000,39.360001,22.418087,8352500
2002-05-10,39.799999,39.799999,38.750000,38.959999,22.190250,9037300
2002-05-13,38.820000,40.099998,38.680000,40.009998,22.788300,8910800
2002-05-14,40.470001,40.779999,40.070000,40.580002,23.112951,9816600
2002-05-15,40.000000,40.250000,39.509998,39.709999,22.617435,9883100
2002-05-16,39.950001,40.380001,39.939999,40.270000,22.936386,7911800
2002-05-17,40.279999,40.369999,39.740002,40.200001,22.896524,9978700
2002-05-20,39.950001,40.000000,39.500000,39.590000,22.549086,8056800
2002-05-21,39.790001,40.220001,39.730000,39.770000,22.651596,9555500
2002-05-22,40.020000,40.590000,39.840000,40.430000,23.027521,8328600
2002-05-23,40.750000,41.029999,40.299999,40.900002,23.295212,11039400
2002-05-24,41.000000,41.099998,40.009998,40.230000,22.913609,7827400
2002-05-28,40.000000,40.099998,39.549999,39.840000,22.691477,8668600
2002-05-29,39.700001,40.419998,39.509998,40.299999,22.953472,9989900
2002-05-30,39.849998,40.299999,39.119999,39.349998,22.412392,13837500
2002-05-31,39.599998,40.439999,39.580002,39.930000,22.742741,12150200
2002-06-03,40.000000,40.169998,38.990002,39.080002,22.258610,10263900
2002-06-04,39.070000,39.639999,38.740002,39.230000,22.344038,10105900
2002-06-05,38.980000,39.700001,38.709999,39.560001,22.531990,12714700
2002-06-06,39.980000,40.169998,38.910000,39.150002,22.298479,10671400
2002-06-07,39.150002,39.799999,39.110001,39.419998,22.452257,10863500
2002-06-10,39.419998,39.549999,38.959999,39.130001,22.287086,7657000
2002-06-11,39.730000,39.740002,38.930000,39.029999,22.230127,10123900
2002-06-12,39.200001,39.950001,39.139999,39.700001,22.611736,11070400
2002-06-13,39.349998,39.900002,39.220001,39.360001,22.418087,9612100
2002-06-14,39.299999,39.349998,38.500000,39.150002,22.298479,10659300
2002-06-17,39.450001,40.200001,39.349998,40.029999,22.799686,10600800
2002-06-18,40.000000,40.169998,39.689999,39.930000,22.742741,8531000
2002-06-19,39.950001,40.070000,38.990002,39.369999,22.423779,8469900
2002-06-20,39.410000,40.080002,39.410000,39.740002,22.634518,12189700
2002-06-21,39.000000,39.980000,39.000000,39.250000,22.355429,24886600
2002-06-24,39.250000,40.119999,39.250000,40.000000,22.782598,13250200
2002-06-25,40.250000,40.580002,39.340000,39.599998,22.554790,13526300
2002-06-26,39.599998,39.799999,38.900002,39.450001,22.469347,14191000
2002-06-27,39.740002,40.250000,39.299999,40.250000,22.925005,11142300
2002-06-28,40.099998,41.020000,40.070000,40.919998,23.306608,13780900
2002-07-01,40.770000,41.099998,40.480000,40.650002,23.152826,10499000
2002-07-02,40.799999,40.849998,39.799999,40.160000,22.873741,11871500
2002-07-03,40.150002,40.369999,39.619999,39.910000,22.731340,10466200
2002-07-05,39.950001,40.520000,39.790001,40.520000,23.078775,5859600
2002-07-08,40.349998,40.639999,40.160000,40.360001,22.987658,9932500
2002-07-09,40.349998,40.529999,39.700001,39.799999,22.668686,10620500
2002-07-10,40.250000,40.270000,37.700001,38.230000,21.774467,17564900
2002-07-11,38.230000,38.500000,37.060001,37.099998,21.130871,20845000
2002-07-12,37.259998,37.450001,36.150002,36.529999,20.806213,16154100
2002-07-15,36.099998,36.299999,33.869999,35.750000,20.361954,23645400
2002-07-16,35.009998,35.939999,34.520000,35.200001,20.048695,19740700
2002-07-17,35.900002,36.389999,35.299999,35.610001,20.282213,16858000
2002-07-18,35.759998,36.389999,34.500000,34.750000,19.792393,15296800
2002-07-19,33.650002,34.490002,31.700001,32.400002,18.453907,27638900
2002-07-22,32.400002,32.700001,29.750000,30.270000,17.240736,36083000
2002-07-23,30.700001,31.250000,29.990000,30.920000,17.610950,33082700
2002-07-24,30.900000,34.150002,30.500000,33.930000,19.325342,39491200
2002-07-25,33.939999,34.700001,33.090000,33.900002,19.308262,26839400
2002-07-26,34.000000,35.200001,33.750000,35.090000,19.986036,15832500
2002-07-29,35.900002,36.439999,35.340000,36.330002,20.692303,16119400
2002-07-30,36.369999,36.369999,35.200001,35.669998,20.316387,17310000
2002-07-31,35.520000,36.880001,35.250000,36.759998,20.937212,18178800
2002-08-01,35.250000,35.790001,33.509998,33.650002,19.165876,21654000
2002-08-02,33.849998,34.250000,32.799999,33.610001,19.143084,16048500
2002-08-05,33.650002,34.240002,32.320000,32.500000,18.510870,12727000
2002-08-06,33.150002,34.250000,33.070000,33.400002,19.023470,13252700
2002-08-07,33.750000,34.400002,33.000000,34.299999,19.536083,13860900
2002-08-08,34.310001,36.009998,34.099998,36.000000,20.504347,15591700
2002-08-09,35.770000,36.299999,34.950001,36.099998,20.693504,12980800
2002-08-12,35.270000,35.950001,35.099998,35.730000,20.481413,9439000
2002-08-13,35.099998,35.900002,34.799999,34.840000,19.971239,9547400
2002-08-14,35.400002,36.500000,34.910000,36.389999,20.859753,11688300
2002-08-15,36.799999,37.369999,36.580002,37.139999,21.289663,11510300
2002-08-16,37.090000,37.230000,36.509998,36.849998,21.123428,11337900
2002-08-19,36.549999,37.279999,36.450001,37.160000,21.301132,9356000
2002-08-20,36.910000,37.060001,35.610001,36.180000,20.739367,11069800
2002-08-21,36.279999,36.619999,35.799999,36.439999,20.888409,11093700
2002-08-22,36.439999,37.240002,36.340000,37.029999,21.226620,9142900
2002-08-23,36.799999,36.849998,35.860001,36.150002,20.722172,7933400
2002-08-26,36.200001,36.919998,35.950001,36.669998,21.020252,7253700
2002-08-27,37.450001,37.799999,36.439999,36.900002,21.152084,12466500
2002-08-28,36.349998,36.639999,35.320000,35.619999,20.418369,9397500
2002-08-29,35.020000,35.400002,34.650002,35.389999,20.286524,9310000
2002-08-30,34.750000,36.200001,34.750000,35.450001,20.320915,9368500
2002-09-03,34.250000,34.700001,33.410000,33.619999,19.271904,14548800
2002-09-04,33.689999,34.040001,32.509998,33.820000,19.386551,13640900
2002-09-05,33.060001,34.099998,32.950001,33.770000,19.357893,11370000
2002-09-06,34.709999,34.910000,33.980000,34.310001,19.667433,10377600
2002-09-09,34.250000,34.500000,33.650002,34.000000,19.489729,9958300
2002-09-10,34.389999,34.849998,34.180000,34.790001,19.942581,8178000
2002-09-11,35.000000,35.799999,34.470001,34.599998,19.833668,7353100
2002-09-12,34.430000,34.430000,33.500000,33.590000,19.254707,9552000
2002-09-13,33.590000,34.250000,32.799999,34.080002,19.535589,9357400
2002-09-16,33.830002,34.470001,33.700001,34.400002,19.719028,7673900
2002-09-17,34.400002,34.400002,32.970001,33.070000,18.956629,12224900
2002-09-18,33.000000,33.869999,32.759998,33.200001,19.031155,10012900
2002-09-19,32.560001,33.279999,32.220001,32.360001,18.549644,10140000
2002-09-20,32.590000,33.080002,32.500000,32.869999,18.841988,21231700
2002-09-23,32.619999,33.259998,32.490002,32.720001,18.756006,10427600
2002-09-24,32.500000,32.570000,31.799999,31.950001,18.314621,13701000
2002-09-25,32.880001,32.939999,31.700001,32.610001,18.692944,12000200
2002-09-26,33.349998,34.299999,32.500000,34.150002,19.575716,13715800
2002-09-27,33.900002,34.259998,32.790001,32.820000,18.813316,12682200
2002-09-30,32.820000,32.820000,31.180000,31.900000,18.285955,19363000
2002-10-01,32.180000,33.919998,32.029999,33.919998,19.443872,16805900
2002-10-02,33.099998,34.520000,32.250000,32.650002,18.715870,19597200
2002-10-03,32.849998,33.790001,32.650002,33.180000,19.019688,18259400
2002-10-04,33.400002,33.790001,32.680000,33.060001,18.950899,15938100
2002-10-07,33.000000,34.400002,33.000000,33.189999,19.025414,13892400
2002-10-08,33.700001,33.700001,32.419998,32.700001,18.744537,17219700
2002-10-09,32.099998,33.500000,32.070000,32.830002,18.819057,17765000
2002-10-10,33.080002,33.830002,32.529999,33.790001,19.369364,16141900
2002-10-11,34.009998,34.740002,33.680000,34.540001,19.799276,11921300
2002-10-14,34.500000,34.990002,34.230000,34.930000,20.022833,8033300
2002-10-15,35.250000,36.320000,35.200001,36.299999,20.808157,18042600
2002-10-16,36.299999,36.439999,35.480000,35.529999,20.366770,13574500
2002-10-17,36.349998,36.500000,35.750000,36.299999,20.808157,10699300
2002-10-18,36.049999,36.500000,35.599998,36.000000,20.636185,12215000
2002-10-21,35.750000,36.299999,35.500000,36.000000,20.636185,10410300
2002-10-22,36.009998,36.009998,34.459999,35.180000,20.166134,13355000
2002-10-23,34.650002,35.240002,33.970001,35.130001,20.137476,12338700
2002-10-24,35.500000,35.560001,34.320000,34.669998,19.873798,9756800
2002-10-25,34.200001,35.150002,34.139999,35.110001,20.126019,11126200
2002-10-28,34.860001,35.139999,34.220001,34.639999,19.856600,8998200
2002-10-29,33.500000,34.110001,32.570000,33.230000,19.048349,15179700
2002-10-30,33.450001,34.189999,33.299999,34.080002,19.535589,14989100
2002-10-31,34.320000,35.240002,33.110001,33.660000,19.294836,19459100
2002-11-01,33.799999,34.840000,33.720001,34.660000,19.868063,12021700
2002-11-04,34.500000,34.750000,34.020000,34.259998,19.638767,12400600
2002-11-05,34.509998,35.849998,34.299999,35.580002,20.395432,13838300
2002-11-06,35.349998,35.480000,34.200001,35.110001,20.126019,13006800
2002-11-07,34.950001,35.099998,34.009998,34.480000,19.895214,10042900
2002-11-08,34.700001,34.799999,34.410000,34.610001,19.970219,9743200
2002-11-11,34.650002,34.840000,33.599998,33.869999,19.543236,8758800
2002-11-12,34.250000,34.590000,33.779999,34.040001,19.641331,10448700
2002-11-13,34.150002,34.369999,33.000000,33.400002,19.272043,12262900
2002-11-14,33.950001,34.849998,33.830002,34.500000,19.906752,13057100
2002-11-15,34.250000,34.990002,34.220001,34.849998,20.108707,11186000
2002-11-18,35.009998,35.279999,34.529999,34.970001,20.177944,8947500
2002-11-19,35.000000,35.480000,34.860001,35.200001,20.310656,9911900
2002-11-20,34.900002,35.400002,34.849998,35.240002,20.333729,10245800
2002-11-21,35.380001,35.400002,34.599998,34.860001,20.114475,12584600
2002-11-22,34.810001,34.840000,34.049999,34.220001,19.745192,14077300
2002-11-25,34.099998,34.740002,33.919998,34.599998,19.964451,9496300
2002-11-26,34.099998,34.369999,33.820000,33.959999,19.595169,11773100
2002-11-27,34.549999,35.029999,34.250000,34.959999,20.172174,10478900
2002-11-29,34.980000,34.980000,34.630001,34.799999,20.079863,5203700
2002-12-02,35.150002,35.400002,34.099998,34.580002,19.952913,11803800
2002-12-03,34.299999,35.070000,34.299999,34.900002,20.137564,12990600
2002-12-04,34.910000,35.169998,34.169998,34.770000,20.062544,13499200
2002-12-05,34.770000,34.900002,34.410000,34.770000,20.062544,11348800
2002-12-06,34.400002,35.150002,34.340000,35.150002,20.281805,12631000
2002-12-09,35.150002,35.349998,34.389999,34.509998,19.912518,12036000
2002-12-10,34.299999,35.080002,34.250000,35.040001,20.218336,9500900
2002-12-11,35.150002,35.380001,34.650002,35.020000,20.206802,9995200
2002-12-12,35.000000,35.070000,34.660000,34.880001,20.126019,9573800
2002-12-13,34.630001,35.540001,34.520000,35.040001,20.218336,15616600
2002-12-16,35.400002,36.060001,35.299999,35.860001,20.691486,13512600
2002-12-17,35.900002,36.049999,35.200001,35.520000,20.495298,11299500
2002-12-18,35.380001,35.639999,35.009998,35.540001,20.506838,12531800
2002-12-19,35.150002,35.580002,34.910000,35.150002,20.281805,11564100
2002-12-20,35.650002,35.799999,35.119999,35.700001,20.599165,20709100
2002-12-23,36.049999,36.220001,35.650002,35.750000,20.628016,10108900
2002-12-24,35.750000,35.900002,35.400002,35.419998,20.437601,4196900
2002-12-26,35.619999,35.959999,35.209999,35.320000,20.379894,7451900
2002-12-27,35.349998,35.520000,34.599998,34.639999,19.987532,10271000
2002-12-30,34.880001,35.099998,34.720001,34.750000,20.051006,13358300
2002-12-31,34.740002,35.000000,34.209999,34.939999,20.160637,11602600
2003-01-02,35.000000,35.549999,34.970001,35.470001,20.466455,12798800
2003-01-03,35.250000,35.630001,35.200001,35.500000,20.483765,9221900
2003-01-06,35.450001,36.599998,35.410000,36.380001,20.991529,11925100
2003-01-07,36.049999,36.060001,35.139999,35.150002,20.281805,14600300
2003-01-08,35.150002,35.189999,34.810001,35.000000,20.195255,12677600
2003-01-09,35.099998,35.849998,35.099998,35.740002,20.622244,11459700
2003-01-10,35.349998,35.700001,35.099998,35.240002,20.333729,11082500
2003-01-13,35.189999,35.360001,34.880001,35.099998,20.252954,10181400
2003-01-14,34.980000,35.450001,34.849998,35.419998,20.437601,9594700
2003-01-15,35.400002,35.410000,34.750000,34.930000,20.154867,11802500
2003-01-16,35.180000,35.439999,34.889999,35.090000,20.247185,10829300
2003-01-17,35.090000,35.090000,34.700001,34.720001,20.033699,10826900
2003-01-21,34.410000,34.549999,33.900002,33.919998,19.572092,12169800
2003-01-22,33.759998,34.099998,33.389999,33.490002,19.323978,15991200
2003-01-23,33.349998,33.630001,33.209999,33.410000,19.277817,10857800
2003-01-24,33.200001,33.320000,32.400002,32.689999,18.862368,12763400
2003-01-27,32.500000,32.849998,31.580000,31.820000,18.360373,14653000
2003-01-28,32.250000,32.939999,32.049999,32.660000,18.845062,15268600
2003-01-29,33.450001,34.250000,32.959999,33.849998,19.531694,17058100
2003-01-30,34.430000,34.439999,33.189999,33.230000,19.173954,16315000
2003-01-31,33.230000,34.360001,32.990002,34.150002,19.704796,16386900
2003-02-03,34.160000,34.669998,34.029999,34.630001,19.981762,12181700
2003-02-04,34.500000,34.779999,33.849998,34.630001,19.981762,12801300
2003-02-05,34.980000,35.090000,33.950001,34.130001,19.693264,12156500
2003-02-06,33.700001,33.770000,33.169998,33.610001,19.524794,11956900
2003-02-07,33.849998,33.900002,33.060001,33.349998,19.373756,9300500
2003-02-10,33.549999,33.740002,33.160000,33.610001,19.524794,10395000
2003-02-11,33.849998,33.860001,33.009998,33.369999,19.385372,9983900
2003-02-12,33.369999,33.450001,32.689999,32.700001,18.996157,9607600
2003-02-13,32.700001,33.330002,32.320000,33.130001,19.245947,11359900
2003-02-14,33.049999,33.490002,32.599998,33.439999,19.426031,12265900
2003-02-18,33.700001,34.090000,33.360001,33.750000,19.606125,12118700
2003-02-19,33.759998,33.930000,33.470001,33.779999,19.623549,9364800
2003-02-20,34.000000,34.139999,33.450001,33.630001,19.536407,9317900
2003-02-21,33.950001,34.279999,33.529999,34.180000,19.855925,13706200
2003-02-24,33.930000,34.400002,33.820000,34.000000,19.751352,12191800
2003-02-25,33.650002,34.189999,33.540001,34.139999,19.832672,13866500
2003-02-26,33.910000,34.139999,33.630001,33.840000,19.658409,12328300
2003-02-27,33.939999,34.299999,33.810001,33.980000,19.739740,12705200
2003-02-28,34.150002,34.430000,33.919998,34.020000,19.762972,12936600
2003-03-03,34.389999,34.730000,34.200001,34.459999,20.018583,12094000
2003-03-04,34.700001,34.740002,34.169998,34.230000,19.884960,10453100
2003-03-05,34.230000,34.919998,34.220001,34.919998,20.285803,12192000
2003-03-06,34.750000,34.860001,34.410000,34.560001,20.076664,12140800
2003-03-07,34.099998,34.880001,34.080002,34.790001,20.210279,13199300
2003-03-10,34.790001,34.880001,34.349998,34.349998,19.954670,11639200
2003-03-11,34.750000,34.939999,34.549999,34.570000,20.082478,13179300
2003-03-12,34.570000,34.570000,33.230000,34.060001,19.786217,18850500
2003-03-13,34.380001,34.639999,33.919998,34.490002,20.036005,13468400
2003-03-14,34.549999,34.799999,34.040001,34.389999,19.977913,15109200
2003-03-17,34.450001,35.250000,34.320000,35.049999,20.361315,17120900
2003-03-18,34.980000,35.250000,34.619999,35.250000,20.477505,12781400
2003-03-19,35.299999,35.730000,35.209999,35.590000,20.675018,12074500
2003-03-20,35.369999,35.889999,35.259998,35.590000,20.675018,12171300
2003-03-21,36.000000,36.009998,35.570000,36.000000,20.913200,14987200
2003-03-24,35.950001,36.009998,35.299999,35.310001,20.512363,12115300
2003-03-25,35.650002,36.150002,35.549999,35.669998,20.721489,11220700
2003-03-26,35.750000,36.119999,35.730000,35.860001,20.831871,13101600
2003-03-27,35.700001,36.150002,35.520000,35.919998,20.866722,10586700
2003-03-28,35.619999,36.200001,35.619999,36.029999,20.930624,8197300
2003-03-31,35.450001,35.650002,34.869999,34.950001,20.303228,14409200
2003-04-01,35.250000,35.849998,35.130001,35.650002,20.709871,11611000
2003-04-02,35.950001,35.990002,35.610001,35.700001,20.738930,9436800
2003-04-03,35.709999,35.840000,34.939999,35.049999,20.361315,12929200
2003-04-04,35.259998,35.570000,35.200001,35.520000,20.634356,10387200
2003-04-07,35.980000,36.000000,35.000000,35.049999,20.361315,11947700
2003-04-08,35.000000,35.080002,34.450001,34.580002,20.088289,12540700
2003-04-09,34.900002,35.209999,34.400002,34.470001,20.024389,11925300
2003-04-10,34.490002,34.799999,34.320000,34.680000,20.146381,8725400
2003-04-11,34.599998,34.900002,34.200001,34.330002,19.943058,9260300
2003-04-14,34.259998,34.910000,34.259998,34.869999,20.256752,8152000
2003-04-15,34.889999,35.099998,34.610001,35.049999,20.361315,8858200
2003-04-16,35.169998,35.169998,34.480000,34.689999,20.152187,9622300
2003-04-17,34.470001,35.060001,34.470001,35.029999,20.349705,9032300
2003-04-21,35.099998,35.160000,34.700001,34.869999,20.256752,8200400
2003-04-22,34.689999,35.570000,34.500000,35.419998,20.576260,11554900
2003-04-23,35.169998,35.340000,34.810001,35.340000,20.529787,12681600
2003-04-24,35.049999,35.330002,34.900002,35.130001,20.407789,8994600
2003-04-25,35.000000,35.009998,34.500000,34.790001,20.210279,11468800
2003-04-28,34.880001,35.599998,34.820000,35.410000,20.570454,11482100
2003-04-29,35.250000,35.400002,34.700001,34.830002,20.233517,11393000
2003-04-30,34.720001,35.299999,34.689999,35.200001,20.448460,20392200
2003-05-01,35.320000,35.770000,34.990002,35.480000,20.611113,13476700
2003-05-02,35.480000,36.090000,35.480000,36.040001,20.936434,12745600
2003-05-05,36.150002,36.209999,35.400002,35.450001,20.593697,12596200
2003-05-06,35.480000,35.669998,35.060001,35.200001,20.448460,14761700
2003-05-07,35.209999,35.599998,35.110001,35.410000,20.570454,9740600
2003-05-08,35.200001,35.709999,35.130001,35.340000,20.529787,9054400
2003-05-09,35.330002,35.560001,35.169998,35.470001,20.752111,8604500
2003-05-12,35.369999,35.599998,35.209999,35.549999,20.798916,12257500
2003-05-13,35.590000,35.660000,35.320000,35.529999,20.787216,11035700
2003-05-14,35.570000,35.630001,35.119999,35.209999,20.599989,10511500
2003-05-15,35.320000,35.439999,35.080002,35.290001,20.646801,8949800
2003-05-16,35.299999,35.560001,35.230000,35.450001,20.740414,11237700
2003-05-19,35.169998,35.299999,35.020000,35.040001,20.500538,9147100
2003-05-20,35.189999,35.490002,35.119999,35.320000,20.664343,10327700
2003-05-21,35.320000,35.830002,35.080002,35.790001,20.939325,14260600
2003-05-22,35.639999,35.970001,35.590000,35.950001,21.032944,12442200
2003-05-23,35.849998,36.310001,35.720001,35.980000,21.050497,9475200
2003-05-27,35.799999,36.770000,35.750000,36.709999,21.477585,15413000
2003-05-28,36.509998,36.689999,36.200001,36.450001,21.325472,11783600
2003-05-29,36.450001,36.580002,35.820000,35.970001,21.044641,10919500
2003-05-30,35.970001,36.480000,35.950001,36.400002,21.296219,12885000
2003-06-02,36.529999,36.750000,36.360001,36.580002,21.401531,11442600
2003-06-03,36.730000,36.980000,36.549999,36.980000,21.635555,11542200
2003-06-04,36.970001,37.470001,36.880001,37.400002,21.881271,12381100
2003-06-05,37.299999,37.299999,36.779999,37.160000,21.740866,10907400
2003-06-06,37.290001,37.709999,37.150002,37.340000,21.846176,12194000
2003-06-09,37.259998,37.599998,37.209999,37.459999,21.916384,8042400
2003-06-10,37.599998,37.639999,37.230000,37.540001,21.963194,9069100
2003-06-11,37.750000,38.200001,37.709999,38.200001,22.349331,12358100
2003-06-12,38.200001,38.450001,37.869999,38.200001,22.349331,10611200
2003-06-13,38.189999,38.250000,37.450001,37.930000,22.191364,9909500
2003-06-16,37.930000,38.310001,37.730000,38.310001,22.413687,11095400
2003-06-17,38.310001,38.310001,37.560001,37.669998,22.039246,13476200
2003-06-18,37.669998,37.720001,37.049999,37.340000,21.846176,12838200
2003-06-19,37.299999,37.299999,36.849998,36.880001,21.577044,11749900
2003-06-20,36.980000,37.200001,36.790001,36.889999,21.582907,20441200
2003-06-23,36.830002,36.990002,36.650002,36.939999,21.612158,9594900
2003-06-24,36.939999,37.000000,36.750000,36.900002,21.588739,13179500
2003-06-25,36.840000,37.220001,36.599998,36.660000,21.448332,11589700
2003-06-26,36.450001,36.799999,36.310001,36.700001,21.471741,9045000
2003-06-27,36.630001,36.770000,36.209999,36.369999,21.278658,8980400
2003-06-30,36.430000,36.610001,35.910000,35.910000,21.009539,13997200
2003-07-01,35.950001,36.299999,35.549999,36.180000,21.167503,12560800
2003-07-02,36.029999,36.290001,35.860001,36.279999,21.226004,11313500
2003-07-03,36.099998,36.250000,35.799999,36.060001,21.097301,6905200
2003-07-07,36.099998,36.400002,36.000000,36.049999,21.091442,10999500
2003-07-08,35.849998,36.009998,35.509998,35.650002,20.857420,11209500
2003-07-09,35.650002,35.950001,35.310001,35.860001,20.980291,14858800
2003-07-10,35.860001,35.860001,35.490002,35.500000,20.769667,13235700
2003-07-11,35.320000,35.790001,35.320000,35.599998,20.828169,9433600
2003-07-14,35.619999,35.849998,35.250000,35.299999,20.652647,12027200
2003-07-15,35.400002,35.400002,34.939999,35.189999,20.588299,12376900
2003-07-16,35.270000,35.450001,34.910000,34.919998,20.430328,13334600
2003-07-17,34.919998,35.330002,34.900002,35.200001,20.594147,12737400
2003-07-18,35.500000,35.889999,35.169998,35.880001,20.991983,13314700
2003-07-21,35.799999,35.840000,35.279999,35.380001,20.699453,9359000
2003-07-22,35.410000,35.900002,35.259998,35.720001,20.898384,9317400
2003-07-23,35.720001,35.770000,35.299999,35.669998,20.869118,8493600
2003-07-24,35.740002,35.930000,35.209999,35.250000,20.623400,10877900
2003-07-25,35.250000,35.790001,35.169998,35.759998,20.921780,10994400
2003-07-28,35.700001,35.980000,35.580002,35.750000,20.915932,14999300
2003-07-29,35.750000,35.810001,35.320000,35.430000,20.728708,13576600
2003-07-30,35.680000,35.740002,35.320000,35.320000,20.664343,11486200
2003-07-31,35.869999,36.180000,35.459999,35.580002,20.816463,17034800
2003-08-01,35.570000,35.580002,35.209999,35.330002,20.670197,13680100
2003-08-04,35.500000,35.740002,35.119999,35.610001,20.834019,12784900
2003-08-05,35.700001,35.840000,35.310001,35.349998,20.681902,11673200
2003-08-06,35.400002,35.939999,35.250000,35.750000,20.915932,13184200
2003-08-07,35.610001,36.349998,35.610001,36.250000,21.208456,14103000
2003-08-08,36.349998,36.610001,36.349998,36.520000,21.366432,13370600
2003-08-11,36.500000,36.779999,35.580002,36.520000,21.513706,9115700
2003-08-12,36.750000,36.750000,36.349998,36.709999,21.625626,8645100
2003-08-13,36.799999,36.840000,36.389999,36.500000,21.501921,8106200
2003-08-14,36.750000,36.950001,36.560001,36.939999,21.761129,9590500
2003-08-15,36.939999,36.939999,36.660000,36.830002,21.696318,6030300
2003-08-18,36.860001,37.020000,36.830002,36.919998,21.749334,9160000
2003-08-19,36.880001,37.099998,36.450001,36.680000,21.607948,9648300
2003-08-20,36.500000,36.919998,36.459999,36.799999,21.678648,6918400
2003-08-21,36.980000,37.139999,36.700001,37.049999,21.825918,8796900
2003-08-22,37.020000,37.250000,36.500000,36.529999,21.519592,9335500
2003-08-25,36.349998,36.810001,36.320000,36.770000,21.660975,7210700
2003-08-26,36.770000,36.910000,36.360001,36.830002,21.696318,9078900
2003-08-27,37.099998,37.250000,37.049999,37.250000,21.943733,11703600
2003-08-28,37.360001,37.570000,36.990002,37.549999,22.120459,12248200
2003-08-29,37.549999,37.740002,37.299999,37.700001,22.208832,8421400
2003-09-02,37.790001,37.980000,37.500000,37.970001,22.367884,10965000
2003-09-03,37.980000,38.200001,37.900002,38.080002,22.432688,11289200
2003-09-04,38.000000,38.250000,37.970001,38.160000,22.479813,10441200
2003-09-05,38.000000,38.130001,37.779999,37.970001,22.367884,8708300
2003-09-08,38.099998,38.500000,37.900002,38.470001,22.662428,8282000
2003-09-09,38.250000,38.400002,37.799999,38.110001,22.450361,9348700
2003-09-10,38.099998,38.200001,37.799999,38.000000,22.385553,9128900
2003-09-11,38.099998,38.349998,37.939999,38.000000,22.385553,9576100
2003-09-12,38.000000,38.070000,37.570000,37.730000,22.226505,12423000
2003-09-15,37.700001,37.770000,37.459999,37.509998,22.096903,7991500
2003-09-16,37.369999,37.709999,37.270000,37.709999,22.214724,9303200
2003-09-17,37.549999,37.549999,36.810001,36.840000,21.702209,14564500
2003-09-18,36.750000,37.139999,36.750000,37.080002,21.843588,10824700
2003-09-19,36.849998,37.160000,36.810001,36.990002,21.790573,16882500
2003-09-22,36.650002,36.799999,36.349998,36.720001,21.631521,11773800
2003-09-23,36.799999,37.099998,36.750000,37.060001,21.831812,9565900
2003-09-24,37.380001,37.490002,36.830002,36.900002,21.737545,11743200
2003-09-25,37.099998,37.439999,37.000000,37.150002,21.884832,11523700
2003-09-26,37.000000,37.000000,36.549999,36.779999,21.666859,9112500
2003-09-29,36.779999,37.070000,36.610001,37.020000,21.808245,8813300
2003-09-30,36.770000,36.970001,36.410000,36.599998,21.560827,11822200
2003-10-01,36.919998,37.349998,36.599998,37.349998,22.002651,13500900
2003-10-02,37.349998,37.669998,37.009998,37.560001,22.126358,8956800
2003-10-03,37.900002,38.230000,37.750000,37.750000,22.238285,11383200
2003-10-06,37.860001,38.169998,37.820000,38.090000,22.438568,7229000
2003-10-07,37.790001,38.389999,37.740002,38.340000,22.585857,9107400
2003-10-08,38.270000,38.360001,37.810001,38.040001,22.409124,8165400
2003-10-09,38.250000,38.400002,37.840000,37.950001,22.356096,11186300
2003-10-10,38.099998,38.430000,38.049999,38.299999,22.562290,8229000
2003-10-13,38.369999,38.730000,38.360001,38.480000,22.668327,8759700
2003-10-14,38.450001,38.750000,38.200001,38.740002,22.821489,7902900
2003-10-15,38.750000,38.900002,38.299999,38.490002,22.674213,9372600
2003-10-16,38.490002,38.930000,38.490002,38.910000,22.921631,8475900
2003-10-17,38.910000,38.910000,38.520000,38.660000,22.774361,9626300
2003-10-20,38.660000,38.790001,38.330002,38.619999,22.750799,8157800
2003-10-21,38.630001,38.689999,38.270000,38.349998,22.591738,11989100
2003-10-22,37.799999,37.980000,37.250000,37.349998,22.002651,21405100
2003-10-23,37.099998,37.599998,36.950001,37.599998,22.149914,11554200
2003-10-24,37.119999,37.849998,37.119999,37.849998,22.297192,9355400
2003-10-27,37.810001,38.070000,37.639999,37.740002,22.232391,7462100
2003-10-28,37.980000,38.150002,37.619999,38.000000,22.385553,12176700
2003-10-29,38.000000,38.130001,37.009998,37.810001,22.273628,9407400
2003-10-30,37.310001,37.439999,36.119999,36.299999,21.384098,25982900
2003-10-31,36.450001,36.820000,36.439999,36.580002,21.549046,16705600
2003-11-03,36.919998,36.990002,36.549999,36.680000,21.607948,11876500
2003-11-04,36.520000,36.700001,36.200001,36.320000,21.395887,15295300
2003-11-05,36.240002,36.369999,35.930000,36.029999,21.225039,12435800
2003-11-06,35.900002,36.049999,35.750000,35.919998,21.160248,12125600
2003-11-07,35.900002,35.930000,35.490002,35.560001,21.094992,13687500
2003-11-10,35.560001,35.849998,35.450001,35.759998,21.213633,9488500
2003-11-11,36.119999,36.279999,35.959999,36.049999,21.385662,10420300
2003-11-12,36.099998,36.250000,35.919998,36.020000,21.367872,8794300
2003-11-13,35.990002,36.340000,35.900002,36.259998,21.510241,9999600
2003-11-14,36.349998,36.470001,35.400002,36.000000,21.356005,18263300
2003-11-17,35.520000,35.759998,35.369999,35.599998,21.118717,10461200
2003-11-18,35.549999,35.700001,35.139999,35.150002,20.851768,12526900
2003-11-19,35.060001,35.580002,35.049999,35.439999,21.023804,14499800
2003-11-20,35.250000,36.299999,35.110001,35.310001,20.946684,10228100
2003-11-21,35.639999,35.700001,35.160000,35.340000,20.964478,16137500
2003-11-24,35.480000,35.759998,35.400002,35.560001,21.094992,13648900
2003-11-25,35.500000,35.950001,35.459999,35.820000,21.249224,9780500
2003-11-26,35.900002,36.380001,35.840000,36.279999,21.522099,10033500
2003-11-28,36.419998,36.430000,36.130001,36.200001,21.474642,4779200
2003-12-01,36.500000,36.700001,36.220001,36.389999,21.587366,13145700
2003-12-02,36.320000,36.590000,36.270000,36.500000,21.652620,10813500
2003-12-03,36.450001,36.689999,36.450001,36.540001,21.676350,21433400
2003-12-04,36.320000,37.090000,36.250000,37.020000,21.961088,13984700
2003-12-05,37.130001,37.130001,36.610001,36.779999,21.818714,9917000
2003-12-08,36.900002,37.480000,36.860001,37.400002,22.186506,12064100
2003-12-09,37.700001,37.869999,37.529999,37.639999,22.328892,12453700
2003-12-10,37.820000,37.869999,37.580002,37.790001,22.417877,10492600
2003-12-11,37.970001,38.000000,37.759998,37.910000,22.489052,11813100
2003-12-12,37.939999,38.119999,37.770000,38.060001,22.578049,7449200
2003-12-15,37.910000,38.000000,37.599998,37.799999,22.423801,11926200
2003-12-16,37.950001,38.630001,37.860001,38.470001,22.821259,12930300
2003-12-17,38.630001,38.910000,38.419998,38.880001,23.064491,12796200
2003-12-18,39.000000,39.500000,38.980000,39.410000,23.378895,14683900
2003-12-19,39.490002,39.660000,39.299999,39.599998,23.491604,17423600
2003-12-22,39.349998,39.520000,39.200001,39.470001,23.414490,11379300
2003-12-23,39.250000,39.750000,39.200001,39.750000,23.580589,10700500
2003-12-24,39.619999,39.970001,39.560001,39.830002,23.628044,4253700
2003-12-26,39.810001,40.139999,39.810001,40.049999,23.758556,4619200
2003-12-29,40.099998,40.599998,40.090000,40.580002,24.072962,12274700
2003-12-30,40.580002,40.970001,40.529999,40.680000,24.132296,9806300
2003-12-31,40.930000,41.130001,40.689999,41.000000,24.322113,11637000
2004-01-02,41.020000,41.220001,40.400002,40.630001,24.102627,12180000
2004-01-05,41.099998,41.630001,40.980000,41.580002,24.666189,14668100
2004-01-06,41.520000,41.549999,40.959999,41.299999,24.500084,12364400
2004-01-07,41.080002,41.250000,40.540001,41.000000,24.322113,13561500
2004-01-08,40.910000,40.910000,40.310001,40.900002,24.262785,14608300
2004-01-09,40.450001,40.590000,40.020000,40.290001,23.900928,15826200
2004-01-12,40.700001,40.889999,40.520000,40.860001,24.239073,10321800
2004-01-13,40.869999,40.980000,40.430000,40.680000,24.132296,9365500
2004-01-14,40.580002,40.709999,40.310001,40.680000,24.132296,8539500
2004-01-15,40.680000,40.750000,40.220001,40.279999,23.894991,10256500
2004-01-16,40.349998,40.500000,40.080002,40.500000,24.025501,13305200
2004-01-20,40.500000,40.959999,40.500000,40.880001,24.250929,10790000
2004-01-21,40.959999,41.459999,40.810001,41.430000,24.577200,11511800
2004-01-22,41.430000,41.500000,40.950001,41.279999,24.488226,9422700
2004-01-23,41.349998,41.430000,40.750000,41.040001,24.345848,11739000
2004-01-26,41.049999,41.549999,40.880001,41.549999,24.648390,9565700
2004-01-27,41.430000,41.770000,41.110001,41.189999,24.434826,10386700
2004-01-28,41.400002,41.560001,40.410000,40.810001,24.209404,12189400
2004-01-29,41.459999,41.590000,41.160000,41.470001,24.600933,16666200
2004-01-30,41.150002,41.250000,40.570000,40.790001,24.197546,11082300
2004-02-02,41.259998,41.259998,40.389999,40.689999,24.138220,13964900
2004-02-03,40.799999,40.799999,40.380001,40.410000,23.972122,10048500
2004-02-04,40.049999,40.509998,40.049999,40.349998,23.936525,12106600
2004-02-05,40.480000,40.549999,40.090000,40.380001,23.954325,9355100
2004-02-06,40.230000,40.560001,40.099998,40.509998,24.031433,9928700
2004-02-09,40.310001,40.900002,40.209999,40.730000,24.311991,8845600
2004-02-10,40.580002,41.230000,40.500000,41.090000,24.526875,8722600
2004-02-11,41.009998,41.980000,40.980000,41.919998,25.022305,14555600
2004-02-12,41.779999,42.000000,41.549999,41.910000,25.016331,9826100
2004-02-13,41.889999,42.150002,41.619999,41.910000,25.016331,11234500
2004-02-17,42.200001,42.450001,42.130001,42.230000,25.207342,8597700
2004-02-18,42.110001,42.279999,41.799999,41.799999,24.950678,7767600
2004-02-19,41.900002,42.380001,41.860001,41.950001,25.040207,10518900
2004-02-20,42.200001,42.450001,41.900002,42.029999,25.087959,11256400
2004-02-23,42.230000,42.689999,42.150002,42.580002,25.416269,9583000
2004-02-24,42.500000,42.599998,42.209999,42.310001,25.255100,10385600
2004-02-25,42.450001,42.750000,42.290001,42.650002,25.458044,10275000
2004-02-26,42.619999,42.750000,42.299999,42.310001,25.255100,9332700
2004-02-27,42.459999,42.730000,42.110001,42.169998,25.171535,13338600
2004-03-01,42.580002,42.639999,42.310001,42.520000,25.380447,15990500
2004-03-02,42.200001,42.380001,42.009998,42.040001,25.093931,11886600
2004-03-03,42.029999,42.040001,41.599998,41.900002,25.010372,13615700
2004-03-04,41.799999,41.869999,41.680000,41.750000,24.920824,8363400
2004-03-05,41.720001,42.560001,41.650002,42.490002,25.362541,12789200
2004-03-08,42.500000,42.740002,42.400002,42.560001,25.404335,10421600
2004-03-09,42.349998,42.950001,42.320000,42.779999,25.535639,14112100
2004-03-10,43.000000,43.400002,42.430000,42.430000,25.326727,18667900
2004-03-11,42.299999,42.549999,41.139999,41.349998,24.682068,14986100
2004-03-12,41.450001,42.090000,41.360001,42.029999,25.087959,11271700
2004-03-15,41.779999,42.290001,41.650002,41.779999,24.938749,11621200
2004-03-16,41.950001,42.250000,41.689999,42.070000,25.111843,9720000
2004-03-17,42.240002,42.630001,42.160000,42.240002,25.213322,9077700
2004-03-18,42.099998,42.549999,41.959999,42.459999,25.344635,10556900
2004-03-19,42.209999,42.419998,41.470001,41.500000,24.771603,18987700
2004-03-22,41.250000,41.480000,40.830002,40.939999,24.437342,12364500
2004-03-23,41.009998,41.200001,40.459999,40.759998,24.329895,10905800
2004-03-24,40.700001,40.939999,39.910000,40.099998,23.935942,13192300
2004-03-25,40.200001,40.360001,40.009998,40.250000,24.025475,12703200
2004-03-26,40.349998,41.139999,40.320000,40.740002,24.317953,11345400
2004-03-29,40.869999,41.410000,40.860001,41.090000,24.526875,9621800
2004-03-30,41.410000,41.660000,41.259998,41.549999,24.801445,10453100
2004-03-31,41.650002,41.970001,41.430000,41.590000,24.825323,12630500
2004-04-01,41.900002,41.990002,41.430000,41.520000,24.783550,11381200
2004-04-02,41.990002,41.990002,41.599998,41.910000,25.016331,11270900
2004-04-05,41.970001,42.330002,41.950001,42.250000,25.219288,8649100
2004-04-06,42.060001,42.400002,42.000000,42.189999,25.183470,7449500
2004-04-07,42.020000,42.279999,41.880001,41.900002,25.010372,10144700
2004-04-08,42.230000,42.930000,42.160000,42.450001,25.338669,12242600
2004-04-12,42.700001,43.369999,42.599998,43.110001,25.732624,9950600
2004-04-13,43.389999,43.439999,42.799999,42.820000,25.559519,12351400
2004-04-14,42.580002,43.299999,42.509998,43.299999,25.846029,11549600
2004-04-15,43.299999,43.830002,42.500000,43.680000,26.072863,12009400
2004-04-16,43.740002,43.900002,43.549999,43.860001,26.180313,10278000
2004-04-19,43.849998,43.860001,43.470001,43.730000,26.102711,7110700
2004-04-20,43.720001,43.720001,42.700001,43.299999,25.846029,10363100
2004-04-21,42.560001,42.990002,42.400002,42.950001,25.637114,10862800
2004-04-22,42.689999,43.549999,42.599998,43.299999,25.846029,10243300
2004-04-23,43.250000,43.250000,42.770000,42.970001,25.649057,7957300
2004-04-26,43.250000,43.439999,42.970001,43.009998,25.672935,9476400
2004-04-27,43.070000,43.970001,43.060001,43.750000,26.114634,13363000
2004-04-28,43.680000,43.799999,43.119999,43.119999,25.738590,11798800
2004-04-29,43.250000,43.720001,42.500000,42.540001,25.392382,13531100
2004-04-30,42.900002,43.459999,42.549999,42.549999,25.398355,13186400
2004-05-03,42.900002,43.700001,42.830002,43.680000,26.072863,12381400
2004-05-04,43.639999,43.889999,43.250000,43.520000,25.977356,13133700
2004-05-05,43.380001,44.000000,43.209999,43.990002,26.257902,13154500
2004-05-06,43.900002,44.240002,43.509998,43.830002,26.162403,11523100
2004-05-07,43.500000,43.799999,43.049999,43.250000,25.816185,10017200
2004-05-10,42.630001,42.849998,41.590000,42.049999,25.099911,16300500
2004-05-11,42.299999,42.639999,42.000000,42.599998,25.592518,11286400
2004-05-12,42.270000,43.029999,42.259998,43.000000,25.832836,13372400
2004-05-13,42.650002,43.220001,42.549999,42.730000,25.670630,10251200
2004-05-14,42.799999,43.560001,42.730000,43.270000,25.995035,10644700
2004-05-17,43.299999,43.540001,43.009998,43.049999,25.862871,10229800
2004-05-18,43.049999,43.060001,42.549999,42.689999,25.646593,11444100
2004-05-19,42.799999,43.119999,42.439999,42.599998,25.592518,13681100
2004-05-20,42.560001,43.070000,42.520000,42.730000,25.670630,8332400
2004-05-21,42.980000,43.279999,42.450001,42.599998,25.592518,16860700
2004-05-24,42.660000,43.049999,42.500000,42.799999,25.712677,11629700
2004-05-25,43.000000,43.820000,43.000000,43.820000,26.325464,12634400
2004-05-26,43.779999,43.820000,43.279999,43.549999,26.163250,10021700
2004-05-27,43.650002,43.700001,43.009998,43.369999,26.055120,10616600
2004-05-28,43.099998,43.520000,43.060001,43.250000,25.983021,10248800
2004-06-01,43.500000,43.849998,43.380001,43.700001,26.253368,10000700
2004-06-02,43.849998,43.990002,43.709999,43.779999,26.301430,13583600
2004-06-03,43.709999,43.950001,43.549999,43.549999,26.163250,8656000
2004-06-04,43.500000,43.590000,43.209999,43.369999,26.055120,10021500
2004-06-07,44.000000,44.000000,43.619999,44.000000,26.433601,10918000
2004-06-08,43.990002,44.240002,43.720001,43.889999,26.367521,12847800
2004-06-09,43.349998,43.689999,43.099998,43.450001,26.103176,11655300
2004-06-10,43.650002,44.139999,43.619999,43.980000,26.421585,9130400
2004-06-14,43.990002,44.070000,43.709999,43.849998,26.343479,9361500
2004-06-15,44.009998,44.439999,43.930000,44.080002,26.481667,12675200
2004-06-16,44.400002,44.860001,44.250000,44.730000,26.872156,12110000
2004-06-17,44.799999,44.900002,44.650002,44.770000,26.896187,9028200
2004-06-18,44.770000,44.980000,44.650002,44.980000,27.022339,14795000
2004-06-21,44.889999,45.000000,44.650002,44.730000,26.872156,9680900
2004-06-22,44.430000,44.990002,44.400002,44.900002,26.974281,10466000
2004-06-23,44.910000,45.470001,44.830002,45.459999,27.310711,14556800
2004-06-24,45.310001,45.529999,45.259998,45.270000,27.196568,10005300
2004-06-25,45.279999,45.279999,44.250000,44.250000,26.583780,21641100
2004-06-28,44.500000,44.619999,44.000000,44.380001,26.661886,13641200
2004-06-29,44.250000,44.750000,44.230000,44.570000,26.776026,10975800
2004-06-30,44.520000,44.630001,44.169998,44.410000,26.679918,13683200
2004-07-01,44.529999,44.630001,44.200001,44.590000,26.788044,12630400
2004-07-02,44.400002,44.889999,44.330002,44.720001,26.866150,7989700
2004-07-06,44.799999,45.099998,44.740002,45.099998,27.094439,11357400
2004-07-07,45.099998,45.369999,44.900002,45.369999,27.256647,11595200
2004-07-08,45.490002,45.529999,45.209999,45.320000,27.226603,10981200
2004-07-09,45.450001,45.549999,45.220001,45.450001,27.304714,8509900
2004-07-12,45.250000,45.480000,45.139999,45.439999,27.298689,7527800
2004-07-13,45.099998,45.290001,44.849998,45.209999,27.160522,8682200
2004-07-14,44.950001,45.490002,44.950001,45.459999,27.310711,8620600
2004-07-15,45.369999,45.590000,45.200001,45.320000,27.226603,7925200
2004-07-16,45.700001,45.950001,45.480000,45.830002,27.532991,11447200
2004-07-19,45.799999,46.090000,44.400002,45.900002,27.575043,9938200
2004-07-20,45.740002,46.130001,45.740002,45.900002,27.575043,9733100
2004-07-21,45.779999,46.820000,45.169998,45.169998,27.136490,11539300
2004-07-22,45.110001,45.650002,45.080002,45.389999,27.268652,11032700
2004-07-23,45.270000,45.480000,45.080002,45.320000,27.226603,8865800
2004-07-26,45.270000,45.549999,45.099998,45.330002,27.232613,10234400
2004-07-27,45.320000,45.450001,45.150002,45.410000,27.280670,10804000
2004-07-28,45.250000,45.939999,44.599998,45.810001,27.520975,14716500
2004-07-29,46.060001,46.209999,45.759998,46.029999,27.653141,13430300
2004-07-30,46.130001,46.340000,45.980000,46.299999,27.815357,10386000
2004-08-02,46.290001,46.419998,45.860001,46.250000,27.785324,9796700
2004-08-03,46.320000,46.939999,46.310001,46.889999,28.169800,13133400
2004-08-04,46.860001,46.860001,46.139999,46.240002,27.779305,13385800
2004-08-05,46.250000,46.330002,45.580002,45.830002,27.532991,12025800
2004-08-06,45.570000,45.849998,45.000000,45.119999,27.106457,10955300
2004-08-09,45.240002,46.040001,45.230000,45.560001,27.370781,11188000
2004-08-10,45.509998,45.650002,45.119999,45.290001,27.208580,11748100
2004-08-11,45.150002,45.369999,44.500000,45.130001,27.275066,14620400
2004-08-12,45.000000,45.430000,44.529999,44.560001,26.930574,11114400
2004-08-13,44.560001,45.119999,44.560001,44.919998,27.148153,10270400
2004-08-16,45.020000,45.279999,44.860001,45.090000,27.250891,10626100
2004-08-17,44.770000,44.959999,44.200001,44.360001,26.809698,12193200
2004-08-18,44.400002,44.959999,44.320000,44.810001,27.081673,11676300
2004-08-19,44.779999,45.180000,44.759998,45.090000,27.250891,12140000
2004-08-20,45.189999,45.650002,45.139999,45.250000,27.347580,11687200
2004-08-23,45.450001,45.549999,44.849998,44.990002,27.190454,9928700
2004-08-24,44.990002,44.990002,44.509998,44.849998,27.105825,10468600
2004-08-25,44.959999,45.189999,44.900002,45.189999,27.311321,11653300
2004-08-26,45.000000,45.389999,44.930000,45.250000,27.347580,9745100
2004-08-27,45.369999,45.580002,45.349998,45.439999,27.462412,7397200
2004-08-30,45.349998,45.689999,45.090000,45.130001,27.275066,8082100
2004-08-31,45.240002,46.130001,45.240002,46.099998,27.861305,12139600
2004-09-01,46.200001,46.549999,46.029999,46.439999,28.066776,11611800
2004-09-02,46.709999,46.990002,46.450001,46.980000,28.393141,9095600
2004-09-03,46.980000,47.240002,46.880001,47.060001,28.441504,11637000
2004-09-07,47.070000,47.250000,46.650002,47.150002,28.495884,14954000
2004-09-08,47.000000,47.230000,46.950001,47.070000,28.447535,10237500
2004-09-09,47.209999,47.549999,47.099998,47.480000,28.695320,11108200
2004-09-10,47.590000,47.639999,47.119999,47.369999,28.628841,9276700
2004-09-13,47.529999,47.680000,47.369999,47.500000,28.707411,9492300
2004-09-14,47.630001,47.779999,47.380001,47.470001,28.689283,9744600
2004-09-15,47.549999,47.759998,47.360001,47.430000,28.665100,11509200
2004-09-16,47.310001,47.590000,47.299999,47.549999,28.737629,7683700
2004-09-17,47.779999,48.560001,47.720001,48.369999,29.233215,18770400
2004-09-20,48.380001,48.619999,48.119999,48.209999,29.136522,11671300
2004-09-21,48.500000,49.619999,48.490002,49.490002,29.910091,16189600
2004-09-22,49.200001,49.209999,48.709999,48.860001,29.529346,13901800
2004-09-23,48.099998,48.360001,47.680000,47.759998,28.864557,17358300
2004-09-24,47.650002,48.029999,47.599998,47.830002,28.906860,12711100
2004-09-27,47.650002,48.270000,47.650002,47.959999,28.985424,12067500
2004-09-28,48.150002,48.770000,48.130001,48.529999,29.329899,13271700
2004-09-29,48.419998,49.790001,47.610001,48.150002,29.100250,16320600
2004-09-30,48.150002,48.380001,47.990002,48.330002,29.209047,13737000
2004-10-01,48.450001,48.959999,48.360001,48.889999,29.547483,11307500
2004-10-04,48.750000,49.450001,48.520000,48.919998,29.565617,13297900
2004-10-05,49.119999,49.520000,49.099998,49.320000,29.807350,10938300
2004-10-06,49.349998,50.029999,48.400002,50.029999,30.236460,12856100
2004-10-07,49.330002,50.459999,49.330002,49.740002,30.061201,10731300
2004-10-08,49.799999,50.240002,49.740002,49.840000,30.121626,10540200
2004-10-11,50.000000,50.040001,49.410000,49.790001,30.091410,7516100
2004-10-12,49.549999,49.880001,49.330002,49.369999,29.837576,9854400
2004-10-13,48.950001,48.959999,48.180000,48.480000,29.299686,14658700
2004-10-14,48.540001,49.130001,48.529999,48.709999,29.438688,11669900
2004-10-15,48.950001,49.200001,48.650002,49.020000,29.626040,11018500
2004-10-18,48.799999,49.160000,48.700001,48.750000,29.462870,9196300
2004-10-19,48.500000,48.840000,48.230000,48.310001,29.196939,11426100
2004-10-20,48.299999,48.980000,48.250000,48.869999,29.535389,12260300
2004-10-21,48.849998,49.090000,48.500000,48.810001,29.499140,11124800
2004-10-22,48.889999,49.299999,48.630001,48.700001,29.432655,10012500
2004-10-25,48.599998,49.080002,48.520000,48.810001,29.499140,10414500
2004-10-26,48.740002,49.389999,48.700001,49.389999,29.849665,12625500
2004-10-27,49.349998,49.380001,48.500000,48.950001,29.583736,13578400
2004-10-28,48.599998,49.099998,48.250000,48.610001,29.378254,18310900
2004-10-29,48.320000,49.250000,48.320000,49.220001,29.746916,14362400
2004-11-01,49.400002,49.500000,48.509998,48.820000,29.505169,13740100
2004-11-02,48.560001,48.930000,48.250000,48.430000,29.269468,12039800
2004-11-03,49.000000,49.400002,48.580002,49.270000,29.777138,13050800
2004-11-04,49.480000,50.200001,49.450001,50.189999,30.333158,15646000
2004-11-05,50.000000,50.430000,49.759998,50.389999,30.454031,14269300
2004-11-08,50.349998,50.450001,49.959999,50.169998,30.321064,10841900
2004-11-09,49.810001,49.950001,49.259998,49.310001,29.962545,12219100
2004-11-10,49.310001,49.740002,48.900002,49.669998,30.181307,11937600
2004-11-11,49.549999,49.770000,49.310001,49.660000,30.175232,8789200
2004-11-12,49.500000,50.500000,49.430000,50.419998,30.637041,11398200
2004-11-15,50.130001,50.180000,49.160000,49.580002,30.126623,12708700
2004-11-16,49.500000,49.919998,49.400002,49.410000,30.023327,9986000
2004-11-17,49.599998,50.150002,49.560001,50.000000,30.381834,11498300
2004-11-18,50.130001,50.169998,49.799999,50.049999,30.412216,9056100
2004-11-19,50.099998,50.400002,49.990002,50.380001,30.612738,13992400
2004-11-22,50.380001,50.970001,50.299999,50.910000,30.934776,11662200
2004-11-23,50.910000,51.270000,50.869999,51.200001,31.110996,14183000
2004-11-24,51.200001,51.500000,51.060001,51.490002,31.287214,9616200
2004-11-26,51.590000,52.000000,51.590000,51.650002,31.384438,4497700
2004-11-29,51.680000,51.779999,50.820000,51.369999,31.214294,10090700
2004-11-30,51.209999,51.720001,51.209999,51.250000,31.141375,12921800
2004-12-01,51.259998,51.700001,50.840000,51.150002,31.080622,13623400
2004-12-02,50.700001,50.880001,49.939999,50.169998,30.485128,16075400
2004-12-03,49.700001,50.439999,49.599998,50.270000,30.545900,13215900
2004-12-06,50.279999,50.470001,49.919998,50.139999,30.466904,10954300
2004-12-07,50.139999,50.299999,49.500000,49.700001,30.199547,12153000
2004-12-08,49.360001,50.080002,48.900002,50.020000,30.393980,13562300
2004-12-09,49.900002,50.320000,49.349998,50.320000,30.576273,14639300
2004-12-10,50.299999,50.450001,49.889999,50.150002,30.472992,10928500
2004-12-13,50.450001,50.680000,50.349998,50.669998,30.788952,11795800
2004-12-14,50.400002,50.799999,50.380001,50.660000,30.782862,10524500
2004-12-15,50.549999,50.680000,50.320000,50.509998,30.691734,12666200
2004-12-16,50.480000,50.480000,49.650002,50.099998,30.442598,12238300
2004-12-17,49.650002,50.340000,49.639999,49.799999,30.260309,31820600
2004-12-20,50.049999,51.160000,50.000000,51.060001,31.025925,16321400
2004-12-21,51.230000,51.740002,50.860001,51.689999,31.408737,13561400
2004-12-22,51.520000,51.700001,50.750000,51.290001,31.165701,12132000
2004-12-23,51.250000,52.049999,51.169998,51.970001,31.578884,12525900
2004-12-27,51.799999,51.950001,50.860001,50.880001,30.916561,12167000
2004-12-28,51.020000,51.400002,51.000000,51.049999,31.019861,11662100
2004-12-29,50.810001,51.180000,50.799999,51.130001,31.068462,9238100
2004-12-30,51.130001,51.400002,51.020000,51.029999,31.007687,6663400
2004-12-31,51.009998,51.400002,51.000000,51.259998,31.147444,8497000
2005-01-03,51.020000,51.020000,49.869999,50.090000,30.436514,16009200
2005-01-04,50.340000,50.599998,49.680000,49.750000,30.229927,16718000
2005-01-05,49.830002,50.110001,49.450001,49.490002,30.071934,12189100
2005-01-06,49.299999,50.189999,49.250000,50.119999,30.454744,13098700
2005-01-07,50.119999,50.259998,49.520000,49.790001,30.254225,11315300
2005-01-10,49.860001,50.500000,49.810001,49.980000,30.369677,11288700
2005-01-11,49.830002,50.150002,49.630001,49.849998,30.290682,9116300
2005-01-12,50.049999,50.630001,49.820000,50.590000,30.740334,13301200
2005-01-13,50.590000,51.000000,50.400002,50.549999,30.716030,11340600
2005-01-14,50.560001,51.209999,50.520000,51.070000,31.032009,11000000
2005-01-18,50.950001,51.500000,50.900002,51.500000,31.293276,13899900
2005-01-19,51.450001,51.490002,51.000000,51.049999,31.019861,9321300
2005-01-20,50.650002,50.930000,50.349998,50.720001,30.819328,11438300
2005-01-21,50.799999,51.549999,50.439999,50.439999,30.649200,13546700
2005-01-24,50.939999,51.410000,50.910000,51.130001,31.068462,12331200
2005-01-25,51.200001,51.419998,51.099998,51.330002,31.189995,10339600
2005-01-26,51.500000,51.939999,51.310001,51.700001,31.414824,13035500
2005-01-27,51.240002,51.950001,51.230000,51.750000,31.445196,11224400
2005-01-28,51.369999,51.580002,51.110001,51.270000,31.153528,11258500
2005-01-31,51.500000,51.970001,51.349998,51.599998,31.354053,13606400
2005-02-01,51.980000,53.279999,51.930000,53.270000,32.368797,19199400
2005-02-02,53.330002,54.009998,53.310001,53.930000,32.769855,14896100
2005-02-03,53.849998,54.639999,53.540001,54.520000,33.128353,14074700
2005-02-04,54.470001,55.320000,54.279999,55.290001,33.596226,17048500
2005-02-07,55.119999,55.419998,54.610001,55.400002,33.663063,15534600
2005-02-08,54.849998,55.900002,54.840000,55.779999,34.059963,15346100
2005-02-09,55.480000,55.830002,55.090000,55.540001,33.913429,12032100
2005-02-10,55.880001,56.619999,55.599998,56.340000,34.401913,16030400
2005-02-11,56.340000,56.869999,55.959999,56.110001,34.261471,13685900
2005-02-14,56.250000,56.849998,56.070000,56.830002,34.701122,11892800
2005-02-15,56.689999,56.939999,56.520000,56.919998,34.756081,13426900
2005-02-16,56.919998,58.700001,56.840000,58.480000,35.708611,18826100
2005-02-17,58.700001,58.939999,58.020000,58.130001,35.494915,18620300
2005-02-18,58.130001,59.849998,58.020000,59.410000,36.276497,23059800
2005-02-22,59.500000,60.080002,58.250000,58.250000,35.568188,25657500
2005-02-23,58.500000,59.540001,58.369999,59.419998,36.282597,18552400
2005-02-24,59.599998,61.200001,59.529999,61.130001,37.326748,27384700
2005-02-25,61.500000,63.689999,61.500000,63.259998,38.627346,37284800
2005-02-28,63.259998,64.040001,62.099998,63.310001,38.657887,35559400
2005-03-01,62.970001,63.119999,61.990002,62.099998,37.919037,26131100
2005-03-02,62.049999,63.169998,62.029999,62.680000,38.273205,25974500
2005-03-03,62.700001,63.130001,62.299999,63.049999,38.499111,20290900
2005-03-04,63.119999,64.010002,62.750000,63.570000,38.816639,20804500
2005-03-07,63.580002,63.599998,62.580002,63.000000,38.468586,19294800
2005-03-08,63.150002,63.599998,62.799999,63.099998,38.529648,18192000
2005-03-09,63.099998,64.370003,60.700001,60.790001,37.119137,68153700
2005-03-10,60.900002,61.040001,59.500000,60.369999,36.862671,40001800
2005-03-11,60.369999,61.590000,60.169998,61.049999,37.277889,24561500
2005-03-14,61.060001,61.500000,60.040001,61.279999,37.418335,19564300
2005-03-15,61.290001,61.860001,60.270000,60.349998,36.850464,17576600
2005-03-16,60.000000,60.849998,59.470001,60.290001,36.813843,20973100
2005-03-17,60.880001,61.639999,60.639999,61.490002,37.546570,21776500
2005-03-18,61.590000,62.849998,61.529999,62.650002,38.254890,32514400
2005-03-21,62.650002,62.980000,61.799999,62.150002,37.949574,17826000
2005-03-22,61.750000,62.840000,60.810001,60.900002,37.186298,19678200
2005-03-23,60.900002,60.900002,59.610001,60.090000,36.691715,26250300
2005-03-24,60.299999,60.650002,58.549999,59.000000,36.026142,24912700
2005-03-28,59.040001,59.439999,58.360001,58.889999,35.958981,20406600
2005-03-29,58.889999,59.750000,58.040001,58.270000,35.580379,18928100
2005-03-30,58.650002,59.320000,57.380001,59.240002,36.172688,26068500
2005-03-31,59.830002,60.320000,59.540001,59.599998,36.392517,20912800
2005-04-01,60.099998,60.700001,59.930000,60.549999,36.972584,18580100
2005-04-04,60.950001,61.740002,60.119999,60.650002,37.033661,23274300
2005-04-05,60.500000,61.040001,59.849998,60.060001,36.673382,15824800
2005-04-06,60.250000,61.049999,59.970001,60.900002,37.186298,16945600
2005-04-07,61.349998,61.369999,60.169998,60.849998,37.155769,16666500
2005-04-08,60.750000,60.869999,60.000000,60.009998,36.642872,12590000
2005-04-11,59.990002,60.430000,59.360001,60.290001,36.813843,15889100
2005-04-12,59.939999,60.570000,59.799999,60.430000,36.899326,22513500
2005-04-13,60.150002,60.750000,58.939999,59.150002,36.117737,23788600
2005-04-14,59.279999,59.689999,58.599998,58.750000,35.873474,18504600
2005-04-15,58.450001,59.400002,56.099998,56.189999,34.310318,27961700
2005-04-18,55.650002,57.349998,55.400002,57.250000,34.957569,23091600
2005-04-19,57.349998,59.240002,57.349998,58.630001,35.800205,23683800
2005-04-20,58.049999,58.910000,57.009998,57.139999,34.890396,20656000
2005-04-21,57.549999,59.299999,57.389999,59.279999,36.197105,16758300
2005-04-22,59.279999,59.950001,58.450001,59.419998,36.282597,17097500
2005-04-25,59.959999,60.470001,59.599998,59.959999,36.612324,14957500
2005-04-26,59.959999,60.160000,59.270000,59.270000,36.191006,12968700
2005-04-27,59.250000,59.450001,58.099998,58.380001,35.647564,20395700
2005-04-28,57.349998,57.750000,56.000000,56.000000,34.194309,31858300
2005-04-29,56.500000,57.240002,56.099998,57.029999,34.823246,26476200
2005-05-02,57.000000,57.750000,56.470001,57.740002,35.256771,16498700
2005-05-03,57.330002,57.500000,56.150002,56.500000,34.499622,18222700
2005-05-04,56.849998,57.299999,56.070000,57.230000,34.945362,19519600
2005-05-05,57.349998,57.970001,57.110001,57.799999,35.293411,18810200
2005-05-06,58.049999,58.650002,57.500000,57.599998,35.171288,13544800
2005-05-09,57.750000,58.049999,57.599998,58.009998,35.421631,13478600
2005-05-10,57.529999,57.869999,57.000000,57.230000,34.945362,14161700
2005-05-11,56.939999,57.410000,56.549999,57.290001,35.160156,14496100
2005-05-12,57.250000,57.250000,54.500000,54.820000,33.644257,23809200
2005-05-13,54.990002,55.000000,53.580002,53.700001,32.956909,24285100
2005-05-16,53.500000,53.650002,52.779999,53.349998,32.742100,34416200
2005-05-17,53.500000,53.990002,53.080002,53.860001,33.055092,27854400
2005-05-18,54.340000,54.549999,53.419998,53.650002,32.926205,31672000
2005-05-19,53.779999,54.880001,53.520000,54.830002,33.650398,20632000
2005-05-20,54.830002,54.970001,53.959999,54.009998,33.147156,17500100
2005-05-23,54.380001,55.250000,54.139999,54.750000,33.601318,17941900
2005-05-24,54.849998,55.200001,54.619999,55.040001,33.779289,12908000
2005-05-25,55.060001,55.980000,54.810001,55.680000,34.172070,17737900
2005-05-26,56.049999,56.410000,55.709999,56.220001,34.503479,12250500
2005-05-27,56.400002,56.900002,56.290001,56.799999,34.859436,10305500
2005-05-31,57.000000,57.099998,56.099998,56.200001,34.491215,21371100
2005-06-01,56.450001,57.410000,56.330002,57.150002,35.074226,14608600
2005-06-02,56.950001,57.570000,56.759998,57.320000,35.178577,12542300
2005-06-03,57.200001,57.779999,57.000000,57.150002,35.074226,23718800
2005-06-06,57.299999,57.700001,57.020000,57.599998,35.350418,12117900
2005-06-07,57.619999,58.150002,57.419998,57.450001,35.258354,14346800
2005-06-08,57.360001,57.990002,56.700001,56.730000,34.816479,20863100
2005-06-09,57.000000,58.610001,56.700001,58.439999,35.865929,17391200
2005-06-10,58.200001,58.540001,57.570000,58.380001,35.829121,13328600
2005-06-13,58.250000,58.880001,57.790001,58.450001,35.872070,12380600
2005-06-14,58.250000,58.880001,58.180000,58.549999,35.933468,10536800
2005-06-15,58.939999,59.290001,58.650002,59.250000,36.363068,13406400
2005-06-16,59.250000,60.200001,59.119999,60.119999,36.896999,13447800
2005-06-17,60.790001,61.020000,60.119999,60.889999,37.369564,24874400
2005-06-20,61.099998,61.130001,60.320000,60.849998,37.345009,13543900
2005-06-21,60.400002,60.799999,59.500000,59.509998,36.522625,16595500
2005-06-22,59.849998,60.459999,59.099998,59.669998,36.620819,18046100
2005-06-23,59.650002,60.279999,59.020000,59.020000,36.221901,16241400
2005-06-24,59.119999,59.290001,58.150002,58.150002,35.687973,21528700
2005-06-27,58.330002,59.400002,58.320000,59.299999,36.393745,15478300
2005-06-28,59.349998,59.799999,58.840000,59.090000,36.264858,15393200
2005-06-29,58.810001,59.099998,57.939999,58.439999,35.865929,18130100
2005-06-30,58.439999,58.840000,57.459999,57.470001,35.270630,20564100
2005-07-01,57.750000,58.439999,57.599998,58.310001,35.786156,12158700
2005-07-05,58.560001,60.230000,58.459999,60.139999,36.909264,18103100
2005-07-06,60.500000,60.730000,59.029999,59.110001,36.277138,18228200
2005-07-07,58.650002,59.540001,58.290001,59.520000,36.528763,16118200
2005-07-08,59.680000,60.119999,58.970001,59.400002,36.455116,17006900
2005-07-11,59.389999,60.000000,58.720001,59.970001,36.804928,14818500
2005-07-12,59.970001,60.240002,59.400002,59.889999,36.755829,18421700
2005-07-13,59.889999,60.049999,59.369999,59.759998,36.676044,11568800
2005-07-14,59.889999,60.150002,58.310001,58.590000,35.957993,20490100
2005-07-15,58.590000,58.939999,57.880001,58.160000,35.694096,16691600
2005-07-18,58.020000,58.470001,57.689999,58.150002,35.687973,13194200
2005-07-19,58.480000,58.820000,57.930000,58.779999,36.074604,19056400
2005-07-20,58.500000,59.020000,57.990002,59.000000,36.209625,19289500
2005-07-21,58.750000,59.049999,57.849998,57.889999,35.528400,16092700
2005-07-22,58.200001,59.700001,58.150002,59.500000,36.516491,19107400
2005-07-25,59.950001,60.470001,59.450001,59.939999,36.786533,16941900
2005-07-26,59.849998,59.970001,59.500000,59.599998,36.577850,12079800
2005-07-27,59.799999,59.900002,58.849998,59.599998,36.577850,13527500
2005-07-28,59.820000,60.110001,58.970001,60.000000,36.823349,19130300
2005-07-29,60.040001,60.169998,58.750000,58.750000,36.056198,17608000
2005-08-01,59.230000,59.740002,59.139999,59.230000,36.350784,13034900
2005-08-02,59.360001,59.810001,59.270000,59.810001,36.706745,13280500
2005-08-03,60.090000,60.090000,58.869999,59.000000,36.209625,19117100
2005-08-04,58.970001,59.369999,58.500000,58.520000,35.915062,15883900
2005-08-05,58.540001,58.700001,57.759998,58.090000,35.651142,14007500
2005-08-08,58.650002,59.450001,58.439999,58.849998,36.117573,17174700
2005-08-09,59.160000,59.750000,59.110001,59.459999,36.491943,16054900
2005-08-10,59.750000,60.240002,59.570000,59.900002,36.942146,19314800
2005-08-11,60.119999,60.980000,60.060001,60.950001,37.589714,21222900
2005-08-12,61.000000,61.340000,60.630001,61.049999,37.651390,14783200
2005-08-15,60.950001,61.080002,60.410000,60.419998,37.262856,12958100
2005-08-16,60.419998,60.480000,59.070000,59.070000,36.430260,16540700
2005-08-17,59.049999,59.490002,57.840000,58.180000,35.881371,21657000
2005-08-18,58.150002,58.540001,57.779999,58.110001,35.838207,15099500
2005-08-19,58.520000,58.990002,58.369999,58.820000,36.276073,14616600
2005-08-22,59.540001,59.750000,58.509998,59.070000,36.430260,15677600
2005-08-23,59.110001,59.299999,58.369999,59.000000,36.387096,17219400
2005-08-24,59.150002,59.610001,58.740002,58.880001,36.313091,17986500
2005-08-25,58.849998,59.200001,58.500000,59.180000,36.498108,14469700
2005-08-26,58.930000,59.180000,58.410000,58.410000,36.023220,13423900
2005-08-29,59.240002,59.240002,58.119999,58.419998,36.029377,17740500
2005-08-30,58.430000,59.119999,58.189999,58.610001,36.146580,21046300
2005-08-31,58.799999,60.000000,58.650002,59.900002,36.942146,32236900
2005-09-01,60.099998,62.040001,60.099998,61.680000,38.039932,32577100
2005-09-02,61.549999,61.549999,60.459999,60.680000,37.423191,20465600
2005-09-06,60.619999,61.110001,60.250000,61.060001,37.657555,19211100
2005-09-07,60.950001,61.700001,60.700001,61.459999,37.904251,30904100
2005-09-08,61.439999,61.630001,61.000000,61.299999,37.805576,15050900
2005-09-09,61.610001,63.200001,61.599998,63.200001,38.977360,22617000
2005-09-12,62.849998,63.049999,62.349998,62.520000,38.557980,17627200
2005-09-13,62.200001,62.900002,61.730000,61.869999,38.157116,16413600
2005-09-14,62.009998,62.750000,61.889999,62.470001,38.527149,14825800
2005-09-15,62.869999,63.180000,61.799999,62.459999,38.520985,19230900
2005-09-16,63.000000,63.889999,62.880001,63.700001,39.285728,30370600
2005-09-19,64.000000,64.949997,63.900002,64.629997,39.859291,20478300
2005-09-20,64.379997,64.989998,64.209999,64.529999,39.797615,17415500
2005-09-21,65.040001,65.290001,64.769997,64.970001,40.068985,23095900
2005-09-22,65.309998,65.959999,64.080002,64.980003,40.075134,25908200
2005-09-23,64.599998,64.709999,63.599998,63.830002,39.365902,18963700
2005-09-26,63.700001,65.010002,63.500000,64.599998,39.840786,17997400
2005-09-27,64.320000,64.669998,63.750000,64.620003,39.853127,16848300
2005-09-28,64.650002,64.830002,63.849998,64.699997,39.902458,18704200
2005-09-29,64.500000,64.910004,64.110001,64.800003,39.964119,16036200
2005-09-30,64.610001,64.620003,63.299999,63.540001,39.187046,16028700
2005-10-03,63.549999,63.889999,62.400002,62.490002,38.539486,20848600
2005-10-04,62.349998,62.349998,60.410000,60.549999,37.343037,21585400
2005-10-05,60.549999,61.049999,58.900002,58.950001,36.356255,27909500
2005-10-06,58.700001,59.360001,57.900002,58.570000,36.121906,31794000
2005-10-07,59.080002,60.040001,58.799999,59.599998,36.757122,21812100
2005-10-10,59.599998,59.610001,58.299999,58.500000,36.078732,16128500
2005-10-11,58.990002,59.720001,58.840000,59.400002,36.633793,16471400
2005-10-12,59.380001,59.790001,58.509998,58.939999,36.350075,15687800
2005-10-13,58.500000,58.820000,57.320000,58.160000,35.869030,21880200
2005-10-14,57.799999,58.720001,57.139999,58.639999,36.165077,20260600
2005-10-17,59.049999,59.450001,58.660000,58.860001,36.300774,14339000
2005-10-18,58.299999,58.580002,56.299999,56.299999,34.721920,65915600
2005-10-19,56.500000,57.349998,55.650002,57.169998,35.258484,30831900
2005-10-20,57.000000,57.180000,54.500000,55.200001,34.043514,29629800
2005-10-21,55.279999,56.270000,55.060001,55.369999,34.148357,24141600
2005-10-24,55.310001,56.939999,55.310001,56.849998,35.061119,18975500
2005-10-25,56.950001,57.430000,56.250000,57.200001,35.276981,22940400
2005-10-26,57.250000,57.889999,56.200001,56.200001,34.660255,24879300
2005-10-27,56.549999,57.000000,55.279999,55.599998,34.290215,21136600
2005-10-28,56.049999,56.610001,54.790001,56.310001,34.728088,27009000
2005-10-31,57.029999,57.369999,56.060001,56.139999,34.623257,25117500
2005-11-01,56.090000,56.869999,56.009998,56.400002,34.783604,14677800
2005-11-02,56.500000,57.500000,56.169998,57.380001,35.388000,21129000
2005-11-03,57.830002,58.820000,57.389999,58.570000,36.121906,20832000
2005-11-04,58.570000,58.700001,57.250000,57.900002,35.708694,24398700
2005-11-07,57.799999,57.840000,56.869999,57.099998,35.215305,22196400
2005-11-08,56.810001,57.580002,56.750000,57.369999,35.562443,16622400
2005-11-09,57.369999,58.330002,56.849998,57.500000,35.643017,25310800
2005-11-10,57.299999,57.299999,55.840000,56.450001,34.992149,26627600
2005-11-11,56.290001,56.759998,56.180000,56.520000,35.035534,12735500
2005-11-14,56.820000,56.990002,56.160000,56.650002,35.116119,15368800
2005-11-15,56.419998,57.209999,56.259998,56.430000,34.979748,21016900
2005-11-16,56.389999,57.299999,56.130001,57.180000,35.444660,21299200
2005-11-17,57.540001,57.889999,57.150002,57.380001,35.568634,19446300
2005-11-18,58.099998,58.389999,57.150002,58.250000,36.107933,21136400
2005-11-21,58.509998,59.380001,58.500000,59.369999,36.802197,17815200
2005-11-22,59.549999,59.720001,59.119999,59.660000,36.981964,17084900
2005-11-23,59.480000,60.240002,59.209999,59.869999,37.112125,12535100
2005-11-25,60.189999,60.259998,59.959999,60.110001,37.260906,6692600
2005-11-28,59.549999,59.849998,58.639999,58.740002,36.411674,15008400
2005-11-29,59.000000,59.430000,58.259998,58.340000,36.163719,18592400
2005-11-30,58.209999,58.869999,58.000000,58.029999,35.971565,21287100
2005-12-01,58.369999,59.400002,58.369999,59.349998,36.789791,16941100
2005-12-02,59.419998,59.439999,58.680000,59.070000,36.616222,13460100
2005-12-05,59.380001,60.110001,59.330002,59.509998,36.888981,19445500
2005-12-06,59.770000,60.380001,59.549999,59.689999,37.000561,16009200
2005-12-07,59.869999,59.959999,58.570000,59.020000,36.585224,20812200
2005-12-08,59.209999,59.540001,58.820000,59.419998,36.833176,16121000
2005-12-09,59.240002,59.330002,58.049999,58.500000,36.262901,15868500
2005-12-12,58.810001,59.130001,58.500000,58.860001,36.486065,13390000
2005-12-13,59.049999,59.840000,58.910000,59.060001,36.610039,14867100
2005-12-14,59.080002,59.930000,59.049999,59.860001,37.105946,14393400
2005-12-15,59.860001,59.880001,59.200001,59.490002,36.876572,14106500
2005-12-16,59.619999,59.650002,58.049999,58.060001,35.990154,28802800
2005-12-19,58.220001,58.590000,57.630001,57.700001,35.767002,15620600
2005-12-20,57.669998,58.290001,57.660000,57.930000,35.909576,12741900
2005-12-21,58.080002,58.250000,57.299999,57.599998,35.705009,15090200
2005-12-22,57.779999,57.980000,56.900002,57.099998,35.395058,14013800
2005-12-23,56.750000,57.470001,56.650002,57.099998,35.395058,11306000
2005-12-27,57.000000,57.000000,55.599998,55.869999,34.632614,17167000
2005-12-28,56.049999,56.630001,56.049999,56.250000,34.868172,14945600
2005-12-29,56.250000,56.759998,56.099998,56.240002,34.861984,14151900
2005-12-30,56.099998,56.689999,55.779999,56.169998,34.818573,14483800
2006-01-03,56.419998,58.470001,56.419998,58.470001,36.244297,23871000
2006-01-04,58.599998,58.840000,58.060001,58.570000,36.306290,19086500
2006-01-05,58.570000,58.820000,57.869999,58.279999,36.126522,17158400
2006-01-06,58.759998,59.560001,58.759998,59.430000,36.839401,17368600
2006-01-09,59.799999,59.869999,59.270000,59.400002,36.820793,17339100
2006-01-10,59.200001,60.160000,59.160000,59.860001,37.105946,17869600
2006-01-11,59.680000,60.490002,59.320000,60.270000,37.360088,17324500
2006-01-12,60.500000,61.000000,59.599998,59.639999,36.969559,21130200
2006-01-13,59.509998,60.990002,59.509998,60.970001,37.794003,17074400
2006-01-17,61.259998,61.740002,61.080002,61.540001,38.147339,18190900
2006-01-18,61.720001,61.750000,60.119999,60.680000,37.614239,16182000
2006-01-19,60.680000,61.700001,60.419998,61.500000,38.122528,18861600
2006-01-20,61.810001,62.060001,60.349998,60.529999,37.521244,25991100
2006-01-23,60.529999,61.639999,60.119999,61.200001,37.936581,19274100
2006-01-24,60.900002,61.529999,60.750000,60.959999,37.787800,18075000
2006-01-25,61.340000,61.650002,59.549999,60.209999,37.322899,24510000
2006-01-26,60.790001,61.020000,59.570000,59.950001,37.161724,24559100
2006-01-27,60.360001,61.529999,60.310001,61.290001,37.992367,21407300
2006-01-30,62.880001,63.959999,62.790001,63.110001,39.120552,29442500
2006-01-31,62.750000,63.450001,62.299999,62.750000,38.897377,24268400
2006-02-01,62.770000,63.080002,61.910000,61.950001,38.401489,20586500
2006-02-02,61.900002,62.290001,61.209999,61.950001,38.401489,21402900
2006-02-03,61.650002,61.820000,61.029999,61.389999,38.054352,18829000
2006-02-06,61.700001,62.610001,61.650002,61.970001,38.413864,18758800
2006-02-07,61.590000,61.849998,60.400002,60.549999,37.533657,21134000
2006-02-08,60.000000,60.639999,59.680000,60.389999,37.633369,21982500
2006-02-09,60.549999,61.389999,59.740002,59.919998,37.340458,22554900
2006-02-10,60.049999,60.490002,58.599998,59.430000,37.035122,26186400
2006-02-13,59.430000,60.349998,59.110001,59.599998,37.141060,16837000
2006-02-14,59.259998,59.900002,58.799999,59.549999,37.109898,21022500
2006-02-15,59.810001,59.950001,59.049999,59.759998,37.240772,21669900
2006-02-16,59.900002,60.250000,59.509998,60.250000,37.546112,20057500
2006-02-17,60.369999,60.680000,60.209999,60.549999,37.733070,19198900
2006-02-21,61.000000,61.299999,60.650002,60.759998,37.863934,17650700
2006-02-22,60.599998,60.740002,59.959999,60.259998,37.552349,15694500
2006-02-23,60.009998,60.540001,59.630001,59.830002,37.284386,17732100
2006-02-24,60.340000,60.730000,60.180000,60.419998,37.652061,13178800
2006-02-27,60.200001,60.520000,59.900002,59.919998,37.340458,12549500
2006-02-28,59.520000,59.750000,59.099998,59.369999,36.997719,19191800
2006-03-01,59.590000,60.540001,59.529999,60.340000,37.602200,16335400
2006-03-02,60.040001,60.980000,59.980000,60.849998,37.920017,19730500
2006-03-03,60.830002,61.500000,60.810001,60.980000,38.001034,18221500
2006-03-06,60.950001,61.090000,59.939999,59.980000,37.377857,16294000
2006-03-07,59.900002,60.020000,59.450001,59.849998,37.296841,18673700
2006-03-08,59.450001,60.410000,59.150002,59.709999,37.209606,22159000
2006-03-09,59.939999,60.009998,58.860001,58.919998,36.717297,21827400
2006-03-10,58.919998,59.209999,58.439999,59.180000,36.879318,20252800
2006-03-13,59.680000,59.959999,59.450001,59.639999,37.165977,16885300
2006-03-14,59.549999,60.869999,59.439999,60.810001,37.895096,18285100
2006-03-15,60.669998,61.200001,60.410000,61.020000,38.025963,17998000
2006-03-16,60.970001,61.919998,60.849998,61.639999,38.412319,18976400
2006-03-17,61.799999,61.799999,60.990002,61.049999,38.044655,26912700
2006-03-20,60.770000,61.349998,60.330002,60.660000,37.801617,16775400
2006-03-21,60.660000,61.230000,60.369999,60.720001,37.839016,20732300
2006-03-22,60.630001,61.490002,60.619999,61.049999,38.044655,16100800
2006-03-23,61.110001,61.349998,60.919998,61.250000,38.169296,15432300
2006-03-24,61.150002,61.689999,60.910000,61.169998,38.119434,15435600
2006-03-27,61.110001,61.470001,60.930000,61.290001,38.194210,11839200
2006-03-28,61.450001,61.889999,60.860001,60.950001,37.982338,20224900
2006-03-29,60.950001,61.500000,60.950001,61.279999,38.187988,19115600
2006-03-30,61.250000,61.730000,61.000000,61.119999,38.088284,15759800
2006-03-31,60.900002,61.180000,60.820000,60.860001,37.926247,19309600
2006-04-03,61.360001,61.980000,60.869999,61.029999,38.032196,16697300
2006-04-04,60.650002,62.009998,60.430000,61.750000,38.480873,14876800
2006-04-05,61.630001,62.180000,61.549999,62.160000,38.736382,15788800
2006-04-06,61.599998,62.700001,61.599998,62.090000,38.692757,15409100
2006-04-07,61.770000,62.590000,61.230000,61.330002,38.219143,16137600
2006-04-10,61.900002,62.099998,61.500000,61.939999,38.599274,12956600
2006-04-11,62.200001,62.730000,61.799999,62.000000,38.636665,14726500
2006-04-12,62.049999,62.259998,61.200001,61.459999,38.300156,14117900
2006-04-13,61.290001,61.779999,61.000000,61.560001,38.362465,11561100
2006-04-17,61.939999,62.189999,61.610001,62.049999,38.667824,11568200
2006-04-18,62.490002,63.799999,62.450001,63.540001,39.596352,22318000
2006-04-19,63.099998,64.480003,62.930000,64.300003,40.069962,20922200
2006-04-20,64.000000,64.779999,63.330002,63.919998,39.833153,23154900
2006-04-21,64.199997,65.000000,64.099998,65.000000,40.506172,21759600
2006-04-24,64.760002,64.870003,64.239998,64.410004,40.138512,16362500
2006-04-25,64.849998,64.980003,63.130001,63.950001,39.851860,21780700
2006-04-26,63.980000,64.800003,63.009998,63.099998,39.322151,23214800
2006-04-27,61.500000,63.400002,61.000000,62.419998,38.898399,27314900
2006-04-28,62.570000,63.500000,62.520000,63.080002,39.309689,20652600
2006-05-01,63.400002,64.330002,63.320000,63.419998,39.521564,19771500
2006-05-02,63.820000,64.769997,63.820000,64.669998,40.300518,18963700
2006-05-03,64.599998,64.769997,63.200001,63.770000,39.739681,22925000
2006-05-04,63.770000,64.410004,62.889999,63.310001,39.453030,23185600
2006-05-05,63.900002,64.050003,63.200001,64.000000,39.883015,14156100
2006-05-08,63.599998,64.089996,63.169998,63.709999,39.702309,16579800
2006-05-09,63.599998,64.169998,63.430000,63.939999,39.845615,14028800
2006-05-10,63.500000,63.950001,63.000000,63.880001,40.008457,15336100
2006-05-11,64.099998,64.260002,63.250000,63.459999,39.745407,18024900
2006-05-12,63.459999,63.500000,62.060001,62.240002,38.981323,19198600
2006-05-15,61.509998,62.480000,61.349998,62.000000,38.831001,19512200
2006-05-16,62.110001,62.709999,61.540001,61.959999,38.805950,15826300
2006-05-17,61.450001,61.740002,59.939999,60.180000,37.691124,26217600
2006-05-18,60.250000,61.000000,59.860001,59.889999,37.509491,19108000
2006-05-19,59.900002,61.040001,59.500000,60.450001,37.860241,26682500
2006-05-22,59.950001,61.410000,59.560001,60.779999,38.066906,22810600
2006-05-23,61.299999,61.720001,60.189999,60.389999,37.822639,19846500
2006-05-24,60.000000,60.900002,59.150002,60.099998,37.641010,24564600
2006-05-25,60.779999,61.930000,60.520000,61.520000,38.530384,19628300
2006-05-26,61.529999,61.709999,60.860001,61.580002,38.567970,13305000
2006-05-30,61.700001,61.799999,60.110001,60.200001,37.703655,17866300
2006-05-31,60.209999,61.060001,59.759998,60.910000,38.148335,25875200
2006-06-01,60.400002,61.150002,60.009998,61.110001,38.273590,17877100
2006-06-02,61.500000,61.849998,60.509998,61.650002,38.611805,17354500
2006-06-05,62.099998,62.200001,60.000000,60.049999,37.609699,20504100
2006-06-06,60.000000,61.310001,59.900002,60.400002,37.828907,23934600
2006-06-07,60.299999,60.360001,58.799999,58.820000,36.839352,28005800
2006-06-08,58.380001,59.700001,57.820000,59.570000,37.309086,33407200
2006-06-09,59.889999,59.900002,58.500000,58.799999,36.826832,21101200
2006-06-12,59.049999,59.349998,58.130001,58.240002,36.476089,18915600
2006-06-13,57.750000,58.299999,56.650002,56.650002,35.480263,27511500
2006-06-14,56.650002,57.990002,56.639999,57.799999,36.200516,24867900
2006-06-15,58.480000,59.549999,57.959999,59.119999,37.027248,24902100
2006-06-16,58.950001,59.490002,58.169998,58.799999,36.826832,27767200
2006-06-19,58.770000,58.810001,57.209999,57.389999,35.943733,20175700
2006-06-20,57.660000,58.340000,57.259998,57.389999,35.943733,19858000
2006-06-21,57.349998,58.869999,57.250000,58.060001,36.363350,22485600
2006-06-22,57.720001,58.259998,57.650002,57.970001,36.306980,16676600
2006-06-23,58.150002,58.849998,58.009998,58.099998,36.388405,15689000
2006-06-26,58.099998,59.020000,57.910000,58.820000,36.839352,14053900
2006-06-27,58.970001,59.910000,58.970001,59.650002,37.359196,26964700
2006-06-28,59.799999,61.220001,59.799999,61.119999,38.279861,23103500
2006-06-29,61.220001,62.540001,61.130001,62.369999,39.062737,26314500
2006-06-30,62.650002,62.650002,61.349998,61.349998,38.423904,32336500
2006-07-03,61.799999,62.470001,61.709999,62.150002,38.924950,9459900
2006-07-05,61.900002,62.919998,61.630001,62.549999,39.175476,19744700
2006-07-06,62.750000,63.500000,62.660000,63.470001,39.751682,23679000
2006-07-07,63.700001,63.889999,62.490002,62.840000,39.357105,18527100
2006-07-10,63.000000,63.590000,62.779999,63.040001,39.482376,13220400
2006-07-11,63.200001,64.269997,63.200001,63.980000,40.071091,18133600
2006-07-12,64.000000,64.269997,63.349998,63.970001,40.064827,17614400
2006-07-13,64.150002,64.699997,63.689999,64.070000,40.127457,21658200
2006-07-14,64.570000,65.000000,63.970001,64.900002,40.647293,21485800
2006-07-17,64.500000,64.900002,63.570000,64.000000,40.083611,19717700
2006-07-18,64.400002,64.940002,63.950001,64.610001,40.465675,21231000
2006-07-19,64.620003,64.889999,63.650002,64.660004,40.496979,24997700
2006-07-20,64.449997,64.860001,64.120003,64.250000,40.240192,20779600
2006-07-21,64.570000,64.779999,63.910000,63.930000,40.039764,27556600
2006-07-24,64.349998,65.529999,64.199997,65.360001,40.935402,22417700
2006-07-25,65.360001,66.000000,64.919998,65.739998,41.173401,18624500
2006-07-26,65.510002,67.180000,65.470001,66.599998,41.712013,31014100
2006-07-27,67.400002,67.650002,66.449997,66.470001,41.630592,29426300
2006-07-28,66.250000,67.300003,66.239998,67.000000,41.962536,20512500
2006-07-31,67.430000,67.940002,66.760002,67.739998,42.426003,20170900
2006-08-01,67.239998,68.250000,67.209999,68.180000,42.701576,16186600
2006-08-02,68.370003,69.230003,68.120003,68.480003,42.889477,25421100
2006-08-03,68.070000,69.279999,68.040001,68.370003,42.820583,21876600
2006-08-04,68.599998,68.820000,67.940002,68.690002,43.020992,21470400
2006-08-07,69.000000,69.620003,68.480003,69.230003,43.359200,21017300
2006-08-08,69.239998,69.830002,69.010002,69.269997,43.384262,23925100
2006-08-09,69.690002,70.419998,69.180000,69.290001,43.396782,27660900
2006-08-10,68.870003,69.470001,68.389999,69.339996,43.629593,21961000
2006-08-11,69.349998,69.959999,68.849998,69.730003,43.874977,18040400
2006-08-14,69.540001,69.650002,68.790001,69.250000,43.572952,20026100
2006-08-15,69.900002,69.919998,68.169998,68.690002,43.220600,27260300
2006-08-16,68.300003,68.940002,67.309998,67.570000,42.515869,26536800
2006-08-17,67.180000,68.160004,67.010002,68.080002,42.836784,28583200
2006-08-18,68.400002,69.099998,67.720001,69.099998,43.478569,19556800
2006-08-21,69.300003,70.029999,69.300003,69.830002,43.937901,22482400
2006-08-22,69.709999,70.250000,69.360001,70.209999,44.177006,22964300
2006-08-23,70.080002,70.230003,69.040001,69.629997,43.812046,17693100
2006-08-24,69.790001,70.830002,69.610001,70.720001,44.497894,20503600
2006-08-25,70.720001,71.220001,70.339996,70.430000,44.315434,18905200
2006-08-28,70.050003,70.199997,69.750000,70.099998,44.107796,18132300
2006-08-29,69.720001,69.849998,68.839996,69.410004,43.673637,21559900
2006-08-30,69.430000,69.500000,67.750000,68.300003,42.975201,26310600
2006-08-31,68.050003,68.260002,67.599998,67.669998,42.578804,19244400
2006-09-01,67.849998,68.440002,67.370003,68.099998,42.849361,17579700
2006-09-05,67.680000,68.650002,67.500000,68.480003,43.088470,17742600
2006-09-06,68.489998,68.489998,67.080002,67.180000,42.270485,26709100
2006-09-07,67.000000,68.040001,66.849998,67.690002,42.591381,24449300
2006-09-08,67.690002,67.940002,66.779999,66.809998,42.037689,19664700
2006-09-11,66.360001,66.400002,64.620003,64.940002,40.861061,35989100
2006-09-12,65.250000,65.449997,64.110001,64.699997,40.710045,24824500
2006-09-13,64.820000,65.750000,64.699997,65.360001,41.125324,21771300
2006-09-14,65.209999,65.529999,64.430000,64.709999,40.716328,21166800
2006-09-15,64.900002,65.269997,64.419998,64.650002,40.678581,33472700
2006-09-18,64.900002,66.500000,64.900002,66.300003,41.716797,21236400
2006-09-19,66.489998,66.580002,65.129997,65.500000,41.213406,19852800
2006-09-20,65.510002,66.070000,63.930000,64.110001,40.338802,30411100
2006-09-21,64.300003,65.349998,64.290001,64.779999,40.760387,22551700
2006-09-22,65.279999,65.339996,64.300003,64.910004,40.842178,18240200
2006-09-25,64.599998,65.449997,63.869999,65.059998,40.936562,29213400
2006-09-26,65.059998,66.620003,64.500000,66.430000,41.798580,22353500
2006-09-27,66.680000,67.430000,66.139999,67.129997,42.239037,23424800
2006-09-28,67.129997,67.809998,66.919998,67.459999,42.446674,23398400
2006-09-29,67.180000,67.669998,66.790001,67.099998,42.220150,20239000
2006-10-02,67.290001,67.760002,66.900002,67.000000,42.157230,19082600
2006-10-03,66.400002,66.500000,65.250000,65.410004,41.156792,22989700
2006-10-04,65.489998,66.760002,64.839996,66.610001,41.911839,25624300
2006-10-05,67.260002,67.720001,66.940002,67.320000,42.358574,22066100
2006-10-06,67.000000,67.620003,66.500000,67.519997,42.484432,19439400
2006-10-09,67.760002,67.889999,66.500000,66.550003,41.874088,19268100
2006-10-10,66.209999,67.470001,65.959999,67.199997,42.283058,23040800
2006-10-11,66.849998,67.050003,66.250000,66.529999,41.861500,20472800
2006-10-12,66.879997,67.750000,66.860001,67.650002,42.566219,18542000
2006-10-13,68.080002,68.730003,67.870003,68.400002,43.038132,20499900
2006-10-16,68.449997,69.879997,68.419998,69.830002,43.937901,19607700
2006-10-17,69.830002,69.839996,68.970001,69.410004,43.673637,17190600
2006-10-18,69.500000,69.989998,68.769997,69.169998,43.522614,19395100
2006-10-19,69.839996,70.070000,69.070000,69.730003,43.874977,23391500
2006-10-20,70.010002,70.019997,69.330002,69.550003,43.761723,21210800
2006-10-23,68.849998,69.919998,68.720001,69.919998,43.994526,17139900
2006-10-24,69.669998,70.230003,69.580002,69.889999,43.975662,19775700
2006-10-25,69.720001,71.400002,69.360001,71.010002,44.680378,25839200
2006-10-26,72.000000,72.330002,70.660004,71.620003,45.064178,26369700
2006-10-27,71.459999,72.129997,71.279999,71.459999,44.963509,19418100
2006-10-30,71.150002,71.580002,70.510002,70.839996,44.573418,17618700
2006-10-31,70.690002,71.480003,70.010002,71.419998,44.938351,20317900
2006-11-01,71.580002,71.750000,70.269997,71.059998,44.711830,18329900
2006-11-02,70.709999,71.360001,70.430000,71.190002,44.793640,20154500
2006-11-03,71.440002,72.389999,71.330002,72.150002,45.397690,25491100
2006-11-06,72.160004,73.050003,71.900002,72.910004,45.875870,17201800
2006-11-07,72.910004,73.190002,72.180000,72.529999,45.636784,20127000
2006-11-08,72.529999,74.199997,72.230003,74.129997,46.643517,22355800
2006-11-09,74.199997,74.800003,73.650002,74.610001,47.149078,21475900
2006-11-10,74.550003,74.800003,74.050003,74.419998,47.028999,18387400
2006-11-13,74.099998,74.849998,73.870003,74.430000,47.035316,17385000
2006-11-14,74.430000,74.660004,73.750000,74.449997,47.047939,17748400
2006-11-15,74.000000,74.930000,74.000000,74.800003,47.269127,20348900
2006-11-16,74.949997,74.970001,72.610001,72.669998,45.923092,22294100
2006-11-17,71.949997,73.180000,71.760002,73.080002,46.182194,25813500
2006-11-20,72.550003,73.260002,72.300003,72.430000,45.771439,19025000
2006-11-21,72.769997,73.529999,72.489998,73.389999,46.378101,13301100
2006-11-22,73.019997,73.529999,72.120003,72.910004,46.074768,11902600
2006-11-24,71.900002,72.820000,71.849998,72.379997,45.739830,5568500
2006-11-27,72.290001,73.180000,72.139999,72.470001,45.796734,18962300
2006-11-28,72.650002,74.250000,72.650002,74.160004,46.864697,19350600
2006-11-29,74.300003,76.440002,74.169998,76.029999,48.046429,24851700
2006-11-30,76.419998,77.370003,76.050003,76.809998,48.539330,27330900
2006-12-01,76.779999,77.500000,75.809998,77.199997,48.785789,21308400
2006-12-04,77.199997,77.800003,76.510002,77.769997,49.146000,19348600
2006-12-05,78.110001,78.519997,77.470001,78.059998,49.329250,20111200
2006-12-06,77.820000,78.199997,76.250000,76.309998,48.223358,30695700
2006-12-07,76.300003,76.699997,75.279999,75.709999,47.844196,27762300
2006-12-08,76.199997,76.419998,75.440002,75.500000,47.711494,16429900
2006-12-11,75.250000,75.839996,74.820000,75.360001,47.623028,18641100
2006-12-12,75.309998,76.400002,75.309998,76.250000,48.185444,18619000
2006-12-13,76.449997,77.410004,75.940002,77.360001,48.886917,20578400
2006-12-14,77.510002,79.000000,77.250000,78.730003,49.752670,18691200
2006-12-15,78.949997,79.000000,77.129997,77.300003,48.848999,37021400
2006-12-18,77.260002,77.260002,75.360001,75.510002,47.717819,22530600
2006-12-19,75.300003,77.309998,74.900002,76.989998,48.653080,22294200
2006-12-20,76.849998,76.989998,75.739998,76.080002,48.078026,17603700
2006-12-21,76.089996,76.550003,75.160004,75.870003,47.945324,17154000
2006-12-22,76.000000,76.239998,75.290001,75.410004,47.654613,12005100
2006-12-26,75.510002,76.250000,75.400002,76.050003,48.059090,11285700
2006-12-27,76.300003,77.000000,76.010002,76.959999,48.634132,10944100
2006-12-28,76.769997,77.440002,76.650002,77.330002,48.867954,10798100
2006-12-29,77.010002,77.239998,76.199997,76.629997,48.425579,12633200
2007-01-03,76.260002,76.269997,73.510002,74.110001,46.833088,30510700
2007-01-04,73.849998,73.900002,72.209999,72.720001,45.954712,31046600
2007-01-05,72.449997,73.379997,72.220001,73.239998,46.283306,24671500
2007-01-08,73.879997,74.250000,71.849998,72.650002,45.910465,25981900
2007-01-09,71.849998,72.839996,71.440002,72.089996,45.556561,27039900
2007-01-10,71.809998,73.110001,70.639999,70.989998,44.861439,30572000
2007-01-11,70.989998,72.849998,70.769997,70.980003,44.855129,29161700
2007-01-12,71.209999,72.709999,71.199997,72.660004,45.916782,24438700
2007-01-16,72.500000,72.650002,71.250000,71.629997,45.265884,25444400
2007-01-17,71.489998,72.620003,71.410004,72.459999,45.790401,31292200
2007-01-18,72.669998,73.129997,71.190002,71.959999,45.474430,23581900
2007-01-19,72.500000,73.629997,72.199997,73.529999,46.466560,23912600
2007-01-22,73.650002,73.750000,72.500000,72.900002,46.068451,21929300
2007-01-23,73.550003,74.910004,73.470001,74.489998,47.073215,29016600
2007-01-24,74.500000,74.989998,73.750000,74.900002,47.332348,19785400
2007-01-25,74.620003,74.940002,73.360001,73.519997,46.460247,22630100
2007-01-26,73.889999,74.489998,73.449997,73.610001,46.517136,20506200
2007-01-29,73.650002,74.089996,72.800003,73.199997,46.258030,17370600
2007-01-30,73.449997,74.589996,73.330002,74.389999,47.010036,21590500
2007-01-31,74.389999,74.720001,73.480003,74.099998,46.826782,24249200
2007-02-01,74.580002,75.279999,73.809998,75.080002,47.446091,25168000
2007-02-02,75.000000,75.790001,74.449997,75.540001,47.736774,24299300
2007-02-05,75.650002,75.879997,75.059998,75.669998,47.818928,18168800
2007-02-06,75.860001,75.970001,75.040001,75.459999,47.686222,16222300
2007-02-07,75.400002,75.879997,74.529999,74.790001,47.464104,18134700
2007-02-08,74.279999,75.629997,74.239998,75.459999,47.889294,18742000
2007-02-09,75.459999,75.730003,74.910004,75.220001,47.736973,17734200
2007-02-12,74.930000,75.070000,74.330002,74.599998,47.343513,16564600
2007-02-13,74.800003,75.500000,74.589996,75.449997,47.882946,15839600
2007-02-14,75.900002,76.000000,74.989998,75.599998,47.978153,17648800
2007-02-15,75.190002,75.489998,74.720001,75.339996,47.813137,17871900
2007-02-16,75.260002,75.550003,75.010002,75.290001,47.781414,18329200
2007-02-20,74.900002,75.050003,74.290001,74.870003,47.514870,15840500
2007-02-21,74.720001,75.269997,74.250000,74.779999,47.457748,17886500
2007-02-22,74.620003,75.209999,74.199997,75.080002,47.648148,17165300
2007-02-23,75.290001,75.550003,75.040001,75.220001,47.736973,17687900
2007-02-26,75.519997,76.099998,75.260002,75.400002,47.851208,17803600
2007-02-27,74.889999,75.230003,71.379997,71.830002,45.585564,34588800
2007-02-28,72.230003,73.599998,71.180000,71.680000,45.490383,55723000
2007-03-01,70.900002,72.080002,70.050003,70.989998,45.052483,39472200
2007-03-02,70.949997,71.250000,69.309998,70.010002,44.430550,27454600
2007-03-05,69.349998,70.839996,69.019997,69.980003,44.411514,33039300
2007-03-06,70.699997,71.019997,70.199997,71.000000,45.058849,26626400
2007-03-07,71.000000,72.860001,70.559998,71.639999,45.465012,31564400
2007-03-08,72.150002,72.180000,71.199997,71.849998,45.598274,27405800
2007-03-09,71.949997,72.379997,70.900002,71.120003,45.135002,28671000
2007-03-12,70.800003,71.400002,70.699997,70.870003,44.976341,20150800
2007-03-13,70.370003,71.559998,69.730003,69.910004,44.367107,27378900
2007-03-14,70.099998,71.019997,69.639999,71.019997,45.071541,30053700
2007-03-15,70.709999,71.239998,70.400002,70.690002,44.862110,23538500
2007-03-16,70.769997,70.870003,69.519997,69.860001,44.335354,46777100
2007-03-19,70.120003,71.180000,70.110001,71.099998,45.122307,23184100
2007-03-20,71.120003,72.000000,71.019997,72.000000,45.693466,23683300
2007-03-21,72.440002,73.330002,71.870003,73.230003,46.474064,28800100
2007-03-22,73.529999,74.919998,73.470001,74.360001,47.191200,27263800
2007-03-23,74.660004,75.419998,74.650002,75.019997,47.610062,26377900
2007-03-26,75.440002,75.690002,74.510002,75.470001,47.895649,27548800
2007-03-27,75.370003,75.970001,75.000000,75.709999,48.047955,21797400
2007-03-28,76.160004,76.250000,75.209999,75.559998,47.952763,24720100
2007-03-29,75.830002,76.290001,75.570000,76.239998,48.384304,21695900
2007-03-30,76.239998,76.349998,74.940002,75.449997,47.882946,24020300
2007-04-02,75.349998,76.400002,75.279999,76.160004,48.333553,21474700
2007-04-03,76.099998,76.970001,75.629997,76.800003,48.739723,22426100
2007-04-04,76.589996,77.220001,76.029999,77.110001,48.936455,20873400
2007-04-05,77.099998,77.309998,76.879997,77.220001,49.006264,20273100
2007-04-09,76.769997,77.720001,76.680000,76.800003,48.739723,17668200
2007-04-10,76.800003,77.849998,76.750000,77.570000,49.228378,18697700
2007-04-11,77.599998,77.669998,76.680000,76.769997,48.720646,24990000
2007-04-12,76.970001,77.489998,76.459999,77.389999,49.114147,24258000
2007-04-13,77.500000,77.669998,77.080002,77.410004,49.126835,19044500
2007-04-16,77.639999,78.220001,77.040001,78.169998,49.609158,20518400
2007-04-17,78.269997,78.739998,77.949997,78.400002,49.755112,22772800
2007-04-18,78.169998,78.400002,77.760002,78.199997,49.628185,17428800
2007-04-19,77.930000,78.010002,77.150002,77.459999,49.158566,19090600
2007-04-20,78.379997,79.800003,78.000000,79.760002,50.618206,41108500
2007-04-23,79.500000,79.980003,79.099998,79.199997,50.262836,23617400
2007-04-24,79.000000,79.349998,78.500000,78.599998,49.882050,24864200
2007-04-25,78.839996,80.199997,78.760002,79.919998,50.719761,28126000
2007-04-26,80.029999,80.860001,79.570000,80.550003,51.119572,25949800
2007-04-27,80.239998,80.750000,79.879997,80.360001,50.998985,16462700
2007-04-30,80.300003,80.879997,79.379997,79.379997,50.377056,21750000
2007-05-01,79.500000,79.989998,79.050003,79.660004,50.554764,24303200
2007-05-02,79.830002,80.190002,79.370003,79.820000,50.656288,17602400
2007-05-03,79.830002,80.919998,79.800003,80.680000,51.202084,17854800
2007-05-04,81.000000,81.760002,80.220001,80.550003,51.119572,19889200
2007-05-07,80.500000,81.129997,80.220001,80.830002,51.297272,20896300
2007-05-08,80.570000,81.410004,80.260002,81.379997,51.646313,17957200
2007-05-09,81.190002,81.449997,80.400002,81.419998,51.671696,19709500
2007-05-10,81.059998,81.059998,79.309998,79.389999,50.600918,20753700
2007-05-11,79.690002,81.230003,79.629997,81.230003,51.773693,18837800
2007-05-14,81.209999,81.620003,80.730003,81.250000,51.786419,17667200
2007-05-15,81.010002,81.779999,80.949997,81.129997,51.709934,17169600
2007-05-16,80.839996,81.489998,80.309998,81.449997,51.913914,16386200
2007-05-17,81.250000,82.440002,81.010002,81.800003,52.136971,18843500
2007-05-18,82.139999,83.330002,82.080002,83.260002,53.067539,25009900
2007-05-21,83.419998,84.320000,83.300003,83.589996,53.277889,25096700
2007-05-22,83.400002,84.139999,82.730003,82.769997,52.755241,19085700
2007-05-23,83.120003,83.620003,82.690002,82.989998,52.895451,19886100
2007-05-24,83.180000,83.839996,81.889999,82.279999,52.442913,21976500
2007-05-25,82.660004,83.680000,82.660004,83.510002,53.226891,17840700
2007-05-29,83.269997,83.290001,81.910004,82.620003,52.659649,19247900
2007-05-30,82.180000,84.099998,81.959999,84.000000,53.539192,26464100
2007-05-31,83.900002,84.250000,83.120003,83.169998,53.010170,21049000
2007-06-01,83.559998,84.239998,83.470001,84.220001,53.679417,20384500
2007-06-04,83.959999,84.440002,83.800003,84.220001,53.679417,16477200
2007-06-05,83.949997,84.599998,83.650002,84.260002,53.704922,21209100
2007-06-06,84.169998,84.349998,83.050003,83.620003,53.296989,21351000
2007-06-07,83.400002,84.470001,81.760002,81.959999,52.238976,29228600
2007-06-08,81.769997,82.709999,81.230003,82.680000,52.697868,23397000
2007-06-11,82.680000,83.849998,82.339996,83.059998,52.940083,16637900
2007-06-12,82.769997,83.309998,81.949997,82.000000,52.264477,21789100
2007-06-13,82.320000,83.500000,82.250000,83.349998,53.124905,27139900
2007-06-14,83.449997,84.970001,83.449997,84.769997,54.029968,19593300
2007-06-15,85.070000,86.449997,85.040001,85.940002,54.775711,30131400
2007-06-18,86.089996,86.580002,85.860001,86.360001,55.043388,17747800
2007-06-19,86.190002,86.430000,85.709999,85.839996,54.711964,19530400
2007-06-20,85.879997,85.940002,82.769997,82.820000,52.787090,27906400
2007-06-21,83.360001,84.680000,83.120003,84.300003,53.730408,32010000
2007-06-22,84.199997,84.199997,82.110001,82.519997,52.595913,39187500
2007-06-25,82.400002,83.760002,82.110001,82.370003,52.500305,25748900
2007-06-26,82.639999,83.089996,81.559998,81.820000,52.149746,26925200
2007-06-27,81.320000,83.519997,80.849998,83.480003,53.207775,25835300
2007-06-28,83.809998,84.389999,83.180000,83.599998,53.284252,19956900
2007-06-29,84.150002,84.989998,83.059998,83.879997,53.462708,24724800
2007-07-02,84.500000,85.000000,84.120003,84.820000,54.061871,20106800
2007-07-03,85.000000,85.650002,84.639999,85.360001,54.406006,9444400
2007-07-05,85.389999,85.870003,84.150002,85.160004,54.278557,17969400
2007-07-06,85.629997,86.949997,85.370003,86.459999,55.107136,22993900
2007-07-09,86.529999,87.889999,86.250000,87.440002,55.731758,19190300
2007-07-10,86.949997,87.970001,86.320000,86.500000,55.132641,25991300
2007-07-11,86.400002,87.379997,85.900002,87.290001,55.636154,20305600
2007-07-12,87.699997,89.730003,87.290001,89.620003,57.121231,24762000
2007-07-13,89.699997,90.800003,89.389999,90.330002,57.573765,22920700
2007-07-16,89.330002,90.220001,88.730003,89.699997,57.172192,22405500
2007-07-17,90.169998,90.559998,89.010002,89.089996,56.783413,23492800
2007-07-18,88.820000,91.400002,88.750000,91.150002,58.096420,30708500
2007-07-19,91.540001,92.739998,91.199997,92.290001,58.823036,25243200
2007-07-20,92.010002,93.089996,91.269997,91.940002,58.599915,30816400
2007-07-23,91.930000,93.620003,91.300003,93.440002,59.555992,24376200
2007-07-24,92.519997,92.889999,90.839996,90.839996,57.898842,31844800
2007-07-25,91.239998,93.180000,89.349998,92.790001,59.141685,31459600
2007-07-26,90.410004,91.000000,86.529999,88.230003,56.235291,45377700
2007-07-27,87.910004,88.500000,85.489998,85.589996,54.552608,41077700
2007-07-30,86.000000,86.480003,84.279999,86.010002,54.820305,35269100
2007-07-31,86.769997,87.320000,84.919998,85.129997,54.259430,33887800
2007-08-01,84.989998,87.300003,83.610001,85.839996,54.711964,38860400
2007-08-02,85.750000,86.040001,83.510002,85.180000,54.291290,37049400
2007-08-03,84.620003,85.879997,81.529999,82.080002,52.315437,36195200
2007-08-06,81.949997,83.800003,80.419998,83.540001,53.246017,40557100
2007-08-07,83.150002,86.480003,82.519997,85.699997,54.622730,35922700
2007-08-08,85.709999,87.900002,85.349998,87.900002,56.024921,36568900
2007-08-09,85.690002,86.790001,83.599998,83.599998,53.497269,35967000
2007-08-10,82.510002,85.150002,82.099998,84.510002,54.079597,32828700
2007-08-13,85.239998,85.239998,82.510002,82.919998,53.062122,25349700
2007-08-14,83.339996,83.900002,81.989998,83.129997,53.196487,30064000
2007-08-15,83.269997,84.400002,81.360001,81.690002,52.275028,27623700
2007-08-16,80.849998,81.930000,78.760002,80.669998,51.622295,49379500
2007-08-17,82.290001,84.779999,81.980003,84.139999,53.842823,36057200
2007-08-20,83.849998,84.980003,82.800003,84.529999,54.092388,23577200
2007-08-21,84.500000,84.669998,82.510002,83.150002,53.209305,23977300
2007-08-22,83.730003,84.239998,83.029999,83.580002,53.484474,22531100
2007-08-23,84.050003,84.559998,83.050003,83.750000,53.593246,24174100
2007-08-24,83.750000,85.849998,83.739998,85.690002,54.834690,21041800
2007-08-27,85.110001,85.589996,84.720001,85.120003,54.469944,16248800
2007-08-28,84.860001,84.860001,83.000000,83.000000,53.113335,25859800
2007-08-29,83.489998,85.599998,83.220001,85.230003,54.540337,23581500
2007-08-30,84.930000,86.250000,84.360001,85.400002,54.649113,22213100
2007-08-31,86.540001,86.989998,85.410004,85.730003,54.860310,21915800
2007-09-04,85.309998,87.760002,85.309998,87.230003,55.820175,20344500
2007-09-05,86.910004,87.389999,86.279999,87.220001,55.813774,21354800
2007-09-06,87.669998,88.239998,87.019997,87.489998,55.986538,20760100
2007-09-07,86.720001,87.139999,85.209999,85.750000,54.873100,23828800
2007-09-10,85.669998,86.239998,83.879997,84.860001,54.303547,27633200
2007-09-11,85.190002,87.230003,84.570000,86.940002,55.634613,26432300
2007-09-12,86.769997,88.370003,86.730003,87.650002,56.088943,25131900
2007-09-13,87.849998,89.150002,87.709999,88.620003,56.709644,22010100
2007-09-14,88.099998,89.680000,87.870003,88.669998,56.741634,23683000
2007-09-17,88.500000,89.739998,88.300003,89.260002,57.119209,18988600
2007-09-18,89.620003,91.930000,89.160004,91.760002,58.719009,26408800
2007-09-19,92.300003,93.099998,91.870003,92.120003,58.949375,27113700
2007-09-20,92.419998,92.629997,91.839996,92.089996,58.930157,18608600
2007-09-21,92.870003,93.400002,92.089996,92.309998,59.070950,34337700
2007-09-24,92.080002,92.519997,91.300003,91.730003,58.699802,22410700
2007-09-25,90.680000,91.959999,90.209999,91.959999,58.847004,25864400
2007-09-26,92.430000,92.750000,91.510002,92.370003,59.109356,23346500
2007-09-27,92.900002,93.300003,91.680000,92.970001,59.493324,17988000
2007-09-28,93.129997,93.660004,92.139999,92.559998,59.230953,20012500
2007-10-01,92.449997,93.989998,92.209999,93.949997,60.120415,19306300
2007-10-02,93.320000,93.400002,91.300003,92.239998,59.026173,21537300
2007-10-03,91.629997,91.680000,90.720001,91.330002,58.443855,18114700
2007-10-04,91.339996,91.650002,90.330002,90.919998,58.181473,28859600
2007-10-05,91.199997,91.650002,90.639999,91.360001,58.463036,18990700
2007-10-08,90.599998,90.820000,90.160004,90.680000,58.027908,12833200
2007-10-09,90.989998,92.779999,90.989998,92.669998,59.301331,17634700
2007-10-10,91.690002,93.680000,91.550003,93.129997,59.595695,18336500
2007-10-11,93.599998,95.070000,91.870003,92.660004,59.294922,20884500
2007-10-12,93.099998,93.839996,92.809998,93.480003,59.819660,15147900
2007-10-15,94.150002,95.150002,94.150002,94.820000,60.677147,25545500
2007-10-16,94.739998,95.220001,94.459999,94.739998,60.625973,21923000
2007-10-17,95.080002,95.269997,93.330002,94.800003,60.664356,26558300
2007-10-18,94.629997,95.239998,94.150002,95.050003,60.824322,20493000
2007-10-19,94.699997,94.750000,92.000000,92.139999,58.962200,34449100
2007-10-22,91.169998,91.680000,89.669998,90.910004,58.175076,25169700
2007-10-23,91.470001,92.400002,90.000000,91.349998,58.456631,24110300
2007-10-24,90.870003,92.339996,90.500000,92.129997,58.955772,24302700
2007-10-25,92.489998,92.489998,90.620003,91.570000,58.597412,27409200
2007-10-26,92.739998,92.910004,91.500000,92.209999,59.006958,20979700
2007-10-29,92.360001,94.269997,92.290001,93.610001,59.902863,18246600
2007-10-30,92.930000,93.190002,90.760002,91.139999,58.322247,20510200
2007-10-31,91.459999,92.180000,90.500000,91.989998,58.866196,32109500
2007-11-01,89.830002,90.949997,88.000000,88.500000,56.632881,35590400
2007-11-02,88.690002,89.199997,86.839996,87.930000,56.268127,29025500
2007-11-05,87.019997,88.269997,86.510002,87.660004,56.095360,24825900
2007-11-06,87.760002,90.500000,87.760002,90.379997,57.835918,25452000
2007-11-07,89.779999,90.099998,87.160004,87.199997,56.017899,27387900
2007-11-08,88.010002,90.040001,87.610001,89.419998,57.444050,32706700
2007-11-09,88.940002,88.989998,86.519997,86.849998,55.793068,27603900
2007-11-12,86.239998,86.400002,83.739998,84.540001,54.309116,28922900
2007-11-13,84.349998,87.000000,83.370003,86.879997,55.812336,25649200
2007-11-14,87.459999,88.639999,85.739998,86.309998,55.446156,21304500
2007-11-15,85.699997,86.669998,83.849998,84.489998,54.276993,23708600
2007-11-16,85.160004,86.260002,84.500000,85.099998,54.668839,30347600
2007-11-19,84.629997,85.430000,84.000000,84.110001,54.032860,20809800
2007-11-20,84.980003,88.720001,84.970001,87.820000,56.416218,31842200
2007-11-21,87.959999,88.620003,86.730003,87.040001,55.915138,22849000
2007-11-23,87.050003,88.430000,86.910004,88.290001,56.718128,8870500
2007-11-26,88.120003,88.779999,85.470001,85.680000,55.041462,22968000
2007-11-27,85.230003,86.580002,84.000000,86.379997,55.491142,27941700
2007-11-28,86.879997,88.269997,86.010002,87.919998,56.480438,29636000
2007-11-29,87.500000,89.459999,87.500000,88.589996,56.910851,22440500
2007-11-30,88.519997,89.470001,87.809998,89.160004,57.277016,28193100
2007-12-03,88.970001,89.180000,88.139999,88.849998,57.077850,22244900
2007-12-04,88.180000,88.830002,87.709999,88.120003,56.608929,16816600
2007-12-05,88.760002,90.550003,88.760002,89.919998,57.765266,23952600
2007-12-06,89.889999,91.669998,89.510002,91.440002,58.741722,21127000
2007-12-07,91.250000,92.000000,90.769997,91.500000,58.780243,17055500
2007-12-10,91.750000,92.559998,91.580002,92.029999,59.120728,15579000
2007-12-11,92.360001,92.949997,90.000000,90.279999,57.996517,20021100
2007-12-12,91.769997,93.089996,90.870003,91.919998,59.050045,25707500
2007-12-13,91.290001,92.849998,90.860001,92.720001,59.563995,19434400
2007-12-14,92.160004,92.889999,91.180000,91.180000,58.574673,20505100
2007-12-17,90.650002,90.900002,89.400002,89.889999,57.745991,22704100
2007-12-18,90.720001,91.540001,89.040001,91.419998,58.728867,24583700
2007-12-19,91.059998,92.000000,90.440002,91.430000,58.735291,19570400
2007-12-20,91.519997,92.220001,90.930000,92.129997,59.184967,15109400
2007-12-21,92.739998,93.949997,92.320000,93.430000,60.020134,34457400
2007-12-24,93.510002,94.000000,93.330002,93.660004,60.167873,6336100
2007-12-26,93.680000,95.000000,93.639999,94.809998,60.906616,15294100
2007-12-27,94.809998,94.980003,93.669998,93.669998,60.174274,14365600
2007-12-28,94.050003,95.099998,93.519997,95.000000,61.028664,17368200
2007-12-31,94.610001,94.959999,93.510002,93.690002,60.187149,13990900
2008-01-02,94.150002,94.550003,92.779999,93.510002,60.071499,23351900
2008-01-03,93.860001,94.739998,93.510002,93.830002,60.277077,19160600
2008-01-04,93.239998,94.360001,91.879997,92.080002,59.152866,24730900
2008-01-07,92.500000,93.150002,90.250000,91.220001,58.600368,28937500
2008-01-08,91.860001,92.050003,89.680000,90.050003,57.848793,21764500
2008-01-09,90.110001,91.730003,89.500000,91.559998,58.818779,26198800
2008-01-10,90.750000,92.160004,90.070000,91.660004,58.883030,27285300
2008-01-11,91.010002,91.860001,90.000000,90.300003,58.009361,22727200
2008-01-14,90.839996,91.250000,90.080002,90.830002,58.349857,20425900
2008-01-15,89.889999,89.889999,88.489998,89.019997,57.187092,26486000
2008-01-16,88.449997,89.349998,85.910004,86.529999,55.587479,35965400
2008-01-17,87.470001,87.910004,83.489998,83.910004,53.904388,34096500
2008-01-18,84.000000,86.470001,82.800003,85.080002,54.655991,43830600
2008-01-22,80.000000,83.980003,79.500000,82.449997,52.966473,49613500
2008-01-23,80.010002,83.489998,77.550003,83.449997,53.608868,47420700
2008-01-24,84.290001,86.070000,83.029999,86.000000,55.247025,31180900
2008-01-25,86.699997,86.989998,83.599998,83.940002,53.923656,28236100
2008-01-28,83.500000,85.339996,82.540001,85.129997,54.688114,23688800
2008-01-29,85.220001,86.360001,84.449997,85.080002,54.655991,22488400
2008-01-30,84.540001,87.470001,84.349998,85.279999,54.784500,24131900
2008-01-31,84.220001,86.400002,83.099998,85.699997,55.054302,32970800
2008-02-01,87.699997,87.860001,84.849998,85.949997,55.214905,28440200
2008-02-04,86.040001,86.290001,84.849998,85.440002,54.887264,18836700
2008-02-05,84.110001,84.220001,82.099998,82.110001,52.748055,30599700
2008-02-06,82.690002,83.070000,81.089996,81.440002,52.317646,29215900
2008-02-07,80.970001,82.510002,80.360001,81.889999,52.833767,26611800
2008-02-08,82.000000,82.400002,80.959999,81.709999,52.717651,24176500
2008-02-11,81.849998,83.300003,81.040001,83.220001,53.691868,22697000
2008-02-12,83.599998,85.080002,83.300003,84.379997,54.440281,25150600
2008-02-13,84.709999,85.699997,84.500000,85.489998,55.156418,21546600
2008-02-14,85.650002,86.699997,85.320000,85.550003,55.195145,21826800
2008-02-15,85.190002,85.599998,84.389999,85.370003,55.078987,23966100
2008-02-19,86.519997,87.970001,86.519997,87.010002,56.137108,22600400
2008-02-20,86.309998,88.599998,86.169998,88.099998,56.840359,24723800
2008-02-21,87.709999,88.000000,86.180000,86.919998,56.079025,30107300
2008-02-22,87.459999,87.790001,86.029999,87.169998,56.240330,23487200
2008-02-25,87.169998,89.370003,87.070000,89.129997,57.504906,23876300
2008-02-26,88.750000,90.000000,88.400002,89.889999,57.995216,21329600
2008-02-27,89.400002,90.169998,89.120003,89.389999,57.672626,20323100
2008-02-28,89.120003,90.000000,88.849998,89.379997,57.666161,24999200
2008-02-29,88.769997,89.290001,86.250000,87.010002,56.137108,26540200
2008-03-03,86.830002,88.410004,86.580002,87.750000,56.614552,23192300
2008-03-04,87.470001,87.989998,85.500000,86.690002,55.930653,30372200
2008-03-05,86.800003,87.620003,86.050003,87.190002,56.253231,30835400
2008-03-06,86.930000,87.070000,84.440002,84.510002,54.524158,28977000
2008-03-07,83.910004,84.059998,81.970001,82.489998,53.220901,30749200
2008-03-10,82.750000,83.500000,82.000000,82.459999,53.201538,32432800
2008-03-11,83.959999,86.680000,83.550003,86.680000,55.924187,34835400
2008-03-12,86.610001,87.230003,85.680000,85.970001,55.466133,26617900
2008-03-13,85.330002,87.500000,84.900002,87.050003,56.162922,29347400
2008-03-14,87.739998,87.860001,84.790001,85.910004,55.427387,35741200
2008-03-17,83.879997,86.750000,83.540001,85.790001,55.349983,39028700
2008-03-18,86.610001,88.470001,86.120003,88.470001,57.079067,33333800
2008-03-19,87.809998,88.500000,84.349998,84.430000,54.472538,35073600
2008-03-20,84.180000,85.410004,82.750000,85.000000,54.840305,44962400
2008-03-24,85.169998,86.949997,85.040001,85.949997,55.453220,22339200
2008-03-25,86.260002,86.379997,84.330002,85.199997,54.969315,27080200
2008-03-26,85.230003,87.000000,84.910004,86.260002,55.653210,23024000
2008-03-27,86.820000,87.500000,86.070000,86.199997,55.614521,21760300
2008-03-28,86.050003,87.080002,85.000000,85.220001,54.982250,21672600
2008-03-31,85.690002,86.379997,84.580002,84.580002,54.569324,36842400
2008-04-01,84.800003,87.040001,84.260002,87.019997,56.143555,23961500
2008-04-02,86.849998,89.120003,86.690002,88.519997,57.111332,23236000
2008-04-03,88.000000,89.379997,87.900002,88.230003,56.924236,20083800
2008-04-04,88.480003,89.500000,88.309998,88.739998,57.253273,18607900
2008-04-07,89.320000,89.949997,88.690002,88.919998,57.369389,19585500
2008-04-08,88.730003,89.739998,88.230003,89.610001,57.814564,15832200
2008-04-09,89.720001,90.150002,89.110001,89.699997,57.872616,21920900
2008-04-10,89.529999,89.989998,88.660004,89.550003,57.775864,21774600
2008-04-11,88.900002,89.750000,88.489998,88.620003,57.175854,17923000
2008-04-14,88.739998,89.980003,88.529999,89.699997,57.872616,19611700
2008-04-15,90.059998,90.889999,89.650002,90.800003,58.582333,19495700
2008-04-16,90.900002,93.000000,90.760002,92.889999,59.930759,26870600
2008-04-17,92.480003,93.790001,92.199997,93.379997,60.246902,22887400
2008-04-18,93.360001,94.449997,92.930000,94.000000,60.646919,25910800
2008-04-21,94.000000,94.470001,93.379997,94.260002,60.814636,17254200
2008-04-22,94.099998,94.930000,93.809998,94.389999,60.898537,20719000
2008-04-23,94.269997,94.480003,93.279999,94.220001,60.788857,23944800
2008-04-24,93.410004,93.660004,92.139999,92.599998,59.743664,23534400
2008-04-25,93.209999,93.400002,91.709999,92.459999,59.653347,23369600
2008-04-28,92.570000,93.709999,92.320000,92.449997,59.646877,17319300
2008-04-29,92.419998,93.639999,91.790001,91.790001,59.221069,29445700
2008-04-30,92.250000,94.510002,92.169998,93.070000,60.046902,29782600
2008-05-01,90.099998,90.430000,88.300003,89.699997,57.872616,43675400
2008-05-02,90.050003,90.540001,89.110001,89.610001,57.814564,27505600
2008-05-05,89.699997,90.550003,89.260002,89.510002,57.750069,21273900
2008-05-06,89.279999,90.389999,89.000000,90.070000,58.111359,28060600
2008-05-07,90.070000,90.180000,88.669998,88.820000,57.304901,27580800
2008-05-08,89.000000,89.949997,88.519997,89.930000,58.021034,24332000
2008-05-09,89.370003,89.589996,87.970001,88.820000,57.560917,24054700
2008-05-12,88.430000,89.470001,87.599998,89.190002,57.800690,23053200
2008-05-13,88.870003,89.949997,88.529999,89.680000,58.118225,21165000
2008-05-14,89.849998,90.989998,89.589996,89.910004,58.267288,24178900
2008-05-15,90.330002,91.300003,89.959999,91.300003,59.168110,28392900
2008-05-16,91.849998,92.949997,91.610001,92.669998,60.055935,29839000
2008-05-19,92.910004,94.589996,92.779999,94.360001,61.151188,25203000
2008-05-20,94.470001,94.879997,93.930000,94.559998,61.280769,26901800
2008-05-21,94.629997,96.120003,93.459999,93.669998,60.704010,43221500
2008-05-22,93.760002,94.290001,92.410004,92.510002,59.952255,32042100
2008-05-23,92.639999,92.959999,90.660004,90.699997,58.779274,25348600
2008-05-27,90.040001,90.139999,89.029999,89.800003,58.196014,25885900
2008-05-28,89.129997,90.580002,88.879997,90.430000,58.604290,22323600
2008-05-29,89.870003,90.529999,89.250000,89.349998,57.904392,24692600
2008-05-30,89.580002,89.860001,88.419998,88.760002,57.522022,27125400
2008-06-02,88.089996,88.709999,87.419998,87.809998,56.906380,25959100
2008-06-03,87.680000,88.260002,85.610001,85.709999,55.545429,31487200
2008-06-04,85.300003,86.730003,85.000000,85.750000,55.571354,34110600
2008-06-05,86.250000,89.309998,86.120003,89.309998,57.878471,30266800
2008-06-06,89.790001,90.500000,86.669998,86.790001,56.245331,34325700
2008-06-09,87.610001,89.129997,87.160004,89.070000,57.722927,24232600
2008-06-10,88.769997,88.989998,86.820000,87.889999,56.958210,27280200
2008-06-11,88.800003,89.400002,87.769997,88.610001,57.424816,24085000
2008-06-12,87.980003,88.430000,86.820000,87.059998,56.420296,32263700
2008-06-13,86.529999,88.400002,86.320000,88.360001,57.262787,21050700
2008-06-16,88.489998,88.709999,87.790001,87.989998,57.023018,18504100
2008-06-17,87.870003,88.989998,87.480003,88.620003,57.431297,22026600
2008-06-18,88.080002,88.660004,87.199997,87.830002,56.919315,23499500
2008-06-19,88.040001,88.199997,85.500000,85.790001,55.597294,26604200
2008-06-20,86.300003,86.430000,84.769997,84.910004,55.026978,36185700
2008-06-23,85.099998,87.699997,85.089996,87.699997,56.835064,23600700
2008-06-24,87.529999,88.000000,86.339996,86.919998,56.329597,21586600
2008-06-25,87.250000,88.500000,85.949997,87.599998,56.770287,27120500
2008-06-26,87.690002,88.519997,86.370003,86.410004,55.999069,26339700
2008-06-27,86.839996,87.540001,86.139999,86.550003,56.089802,28283300
2008-06-30,86.809998,88.199997,86.809998,88.129997,57.113716,26883800
2008-07-01,87.870003,88.349998,86.750000,88.349998,57.256306,26024700
2008-07-02,88.500000,89.629997,87.239998,87.410004,56.647133,34278700
2008-07-03,87.970001,89.529999,86.900002,88.269997,57.204464,23120900
2008-07-07,87.860001,88.879997,86.379997,86.949997,56.349030,29642900
2008-07-08,86.120003,86.790001,84.860001,85.940002,55.694508,35905100
2008-07-09,86.150002,87.199997,84.120003,84.309998,54.638142,29082300
2008-07-10,84.300003,86.059998,83.760002,86.059998,55.772259,30952700
2008-07-11,86.279999,86.639999,84.309998,85.480003,55.396381,29428400
2008-07-14,86.000000,86.470001,84.480003,85.419998,55.357475,21552600
2008-07-15,85.650002,85.669998,81.870003,82.190002,53.264271,34406000
2008-07-16,81.889999,81.989998,79.410004,80.809998,52.369938,40408300
2008-07-17,81.300003,81.790001,79.099998,80.330002,52.058842,39193400
2008-07-18,80.629997,81.540001,79.930000,81.540001,52.843010,36138800
2008-07-21,81.839996,82.980003,81.110001,82.980003,53.776237,24802500
2008-07-22,82.559998,83.230003,81.570000,82.860001,53.698479,27909100
2008-07-23,82.980003,83.000000,80.599998,80.989998,52.486580,31083500
2008-07-24,81.199997,81.949997,79.730003,80.800003,52.363438,36789400
2008-07-25,81.010002,82.410004,80.760002,81.699997,52.946686,27553800
2008-07-28,81.870003,82.230003,80.650002,80.680000,52.285679,24017500
2008-07-29,80.830002,81.199997,79.750000,80.900002,52.428242,25869900
2008-07-30,80.900002,84.760002,80.529999,84.379997,54.683495,36410700
2008-07-31,81.820000,82.550003,80.190002,80.430000,52.123657,40872900
2008-08-01,80.550003,81.099998,79.449997,79.720001,51.663521,28766900
2008-08-04,79.629997,80.129997,76.139999,76.599998,49.641586,37887200
2008-08-05,76.500000,78.349998,76.209999,78.349998,50.775688,40087100
2008-08-06,78.500000,78.650002,77.239998,78.330002,50.762730,30790600
2008-08-07,78.680000,79.110001,77.309998,77.440002,50.185963,25346700
2008-08-08,76.900002,78.849998,76.309998,78.720001,51.015476,29318400
2008-08-11,78.519997,78.949997,77.040001,78.160004,50.911243,24566800
2008-08-12,78.570000,78.650002,76.510002,76.879997,50.077492,25995900
2008-08-13,76.809998,78.629997,76.800003,78.169998,50.917782,30654900
2008-08-14,77.599998,78.150002,76.910004,77.449997,50.448780,25848500
2008-08-15,77.089996,77.279999,76.190002,77.070000,50.201271,26280600
2008-08-18,77.459999,78.050003,76.300003,76.529999,49.849533,22944600
2008-08-19,76.379997,78.269997,76.370003,77.949997,50.774460,22132200
2008-08-20,78.540001,79.660004,77.379997,78.809998,51.334641,25970200
2008-08-21,79.279999,80.949997,79.000000,80.349998,52.337765,24638500
2008-08-22,80.000000,80.699997,79.150002,80.300003,52.305195,19662300
2008-08-25,80.269997,80.559998,78.639999,78.709999,51.269497,20634900
2008-08-26,78.820000,80.000000,78.820000,79.949997,52.077194,18751700
2008-08-27,80.669998,81.279999,80.000000,80.470001,52.415943,20392000
2008-08-28,81.059998,81.190002,79.889999,81.180000,52.878387,20287500
2008-08-29,81.500000,81.500000,80.010002,80.010002,52.116280,22060400
2008-09-02,78.040001,78.889999,77.279999,77.320000,50.364113,31688100
2008-09-03,77.010002,78.599998,77.010002,78.019997,50.820053,27014700
2008-09-04,77.680000,78.339996,75.699997,76.139999,49.595490,32200600
2008-09-05,76.000000,76.389999,74.690002,75.620003,49.256760,27869100
2008-09-08,76.760002,77.550003,76.000000,76.769997,50.005836,31222900
2008-09-09,76.070000,76.989998,73.260002,73.260002,47.719532,38473100
2008-09-10,73.879997,75.800003,73.540001,75.250000,49.015751,31399200
2008-09-11,74.559998,75.750000,73.620003,75.559998,49.217682,35639900
2008-09-12,75.519997,77.699997,75.510002,77.500000,50.481350,28646300
2008-09-15,74.940002,77.900002,73.250000,73.250000,47.713013,40186900
2008-09-16,71.989998,76.750000,71.510002,76.430000,49.784382,42584700
2008-09-17,75.599998,79.120003,74.820000,75.279999,49.035305,43487000
2008-09-18,76.290001,77.750000,74.550003,77.750000,50.644188,48231100
2008-09-19,80.489998,82.000000,78.220001,79.610001,51.855751,58834600
2008-09-22,80.199997,81.800003,78.529999,78.879997,51.380253,31995600
2008-09-23,78.570000,80.500000,77.580002,77.690002,50.605125,27868200
2008-09-24,77.949997,79.500000,77.019997,78.029999,50.826569,27539300
2008-09-25,78.540001,81.300003,78.500000,80.669998,52.546185,36144700
2008-09-26,79.029999,81.029999,78.610001,80.650002,52.533165,28933600
2008-09-29,78.919998,80.000000,74.059998,74.059998,48.240639,58785700
2008-09-30,75.620003,78.610001,75.169998,77.660004,50.585564,42032700
2008-10-01,77.190002,79.230003,74.930000,78.580002,51.184830,34337100
2008-10-02,77.769997,79.410004,76.440002,77.500000,50.481350,44100200
2008-10-03,77.849998,81.750000,77.550003,77.940002,50.767960,44177200
2008-10-06,75.650002,77.500000,73.730003,77.320000,50.364113,65937700
2008-10-07,78.000000,79.879997,74.959999,76.070000,49.549873,62791100
2008-10-08,74.849998,79.389999,74.000000,77.000000,50.155659,74941800
2008-10-09,77.599998,78.449997,67.470001,68.000000,44.293304,68771800
2008-10-10,63.860001,66.059998,56.509998,62.360001,40.619572,112867200
2008-10-13,64.900002,73.739998,63.880001,73.080002,47.602283,64864300
2008-10-14,75.050003,75.660004,68.709999,72.459999,47.198429,64126300
2008-10-15,70.760002,70.760002,61.330002,62.349998,40.613060,61247200
2008-10-16,63.310001,69.680000,59.169998,69.449997,45.237804,78110100
2008-10-17,67.050003,72.440002,65.599998,68.040001,44.319370,58398500
2008-10-20,70.370003,75.000000,69.739998,74.989998,48.846409,44874600
2008-10-21,72.449997,74.330002,69.209999,71.500000,46.573120,43789700
2008-10-22,68.739998,69.360001,63.900002,64.570000,42.059105,52089300
2008-10-23,65.879997,70.389999,64.389999,70.389999,45.850079,64686000
2008-10-24,64.010002,70.980003,64.000000,69.040001,44.970749,54629400
2008-10-27,67.580002,70.980003,65.000000,66.089996,43.049191,48774800
2008-10-28,68.870003,75.449997,67.059998,74.860001,48.761703,69047100
2008-10-29,74.870003,77.989998,73.059998,74.650002,48.624931,62703600
2008-10-30,75.000000,75.750000,71.440002,75.050003,48.885494,56158400
2008-10-31,74.370003,77.360001,73.250000,74.120003,48.279716,52835800
2008-11-03,73.449997,75.180000,72.500000,74.290001,48.390434,35456000
2008-11-04,75.129997,77.959999,75.070000,77.489998,50.474842,48208700
2008-11-05,76.250000,77.339996,72.839996,73.690002,47.999615,45390700
2008-11-06,73.120003,73.879997,69.400002,69.959999,45.570000,52864400
2008-11-07,70.480003,75.589996,70.480003,73.949997,48.445972,44691300
2008-11-10,75.099998,75.839996,72.800003,74.019997,48.491821,37409700
2008-11-11,72.650002,74.160004,71.589996,72.650002,47.594303,42007600
2008-11-12,71.349998,72.220001,68.699997,68.930000,45.157284,50521000
2008-11-13,69.540001,76.500000,67.540001,75.410004,49.402443,72704700
2008-11-14,73.800003,77.750000,71.900002,73.680000,48.269085,53998400
2008-11-17,73.500000,76.459999,73.000000,73.379997,48.072559,48660000
2008-11-18,73.500000,76.989998,73.029999,76.330002,50.005161,57787000
2008-11-19,76.199997,77.129997,73.050003,73.419998,48.098751,57444800
2008-11-20,71.839996,75.419998,68.300003,68.510002,44.882126,76887100
2008-11-21,69.779999,76.199997,69.150002,75.809998,49.664497,84550600
2008-11-24,76.820000,80.230003,75.309998,78.800003,51.623306,74991100
2008-11-25,78.389999,79.559998,76.919998,78.110001,51.171272,56603500
2008-11-26,77.379997,81.029999,76.580002,80.889999,52.992485,46703000
2008-11-28,79.860001,80.440002,79.199997,80.150002,52.507706,19591000
2008-12-01,77.889999,77.980003,74.309998,74.309998,48.681801,55589900
2008-12-02,75.589996,78.000000,74.930000,77.610001,50.843697,54657000
2008-12-03,76.160004,79.440002,75.730003,78.930000,51.708458,57458800
2008-12-04,77.540001,79.000000,75.019997,76.269997,49.965839,65355700
2008-12-05,75.669998,77.980003,72.680000,76.599998,50.182037,65004800
2008-12-08,78.589996,80.059998,78.190002,79.599998,52.147366,51585500
2008-12-09,79.019997,79.629997,77.510002,78.199997,51.230228,47045500
2008-12-10,79.220001,81.709999,78.870003,80.070000,52.455299,44060200
2008-12-11,80.330002,81.919998,79.410004,80.019997,52.422523,50060100
2008-12-12,78.040001,81.000000,77.839996,80.449997,52.704239,44313900
2008-12-15,81.320000,81.500000,78.860001,79.949997,52.376678,43410800
2008-12-16,80.410004,83.639999,80.070000,83.139999,54.466503,58471100
2008-12-17,82.570000,83.239998,81.059998,81.059998,53.103848,51197300
2008-12-18,80.559998,80.980003,76.199997,77.000000,50.444088,59693900
2008-12-19,76.800003,78.330002,75.019997,75.019997,49.146946,68480300
2008-12-22,75.209999,75.870003,73.269997,74.910004,49.074890,41021900
2008-12-23,75.500000,76.360001,74.519997,75.099998,49.199356,32697800
2008-12-24,74.620003,76.099998,74.449997,75.779999,49.644825,11295800
2008-12-26,76.040001,77.400002,76.040001,77.190002,50.568546,17024000
2008-12-29,78.279999,78.550003,77.089996,78.019997,51.112305,22839900
2008-12-30,78.019997,79.199997,77.580002,78.589996,51.485699,25122300
2008-12-31,78.419998,80.589996,78.290001,79.830002,52.298050,30026400
2009-01-02,80.059998,82.110001,78.900002,81.639999,53.483833,35803700
2009-01-05,81.269997,82.419998,80.680000,81.629997,53.477268,43340100
2009-01-06,82.139999,82.730003,79.629997,80.300003,52.605965,41906100
2009-01-07,79.250000,80.190002,77.559998,78.250000,51.263000,35268800
2009-01-08,77.910004,79.570000,77.900002,79.089996,51.813278,30817100
2009-01-09,78.879997,79.250000,77.379997,77.570000,50.817509,32862000
2009-01-12,76.540001,77.519997,76.010002,76.540001,50.142738,38112100
2009-01-13,76.459999,78.339996,76.459999,77.919998,51.046783,47116500
2009-01-14,77.040001,77.309998,74.320000,75.099998,49.199356,48040500
2009-01-15,74.699997,76.699997,74.010002,76.660004,50.221340,55562200
2009-01-16,77.620003,78.449997,76.519997,78.099998,51.164707,45528100
2009-01-20,77.080002,78.629997,76.000000,76.290001,49.978954,42838600
2009-01-21,76.250000,79.379997,76.000000,79.260002,51.924660,43317700
2009-01-22,77.690002,78.919998,76.589996,78.230003,51.249886,40204700
2009-01-23,76.400002,78.800003,75.779999,78.040001,51.125416,46022800
2009-01-26,78.680000,80.169998,77.870003,78.599998,51.492279,42758400
2009-01-27,78.269997,79.430000,77.620003,78.919998,51.701908,38508900
2009-01-28,79.370003,79.599998,77.139999,79.250000,51.918102,45324700
2009-01-29,77.580002,78.000000,76.639999,77.000000,50.444088,38945300
2009-01-30,78.250000,78.889999,76.000000,76.480003,50.103416,51904600
2009-02-02,76.059998,77.120003,75.660004,76.690002,50.240997,36113100
2009-02-03,76.849998,78.639999,76.669998,78.120003,51.177818,39567300
2009-02-04,78.550003,78.889999,77.050003,77.660004,50.876450,29602000
2009-02-05,77.570000,79.919998,76.430000,79.779999,52.265316,39597400
2009-02-06,78.809998,80.489998,78.699997,80.339996,52.897369,36404400
2009-02-09,80.389999,80.500000,78.699997,79.480003,52.331150,27763200
2009-02-10,79.279999,79.599998,75.690002,76.139999,50.132030,43836100
2009-02-11,76.610001,76.769997,73.610001,74.580002,49.104893,47897600
2009-02-12,73.570000,75.250000,72.699997,75.220001,49.526279,42857500
2009-02-13,74.989998,75.580002,74.440002,74.589996,49.111481,30384300
2009-02-17,72.720001,72.910004,71.160004,71.279999,46.932117,41844300
2009-02-18,71.510002,72.580002,71.269997,71.940002,47.366673,34329200
2009-02-19,71.870003,72.959999,71.769997,72.160004,47.511524,31232400
2009-02-20,70.940002,72.220001,70.209999,71.230003,46.899189,42809100
2009-02-23,72.250000,72.800003,69.059998,69.300003,45.628441,40717900
2009-02-24,69.720001,72.290001,69.650002,72.089996,47.465431,48886900
2009-02-25,71.400002,73.489998,70.500000,72.050003,47.439098,55505600
2009-02-26,71.769997,73.480003,70.870003,70.949997,46.714836,37212400
2009-02-27,69.790001,70.230003,67.900002,67.900002,44.706638,64947400
2009-03-02,67.000000,67.430000,64.839996,64.910004,42.737976,54827200
2009-03-03,65.839996,66.120003,64.080002,64.360001,42.375847,48931900
2009-03-04,65.559998,66.540001,64.790001,65.680000,43.244961,51515300
2009-03-05,64.180000,64.580002,62.130001,62.220001,40.966835,50244900
2009-03-06,62.980000,64.589996,61.860001,64.029999,42.158569,47090200
2009-03-09,62.880001,65.980003,62.869999,64.570000,42.514118,42726000
2009-03-10,65.589996,67.480003,65.339996,67.389999,44.370853,51651700
2009-03-11,67.379997,67.959999,65.349998,65.769997,43.304222,37467100
2009-03-12,66.010002,67.489998,65.720001,67.150002,44.212833,40430500
2009-03-13,67.389999,67.629997,66.370003,67.199997,44.245766,35225200
2009-03-16,67.040001,68.230003,66.570000,66.970001,44.094322,33593400
2009-03-17,66.809998,69.239998,66.360001,69.089996,45.490181,30824900
2009-03-18,68.510002,70.000000,66.860001,69.169998,45.542831,41888000
2009-03-19,70.400002,70.430000,67.940002,68.330002,44.989769,38598400
2009-03-20,68.639999,69.440002,65.669998,66.089996,43.514919,67260000
2009-03-23,66.989998,70.820000,66.860001,70.529999,46.438305,51747600
2009-03-24,69.599998,70.690002,69.150002,69.379997,45.681114,32115200
2009-03-25,69.699997,71.169998,68.760002,70.160004,46.194687,36739800
2009-03-26,70.680000,71.489998,69.820000,71.230003,46.899189,37731700
2009-03-27,70.050003,70.599998,69.290001,69.980003,46.076168,29513200
2009-03-30,68.540001,68.849998,67.580002,68.629997,45.187313,32211000
2009-03-31,69.040001,69.339996,67.739998,68.099998,44.838326,41127100
2009-04-01,67.040001,69.480003,66.500000,69.230003,45.582348,39375500
2009-04-02,70.730003,71.150002,69.699997,70.250000,46.253933,38162200
2009-04-03,69.760002,70.790001,69.400002,70.440002,46.379036,26709000
2009-04-06,69.660004,70.430000,69.010002,70.050003,46.122246,27193000
2009-04-07,69.029999,69.250000,68.029999,68.709999,45.239979,28035500
2009-04-08,68.570000,69.589996,67.889999,68.959999,45.404583,26022200
2009-04-09,69.949997,70.410004,69.250000,69.839996,45.983994,26866100
2009-04-13,68.639999,69.059998,67.760002,68.019997,44.785648,27909800
2009-04-14,67.239998,67.930000,66.349998,67.699997,44.574982,32703100
2009-04-15,67.589996,68.500000,67.230003,68.139999,44.864674,24545600
2009-04-16,68.610001,68.610001,66.820000,67.410004,44.384037,27915600
2009-04-17,67.839996,68.059998,66.580002,66.750000,43.949478,32604300
2009-04-20,66.019997,66.419998,65.180000,65.290001,42.988171,31874800
2009-04-21,65.290001,66.279999,64.870003,66.230003,43.607086,32234400
2009-04-22,65.639999,65.839996,64.559998,64.750000,42.632637,31076500
2009-04-23,65.309998,65.760002,64.500000,65.709999,43.264717,29213500
2009-04-24,66.209999,67.000000,65.910004,66.570000,43.830963,32347600
2009-04-27,65.290001,66.650002,65.050003,66.129997,43.541245,26586500
2009-04-28,65.360001,67.730003,65.360001,67.080002,44.166752,27421000
2009-04-29,67.320000,68.629997,67.110001,68.440002,45.062206,28974900
2009-04-30,68.639999,68.739998,66.220001,66.669998,43.896793,35088500
2009-05-01,67.129997,68.059998,66.080002,68.010002,44.779079,27385000
2009-05-04,68.500000,68.910004,67.669998,68.199997,44.904175,27306100
2009-05-05,68.080002,68.320000,67.160004,67.650002,44.542049,19910300
2009-05-06,68.040001,68.599998,67.440002,68.580002,45.154369,30814800
2009-05-07,69.000000,69.040001,67.620003,68.930000,45.384830,32541600
2009-05-08,69.400002,71.230003,69.389999,70.800003,46.616081,35886400
2009-05-11,69.480003,69.639999,68.839996,69.269997,45.880859,23715900
2009-05-12,69.769997,71.199997,69.550003,70.820000,46.907516,28337300
2009-05-13,69.980003,70.570000,69.430000,69.769997,46.212032,26011900
2009-05-14,69.519997,70.080002,65.599998,69.760002,46.205433,21298100
2009-05-15,69.309998,69.750000,68.589996,69.110001,45.774887,26714600
2009-05-18,69.739998,70.760002,69.500000,70.500000,46.695549,25071900
2009-05-19,70.309998,71.129997,70.070000,70.519997,46.708797,20851500
2009-05-20,71.000000,71.389999,69.349998,69.610001,46.106052,28550700
2009-05-21,68.720001,68.980003,67.989998,68.389999,45.297989,24029200
2009-05-22,68.620003,69.680000,68.389999,68.830002,45.589439,18624200
2009-05-26,68.389999,69.949997,67.910004,69.809998,46.238525,29405600
2009-05-27,69.800003,70.620003,68.169998,68.300003,45.238369,23010500
2009-05-28,68.540001,69.800003,68.129997,69.230003,45.854362,27800500
2009-05-29,69.800003,70.250000,68.949997,69.349998,45.933853,33192400
2009-06-01,70.459999,72.040001,70.250000,71.760002,47.530117,31804200
2009-06-02,71.440002,73.209999,71.440002,72.919998,48.298424,28676700
2009-06-03,72.389999,72.449997,71.330002,72.080002,47.742069,29755400
2009-06-04,72.669998,73.050003,72.070000,72.980003,48.338188,25934100
2009-06-05,73.250000,73.500000,72.029999,72.970001,48.331554,26481100
2009-06-08,72.480003,73.690002,72.000000,73.169998,48.464020,23300300
2009-06-09,73.559998,73.820000,72.370003,73.120003,48.430893,21944500
2009-06-10,73.970001,74.120003,72.839996,73.839996,48.907799,27360200
2009-06-11,74.000000,74.830002,73.120003,74.050003,49.046890,30857000
2009-06-12,73.430000,74.160004,73.099998,73.779999,48.868057,21693200
2009-06-15,72.639999,72.959999,72.250000,72.809998,48.225567,27871600
2009-06-16,73.339996,73.430000,71.580002,71.629997,47.444000,24218800
2009-06-17,71.059998,71.779999,70.839996,71.419998,47.304905,29926300
2009-06-18,71.230003,72.089996,71.160004,71.440002,47.318157,20734300
2009-06-19,71.849998,72.000000,70.419998,71.050003,47.059837,42763000
2009-06-22,70.099998,70.169998,68.690002,68.839996,45.596058,28398500
2009-06-23,69.279999,69.639999,68.510002,68.949997,45.668907,24146400
2009-06-24,69.300003,69.620003,68.180000,68.449997,45.337738,20861400
2009-06-25,68.309998,70.029999,68.080002,69.879997,46.284904,30901300
2009-06-26,69.669998,69.790001,68.860001,69.050003,45.735138,27662000
2009-06-29,69.449997,70.779999,69.129997,70.580002,46.748543,24357700
2009-06-30,70.599998,70.970001,69.110001,69.910004,46.304779,27339800
2009-07-01,70.669998,71.510002,70.410004,70.559998,46.735291,22548700
2009-07-02,69.570000,69.720001,68.000000,68.489998,45.364220,22946200
2009-07-06,67.669998,68.150002,66.360001,68.099998,45.105900,29776400
2009-07-07,67.610001,67.809998,66.370003,66.559998,44.085899,25054300
2009-07-08,66.559998,67.129997,65.500000,66.260002,43.887192,30050500
2009-07-09,66.800003,66.970001,65.709999,65.970001,43.695114,22770900
2009-07-10,65.099998,65.400002,64.750000,65.120003,43.132126,25921000
2009-07-13,65.169998,65.730003,64.459999,65.699997,43.516277,31656600
2009-07-14,66.199997,66.349998,65.459999,66.220001,43.860703,22878800
2009-07-15,67.199997,68.510002,66.889999,68.440002,45.331116,29656700
2009-07-16,68.199997,68.800003,67.480003,68.459999,45.344345,23543600
2009-07-17,68.300003,68.750000,67.849998,68.519997,45.384098,25791100
2009-07-20,69.110001,69.379997,68.129997,68.940002,45.662296,21275900
2009-07-21,69.419998,70.510002,69.330002,70.470001,46.675678,25945600
2009-07-22,69.879997,70.720001,69.519997,69.989998,46.357758,24773800
2009-07-23,69.820000,71.739998,69.730003,71.610001,47.430748,27122600
2009-07-24,71.360001,72.379997,71.260002,72.290001,47.881153,18187900
2009-07-27,72.410004,72.790001,71.750000,72.750000,48.185829,17360300
2009-07-28,71.879997,72.500000,71.110001,71.889999,47.616192,23044500
2009-07-29,71.070000,71.580002,70.300003,71.430000,47.311535,24100600
2009-07-30,70.300003,71.519997,69.910004,70.720001,46.841270,37842300
2009-07-31,70.360001,70.500000,69.430000,70.389999,46.622692,28070600
2009-08-03,70.959999,71.400002,70.300003,70.650002,46.794907,24756800
2009-08-04,70.250000,70.639999,70.000000,70.599998,46.761791,18612000
2009-08-05,70.480003,70.489998,69.610001,70.029999,46.384247,20348800
2009-08-06,70.010002,70.029999,69.410004,69.730003,46.185551,17369900
2009-08-07,70.010002,70.389999,69.349998,69.470001,46.013344,18041800
2009-08-10,69.120003,69.709999,69.029999,69.180000,45.821247,16233400
2009-08-11,68.699997,68.790001,67.949997,68.129997,45.401421,16947000
2009-08-12,68.230003,69.550003,68.150002,69.110001,46.054497,19183400
2009-08-13,69.220001,69.220001,68.169998,68.750000,45.814587,20235600
2009-08-14,68.519997,68.660004,67.650002,68.209999,45.454731,19228000
2009-08-17,67.370003,67.370003,66.510002,66.550003,44.348534,24332000
2009-08-18,66.699997,66.809998,66.260002,66.489998,44.308540,21519700
2009-08-19,66.089996,68.190002,66.089996,68.000000,45.314781,28432900
2009-08-20,68.089996,68.779999,67.870003,68.589996,45.707954,17247200
2009-08-21,69.449997,70.000000,69.209999,69.919998,46.594276,26166000
2009-08-24,70.040001,71.650002,69.930000,71.300003,47.513897,25603700
2009-08-25,71.699997,71.889999,70.550003,70.680000,47.100727,21183500
2009-08-26,70.050003,71.470001,69.900002,71.370003,47.560543,18773100
2009-08-27,71.070000,71.169998,69.989998,70.860001,47.220676,21395500
2009-08-28,71.199997,71.199997,69.949997,70.120003,46.727543,17716500
2009-08-31,69.449997,69.849998,68.949997,69.150002,46.081146,24337900
2009-09-01,68.930000,69.500000,68.110001,68.410004,45.588009,24373900
2009-09-02,68.349998,68.900002,68.120003,68.180000,45.434738,16315800
2009-09-03,68.470001,68.650002,67.830002,68.260002,45.488060,15156000
2009-09-04,68.220001,69.300003,68.129997,69.180000,46.101128,15156600
2009-09-08,69.849998,70.970001,69.699997,70.650002,47.080727,21966000
2009-09-09,70.800003,71.050003,70.089996,70.500000,46.980770,19652600
2009-09-10,70.830002,71.040001,70.400002,70.650002,47.080727,19177600
2009-09-11,70.889999,71.080002,69.750000,69.980003,46.634258,17468500
2009-09-14,69.110001,70.290001,69.040001,70.000000,46.647575,17483100
2009-09-15,70.180000,70.180000,69.449997,69.489998,46.307716,19475900
2009-09-16,69.860001,70.379997,69.180000,70.339996,46.874157,22150400
2009-09-17,69.949997,70.449997,69.800003,69.839996,46.540958,20986000
2009-09-18,70.269997,70.480003,69.680000,69.989998,46.640911,43247900
2009-09-21,69.150002,69.680000,69.000000,69.570000,46.361031,17984000
2009-09-22,70.029999,70.139999,69.699997,69.830002,46.534286,14561800
2009-09-23,69.870003,70.339996,68.849998,69.000000,45.981171,20898600
2009-09-24,69.000000,69.360001,68.349998,68.930000,45.934544,21557000
2009-09-25,68.860001,69.540001,68.410004,68.699997,45.781261,16454900
2009-09-28,68.809998,69.849998,68.639999,69.589996,46.374363,13301600
2009-09-29,69.360001,69.709999,68.949997,69.070000,46.027828,14695100
2009-09-30,68.980003,69.239998,68.040001,68.610001,45.721283,27117400
2009-10-01,68.389999,68.500000,67.089996,67.269997,44.828308,24927000
2009-10-02,66.970001,67.139999,66.500000,66.580002,44.368515,20478900
2009-10-05,66.790001,67.779999,66.110001,67.580002,45.034912,21853000
2009-10-06,68.010002,69.099998,67.779999,68.660004,45.754616,21167400
2009-10-07,68.480003,68.930000,67.959999,68.669998,45.761288,15302500
2009-10-08,68.970001,69.300003,68.699997,69.050003,46.014500,19228800
2009-10-09,68.959999,69.269997,68.629997,69.269997,46.161114,13541900
2009-10-12,69.510002,70.500000,69.440002,70.129997,46.734219,16233800
2009-10-13,70.250000,70.389999,69.519997,70.260002,46.820839,19333400
2009-10-14,70.839996,71.879997,70.750000,71.839996,47.873741,25285700
2009-10-15,71.510002,73.000000,71.510002,72.940002,48.606781,24093600
2009-10-16,72.730003,73.349998,72.309998,73.120003,48.726723,23556600
2009-10-19,73.150002,73.970001,73.000000,73.620003,49.059940,20404600
2009-10-20,73.379997,73.540001,72.360001,73.019997,48.660091,20049600
2009-10-21,72.650002,74.300003,72.510002,73.309998,48.853340,23099500
2009-10-22,73.019997,74.650002,73.010002,74.440002,49.606373,26014500
2009-10-23,74.330002,74.330002,72.970001,73.570000,49.026608,20672100
2009-10-26,73.809998,74.919998,73.129997,73.230003,48.800018,27127700
2009-10-27,73.300003,75.000000,73.300003,74.910004,49.919579,30342500
2009-10-28,74.519997,74.959999,73.839996,73.839996,49.206535,26345700
2009-10-29,72.570000,74.000000,72.099998,73.959999,49.286499,30048500
2009-10-30,73.370003,73.820000,71.050003,71.669998,47.760437,32175900
2009-11-02,72.050003,72.849998,71.160004,72.150002,48.080341,20425900
2009-11-03,71.320000,72.300003,71.160004,71.739998,47.807102,20550500
2009-11-04,72.070000,72.529999,71.040001,71.300003,47.513897,22792700
2009-11-05,71.949997,72.750000,71.580002,72.500000,48.313564,16235600
2009-11-06,71.820000,72.690002,71.500000,72.580002,48.366875,18185000
2009-11-09,72.959999,73.169998,72.449997,72.849998,48.829361,16809400
2009-11-10,72.459999,73.230003,72.449997,72.610001,48.668503,15696600
2009-11-11,73.040001,73.430000,72.529999,72.910004,48.869591,14397900
2009-11-12,72.680000,73.050003,71.709999,71.900002,48.192604,16587600
2009-11-13,72.050003,73.160004,71.730003,72.470001,48.574661,14461600
2009-11-16,73.650002,74.669998,73.330002,74.430000,49.888401,21326200
2009-11-17,74.730003,75.160004,74.489998,75.029999,50.290562,22920700
2009-11-18,75.250000,75.400002,74.709999,75.269997,50.451420,16645700
2009-11-19,74.769997,74.900002,74.050003,74.650002,50.035847,17253900
2009-11-20,74.379997,74.809998,74.029999,74.379997,49.854885,19269900
2009-11-23,75.440002,75.959999,75.320000,75.699997,50.739639,18947100
2009-11-24,75.699997,75.989998,74.800003,75.970001,50.920620,17120900
2009-11-25,76.000000,76.540001,75.660004,76.470001,51.255764,13269200
2009-11-27,74.650002,75.379997,74.349998,74.870003,50.183308,12105300
2009-11-30,74.489998,75.349998,74.349998,75.070000,50.317375,21436400
2009-12-01,76.000000,76.239998,75.290001,76.040001,50.967545,17375700
2009-12-02,75.970001,76.300003,75.349998,75.790001,50.799973,14786900
2009-12-03,75.580002,75.760002,74.910004,74.989998,50.263741,17852600
2009-12-04,75.690002,75.970001,73.910004,74.250000,49.767750,23700900
2009-12-07,73.949997,74.720001,73.589996,73.769997,49.446018,17835600
2009-12-08,73.470001,73.500000,72.410004,72.949997,48.896397,18492900
2009-12-09,73.000000,73.550003,72.099998,72.790001,48.789162,17228500
2009-12-10,73.320000,73.559998,72.209999,72.400002,48.527733,23423700
2009-12-11,72.889999,73.150002,72.320000,72.830002,48.815964,17128300
2009-12-14,70.800003,71.300003,69.279999,69.690002,46.711311,91458900
2009-12-15,69.970001,70.110001,68.820000,69.169998,46.362751,54419600
2009-12-16,69.580002,69.599998,68.419998,68.430000,45.866764,57711800
2009-12-17,68.360001,68.860001,68.129997,68.220001,45.725998,46627000
2009-12-18,68.559998,68.800003,67.639999,68.209999,45.719299,62989400
2009-12-21,68.470001,68.750000,68.220001,68.510002,45.920383,34470100
2009-12-22,68.620003,69.209999,68.500000,68.570000,45.960590,27941800
2009-12-23,68.750000,68.779999,68.199997,68.260002,45.752819,18958900
2009-12-24,68.349998,68.750000,68.160004,68.660004,46.020931,8149200
2009-12-28,69.080002,69.120003,68.739998,69.080002,46.302433,19694600
2009-12-29,69.279999,69.400002,68.800003,68.839996,46.141567,19985700
2009-12-30,68.709999,68.959999,68.389999,68.769997,46.094650,19860600
2009-12-31,68.839996,68.860001,68.110001,68.190002,45.705887,18852300
2010-01-04,68.720001,69.260002,68.190002,69.150002,46.349365,27809100
2010-01-05,69.190002,69.449997,68.800003,69.419998,46.530319,30174700
2010-01-06,69.449997,70.599998,69.339996,70.019997,46.932491,35044700
2010-01-07,69.900002,70.059998,69.419998,69.800003,46.785034,27192100
2010-01-08,69.690002,69.750000,69.220001,69.519997,46.597363,24891800
2010-01-11,69.940002,70.519997,69.650002,70.300003,47.120174,30685000
2010-01-12,69.720001,69.989998,69.519997,69.949997,46.885574,31496700
2010-01-13,69.959999,70.040001,69.260002,69.669998,46.697903,24884400
2010-01-14,69.540001,69.739998,69.349998,69.680000,46.704601,18630800
2010-01-15,69.650002,69.690002,68.650002,69.110001,46.322552,29411900
2010-01-19,68.739998,69.349998,68.419998,69.269997,46.429790,26081900
2010-01-20,68.559998,68.660004,67.930000,68.029999,45.598652,34629500
2010-01-21,68.120003,68.150002,66.500000,66.699997,44.707180,39114000
2010-01-22,66.519997,67.139999,66.000000,66.099998,44.305023,39085500
2010-01-25,66.550003,66.760002,65.690002,65.849998,44.137455,29305100
2010-01-26,65.639999,66.739998,65.500000,65.919998,44.184372,34083300
2010-01-27,65.660004,66.059998,65.000000,65.540001,43.929668,35723500
2010-01-28,65.849998,65.849998,64.570000,64.959999,43.540909,37349800
2010-01-29,65.150002,65.820000,64.019997,64.430000,43.185673,40880500
2010-02-01,65.769997,66.410004,65.349998,66.180000,44.358646,37703000
2010-02-02,66.730003,67.120003,66.470001,66.959999,44.881458,34057900
2010-02-03,66.879997,67.230003,66.559998,66.599998,44.640160,24024700
2010-02-04,66.269997,66.349998,64.680000,64.720001,43.380047,33858200
2010-02-05,64.699997,64.900002,63.560001,64.800003,43.433666,42297500
2010-02-08,64.910004,65.489998,64.339996,64.349998,43.413429,30519400
2010-02-09,65.110001,65.709999,64.559998,65.199997,43.986870,36243300
2010-02-10,65.080002,65.220001,64.160004,64.849998,43.750759,21699100
2010-02-11,64.690002,65.480003,64.410004,65.239998,44.013866,23555200
2010-02-12,64.620003,65.139999,64.279999,64.800003,43.717014,30636200
2010-02-16,65.440002,66.379997,65.080002,66.279999,44.715496,30514900
2010-02-17,66.339996,66.449997,65.570000,65.760002,44.364693,21821800
2010-02-18,65.800003,66.089996,65.349998,65.959999,44.499603,22536700
2010-02-19,65.589996,66.239998,65.430000,65.870003,44.438896,24264600
2010-02-22,66.099998,66.120003,65.250000,65.400002,44.121799,20469700
2010-02-23,65.260002,65.559998,64.150002,64.940002,43.811474,33372900
2010-02-24,65.010002,65.870003,64.769997,65.550003,44.223011,21469600
2010-02-25,64.610001,65.169998,64.370003,65.139999,43.946404,25668800
2010-02-26,65.260002,65.400002,64.919998,65.000000,43.851948,20129700
2010-03-01,65.360001,65.540001,65.089996,65.400002,44.121799,18798600
2010-03-02,65.660004,65.790001,65.150002,65.489998,44.182537,24823900
2010-03-03,65.769997,65.970001,65.379997,65.430000,44.142040,22279800
2010-03-04,65.349998,65.629997,65.080002,65.400002,44.121799,21961100
2010-03-05,65.959999,66.519997,65.779999,66.470001,44.843670,26837900
2010-03-08,66.769997,66.790001,66.230003,66.480003,44.850426,20297200
2010-03-09,66.320000,67.190002,66.220001,66.779999,45.052818,29003100
2010-03-10,67.160004,67.419998,66.779999,67.220001,45.349659,24810300
2010-03-11,67.389999,67.559998,66.980003,67.220001,45.349659,19357400
2010-03-12,67.580002,67.580002,66.500000,66.800003,45.066303,23361800
2010-03-15,66.669998,66.690002,65.900002,66.300003,44.728992,22070000
2010-03-16,66.550003,66.680000,66.000000,66.570000,44.911152,35103700
2010-03-17,66.910004,67.790001,66.800003,67.360001,45.444111,38770000
2010-03-18,67.500000,67.739998,67.010002,67.389999,45.464344,25925500
2010-03-19,67.040001,67.889999,66.430000,67.040001,45.228222,45564200
2010-03-22,66.489998,67.199997,66.320000,66.970001,45.180996,21390600
2010-03-23,66.940002,66.980003,66.449997,66.949997,45.167500,24754700
2010-03-24,66.570000,66.860001,66.230003,66.500000,44.863918,19748800
2010-03-25,66.809998,66.919998,66.239998,66.300003,44.728992,21095600
2010-03-26,66.440002,66.879997,66.169998,66.540001,44.890896,30553400
2010-03-29,66.660004,67.480003,66.589996,67.300003,45.403641,26122200
2010-03-30,67.190002,67.300003,66.790001,67.050003,45.234974,17745900
2010-03-31,66.940002,67.190002,66.599998,66.980003,45.187744,22352500
2010-04-01,67.269997,67.800003,67.190002,67.610001,45.612789,19614700
2010-04-05,67.839996,68.360001,67.720001,68.190002,46.004082,20901100
2010-04-06,67.989998,68.349998,67.800003,67.900002,45.808407,19776800
2010-04-07,67.830002,67.849998,66.970001,67.339996,45.430607,24531500
2010-04-08,67.010002,68.220001,66.849998,67.860001,45.781418,24060800
2010-04-09,68.110001,68.980003,68.070000,68.760002,46.388626,21099600
2010-04-12,68.800003,69.050003,68.580002,68.709999,46.354893,18170300
2010-04-13,68.470001,68.760002,68.070000,68.660004,46.321156,19177100
2010-04-14,68.720001,68.820000,68.360001,68.610001,46.287426,18777800
2010-04-15,68.500000,68.720001,68.150002,68.260002,46.051292,16712900
2010-04-16,68.120003,68.699997,67.709999,67.930000,45.828659,33855100
2010-04-19,67.750000,68.440002,67.570000,68.230003,46.031063,25686000
2010-04-20,68.620003,69.220001,68.500000,68.970001,46.530300,22989500
2010-04-21,69.000000,69.430000,68.570000,68.919998,46.496563,21119200
2010-04-22,68.519997,68.730003,68.220001,68.559998,46.253696,21654700
2010-04-23,68.500000,69.269997,68.180000,69.239998,46.712440,24340000
2010-04-26,69.029999,69.529999,68.930000,69.290001,46.746181,18237100
2010-04-27,69.010002,70.000000,68.199997,68.269997,46.058037,36374700
2010-04-28,68.870003,69.540001,68.610001,69.190002,46.678715,33243500
2010-04-29,68.449997,69.660004,68.239998,68.660004,46.321156,47200900
2010-04-30,68.900002,69.309998,67.730003,67.769997,45.720715,43762100
2010-05-03,68.110001,68.220001,67.180000,67.839996,45.767960,30734900
2010-05-04,67.150002,67.260002,66.000000,66.470001,44.843670,31646100
2010-05-05,65.940002,66.940002,65.830002,66.169998,44.641285,30260300
2010-05-06,65.790001,66.230003,58.459999,63.889999,43.103088,58336300
2010-05-07,64.500000,64.919998,63.230000,63.700001,42.974911,69004800
2010-05-10,65.419998,65.750000,64.519997,65.230003,44.007111,38337600
2010-05-11,64.620003,65.000000,64.230003,64.459999,43.782970,29790600
2010-05-12,64.639999,65.339996,64.500000,64.910004,44.088631,25390700
2010-05-13,64.870003,65.269997,64.320000,64.739998,43.973160,26791600
2010-05-14,64.500000,64.730003,62.910000,63.599998,43.198841,38815400
2010-05-17,63.740002,63.880001,62.259998,63.270000,42.974686,31923700
2010-05-18,64.050003,64.269997,62.419998,62.790001,42.648651,34457000
2010-05-19,62.459999,62.939999,62.000000,62.450001,42.417725,36722500
2010-05-20,61.470001,61.680000,60.209999,60.330002,40.977776,57194500
2010-05-21,59.160000,60.950001,59.160000,60.880001,41.351341,52802900
2010-05-24,60.740002,61.000000,60.130001,60.189999,40.882671,27847800
2010-05-25,58.990002,59.779999,58.459999,59.709999,40.556641,50533800
2010-05-26,60.080002,60.459999,59.119999,59.310001,40.284950,34028900
2010-05-27,60.500000,61.549999,60.099998,61.459999,41.745293,31911500
2010-05-28,61.209999,61.669998,60.279999,60.459999,41.066059,32078700
2010-06-01,60.380001,60.860001,59.139999,59.250000,40.244202,32972000
2010-06-02,59.509998,60.799999,59.230000,60.770000,41.276630,28668400
2010-06-03,61.230000,62.009998,60.599998,61.560001,41.813213,32383700
2010-06-04,60.740002,61.049999,59.290001,59.529999,40.434383,45019200
2010-06-07,59.980000,60.410000,59.200001,59.299999,40.278164,28389500
2010-06-08,59.619999,61.439999,59.380001,61.240002,41.595867,48460700
2010-06-09,61.580002,61.599998,59.820000,60.029999,40.773998,31693200
2010-06-10,61.500000,62.000000,61.160000,61.889999,42.037361,33020100
2010-06-11,61.680000,61.919998,61.180000,61.860001,42.016975,21227100
2010-06-14,62.060001,62.459999,61.320000,61.369999,41.684162,24667800
2010-06-15,61.889999,62.570000,61.490002,62.509998,42.458469,24532600
2010-06-16,61.970001,62.619999,61.900002,62.509998,42.458469,20652700
2010-06-17,62.419998,62.700001,61.950001,62.599998,42.519608,23310200
2010-06-18,62.779999,63.369999,62.400002,63.099998,42.859222,32747000
2010-06-21,64.099998,64.500000,62.849998,63.130001,42.879597,24877600
2010-06-22,63.130001,63.200001,61.790001,61.939999,42.071323,26147000
2010-06-23,61.709999,62.259998,60.900002,61.099998,41.500778,38058900
2010-06-24,60.820000,61.200001,59.869999,60.070000,40.801159,34188500
2010-06-25,60.150002,60.240002,59.099998,59.099998,40.142315,118023500
2010-06-28,59.310001,59.389999,58.470001,58.470001,39.714397,43013000
2010-06-29,58.000000,58.090000,57.000000,57.290001,38.912914,52525000
2010-06-30,57.330002,57.730000,56.919998,57.070000,38.763481,43944900
2010-07-01,56.980000,57.270000,56.169998,56.610001,38.451046,47746400
2010-07-02,56.849998,56.990002,55.939999,56.570000,38.423874,32767900
2010-07-06,57.169998,57.590000,56.770000,57.459999,39.028374,36912100
2010-07-07,57.369999,58.450001,57.259998,58.430000,39.687233,41797200
2010-07-08,59.130001,59.200001,58.130001,58.810001,39.945343,40430300
2010-07-09,58.759998,59.009998,58.299999,58.779999,39.924953,25976500
2010-07-12,58.290001,58.939999,58.200001,58.939999,40.033638,23515000
2010-07-13,59.599998,59.720001,59.040001,59.419998,40.359661,30514200
2010-07-14,59.220001,59.340000,58.619999,59.259998,40.250984,26061100
2010-07-15,59.360001,59.490002,58.590000,59.270000,40.257778,24737300
2010-07-16,58.840000,59.110001,57.810001,57.959999,39.367996,35805700
2010-07-19,58.330002,58.740002,58.099998,58.430000,39.687233,20960000
2010-07-20,57.680000,58.990002,57.669998,58.950001,40.040436,23807300
2010-07-21,59.130001,59.130001,57.599998,58.169998,39.510628,26859700
2010-07-22,58.709999,59.790001,58.660000,59.380001,40.332497,27051400
2010-07-23,59.259998,59.810001,58.799999,59.720001,40.563431,19281400
2010-07-26,59.700001,60.439999,59.630001,60.389999,41.018517,20236500
2010-07-27,60.619999,60.900002,60.389999,60.810001,41.303799,22400800
2010-07-28,60.730000,61.270000,60.730000,60.910000,41.371723,23511100
2010-07-29,61.419998,61.880001,60.290001,60.340000,40.984570,33763000
2010-07-30,60.150002,60.509998,59.599998,59.680000,40.536255,29354600
2010-08-02,60.639999,62.040001,60.610001,61.939999,42.071323,28144000
2010-08-03,61.980000,62.990002,61.880001,62.720001,42.601120,31075800
2010-08-04,62.860001,62.889999,62.270000,62.720001,42.601120,21033800
2010-08-05,62.279999,62.709999,61.849998,62.709999,42.594334,19985300
2010-08-06,61.919998,62.500000,61.250000,61.970001,42.091698,23097300
2010-08-09,62.560001,62.669998,62.180000,62.450001,42.417725,14731300
2010-08-10,61.849998,62.169998,61.450001,61.930000,42.064526,23188500
2010-08-11,60.549999,60.660000,60.200001,60.389999,41.312035,24281300
2010-08-12,59.700001,60.560001,59.560001,60.230000,41.202576,16951300
2010-08-13,59.959999,60.450001,59.799999,59.910000,40.983662,14651300
2010-08-16,59.599998,60.250000,59.250000,59.880001,40.963173,14301100
2010-08-17,60.490002,61.160000,60.139999,60.820000,41.606190,20122200
2010-08-18,60.669998,60.720001,59.630001,60.150002,41.147861,20071500
2010-08-19,59.930000,60.060001,58.900002,59.290001,40.559532,21174500
2010-08-20,59.020000,59.070000,58.549999,58.889999,40.285896,21008800
2010-08-23,58.970001,60.049999,58.900002,59.500000,40.703194,21337700
2010-08-24,58.959999,59.450001,58.790001,58.939999,40.320107,25679100
2010-08-25,58.689999,59.400002,58.419998,58.910000,40.299591,20944000
2010-08-26,59.360001,59.500000,58.330002,58.480000,40.005417,22320900
2010-08-27,58.720001,59.959999,58.049999,59.799999,40.908428,28279500
2010-08-30,59.560001,59.900002,58.959999,59.000000,40.361145,16265100
2010-08-31,58.750000,59.540001,58.500000,59.110001,40.436401,26985400
2010-09-01,60.040001,60.959999,59.720001,60.910000,41.667778,26286200
2010-09-02,60.490002,61.060001,60.369999,61.060001,41.770359,18662600
2010-09-03,61.200001,61.599998,60.750000,61.320000,41.948242,21982900
2010-09-07,60.889999,61.070000,60.450001,60.549999,41.421486,19435700
2010-09-08,60.660000,61.259998,60.630001,60.750000,41.558308,17380600
2010-09-09,61.500000,61.590000,60.910000,61.049999,41.763531,16525200
2010-09-10,61.380001,61.480000,60.950001,61.200001,41.866138,14488400
2010-09-13,61.389999,61.520000,60.540001,61.000000,41.729328,23141800
2010-09-14,60.840000,61.340000,60.750000,61.009998,41.736160,17977500
2010-09-15,60.759998,61.029999,60.360001,61.000000,41.729328,18769900
2010-09-16,60.849998,60.990002,60.450001,60.970001,41.708817,16432500
2010-09-17,61.189999,61.299999,60.630001,60.779999,41.578815,26447200
2010-09-20,61.040001,61.820000,60.950001,61.549999,42.105560,21788100
2010-09-21,61.650002,61.900002,61.250000,61.540001,42.098736,20525200
2010-09-22,61.560001,62.000000,61.410000,61.450001,42.037163,18207700
2010-09-23,60.990002,61.570000,60.900002,61.150002,41.831936,18097800
2010-09-24,61.509998,62.130001,61.360001,61.750000,42.242390,25145300
2010-09-27,61.990002,62.080002,61.680000,61.709999,42.215031,16642800
2010-09-28,61.630001,62.259998,61.270000,62.060001,42.454464,18806700
2010-09-29,61.770000,62.020000,61.270000,61.590000,42.132935,21158000
2010-09-30,61.950001,62.439999,61.470001,61.790001,42.269756,25460200
2010-10-01,62.320000,62.580002,61.799999,62.540001,42.782822,24160200
2010-10-04,62.520000,62.730000,61.840000,62.189999,42.543396,16902500
2010-10-05,62.590000,63.400002,62.430000,63.259998,43.275349,25185400
2010-10-06,63.180000,63.939999,63.180000,63.939999,43.740536,21645200
2010-10-07,63.959999,64.000000,63.369999,63.849998,43.678982,19468400
2010-10-08,63.810001,64.529999,63.630001,64.379997,44.041531,22370500
2010-10-11,64.360001,64.809998,64.309998,64.550003,44.157841,13848900
2010-10-12,64.309998,64.889999,63.930000,64.699997,44.260445,20732000
2010-10-13,64.839996,65.290001,64.570000,65.040001,44.493034,22560500
2010-10-14,65.050003,65.449997,64.870003,65.300003,44.670914,17778100
2010-10-15,65.639999,65.650002,64.820000,65.190002,44.595642,25500700
2010-10-18,65.190002,66.540001,65.029999,66.279999,45.341305,22481700
2010-10-19,65.589996,66.040001,64.589996,65.120003,44.547768,25367400
2010-10-20,65.470001,66.389999,65.349998,66.010002,45.156601,20543900
2010-10-21,66.290001,66.800003,65.650002,66.320000,45.368664,21291200
2010-10-22,66.510002,66.550003,66.129997,66.339996,45.382347,13332800
2010-10-25,66.680000,66.809998,66.160004,66.199997,45.286575,16516600
2010-10-26,65.959999,66.570000,65.809998,66.529999,45.512337,17652900
2010-10-27,65.949997,65.989998,65.089996,65.669998,44.924015,23358900
2010-10-28,66.430000,66.699997,66.050003,66.220001,45.300266,20464200
2010-10-29,66.099998,66.559998,65.989998,66.489998,45.484970,19265600
2010-11-01,66.720001,67.209999,66.629997,66.949997,45.799648,22372700
2010-11-02,67.320000,68.250000,67.209999,67.839996,46.408493,26192200
2010-11-03,68.230003,68.269997,67.320000,67.970001,46.497410,26545300
2010-11-04,68.400002,69.599998,68.290001,69.379997,47.461971,31221400
2010-11-05,69.440002,70.000000,69.400002,70.000000,47.886097,26531700
2010-11-08,69.489998,70.419998,69.459999,70.320000,48.105038,23628000
2010-11-09,70.290001,71.110001,70.099998,70.629997,48.621311,33938100
2010-11-10,70.959999,71.160004,70.150002,71.129997,48.965508,25482400
2010-11-11,71.000000,71.900002,70.730003,71.830002,49.447388,23788900
2010-11-12,71.379997,71.400002,70.430000,70.989998,48.869148,24598100
2010-11-15,71.010002,71.220001,70.440002,70.480003,48.518059,18779600
2010-11-16,69.620003,69.820000,68.559998,68.940002,47.457928,27543400
2010-11-17,68.839996,69.379997,68.559998,69.010002,47.506126,17471800
2010-11-18,69.650002,70.389999,69.639999,70.309998,48.401028,18322900
2010-11-19,70.199997,70.589996,69.360001,70.540001,48.559364,24116400
2010-11-22,70.099998,70.300003,68.790001,70.190002,48.318424,18907900
2010-11-23,68.800003,69.150002,68.320000,68.980003,47.485470,22672000
2010-11-24,69.250000,70.000000,69.190002,69.879997,48.105030,19335600
2010-11-26,69.300003,69.430000,68.900002,69.230003,47.657558,7324600
2010-11-29,68.860001,69.639999,68.300003,69.449997,47.808998,20021200
2010-11-30,68.550003,69.750000,68.320000,69.559998,47.884735,27524300
2010-12-01,70.379997,71.550003,70.379997,71.330002,49.103195,26590200
2010-12-02,71.190002,71.660004,70.949997,71.480003,49.206451,21274800
2010-12-03,71.010002,71.300003,70.889999,71.190002,49.006813,19457100
2010-12-06,71.199997,71.599998,71.059998,71.309998,49.089413,15985400
2010-12-07,71.910004,72.180000,71.419998,71.459999,49.192665,23694600
2010-12-08,71.870003,72.220001,71.480003,71.849998,49.461159,22654900
2010-12-09,72.050003,72.139999,71.330002,72.000000,49.564415,17971600
2010-12-10,72.180000,72.180000,71.620003,72.180000,49.688332,17699500
2010-12-13,72.410004,72.750000,72.070000,72.360001,49.812241,21170500
2010-12-14,72.230003,72.500000,71.930000,72.180000,49.688332,20625900
2010-12-15,71.870003,72.309998,71.790001,71.849998,49.461159,20979000
2010-12-16,71.919998,72.330002,71.570000,72.220001,49.715862,18513900
2010-12-17,72.110001,72.389999,71.779999,72.169998,49.681442,36761300
2010-12-20,72.239998,72.500000,71.879997,72.220001,49.715862,16045800
2010-12-21,72.430000,72.970001,72.230003,72.720001,50.060047,21772800
2010-12-22,72.940002,73.000000,72.650002,72.800003,50.115131,14606600
2010-12-23,72.940002,73.199997,72.830002,73.199997,50.390484,11390900
2010-12-27,72.809998,73.300003,72.809998,73.010002,50.259705,9757200
2010-12-28,73.199997,73.559998,72.959999,73.419998,50.541927,14423400
2010-12-29,73.410004,73.690002,73.339996,73.370003,50.507519,11797700
2010-12-30,73.290001,73.510002,73.050003,73.360001,50.500633,10790400
2010-12-31,73.160004,73.510002,73.019997,73.120003,50.335403,15273700
2011-01-03,73.720001,74.790001,73.639999,74.550003,51.319824,23320700
2011-01-04,74.709999,74.949997,74.419998,74.900002,51.560768,20028500
2011-01-05,74.669998,74.870003,74.139999,74.699997,51.423077,16550800
2011-01-06,74.900002,75.430000,74.669998,75.180000,51.753510,22525300
2011-01-07,75.209999,75.900002,75.089996,75.589996,52.035751,19297700
2011-01-10,75.129997,75.269997,74.580002,75.129997,51.719078,20766400
2011-01-11,75.019997,75.860001,75.019997,75.690002,52.104588,15805400
2011-01-12,75.940002,76.620003,75.669998,76.580002,52.717278,17363000
2011-01-13,76.650002,76.820000,75.980003,76.709999,52.806759,20438100
2011-01-14,76.669998,78.000000,76.500000,77.839996,53.584633,23478700
2011-01-18,77.790001,78.849998,77.720001,78.709999,54.183544,23883600
2011-01-19,78.629997,78.930000,78.129997,78.239998,53.860004,21844100
2011-01-20,77.980003,78.160004,76.769997,77.750000,53.522678,29121600
2011-01-21,78.209999,79.099998,78.059998,78.980003,54.369419,25084400
2011-01-24,78.849998,79.180000,78.089996,78.589996,54.100937,24871600
2011-01-25,78.220001,78.989998,77.930000,78.680000,54.162884,21626300
2011-01-26,78.709999,79.860001,78.489998,79.660004,54.837524,25555400
2011-01-27,79.839996,79.980003,79.339996,79.879997,54.988972,17003500
2011-01-28,79.779999,79.889999,78.870003,78.989998,54.376297,26300600
2011-01-31,79.919998,80.820000,79.010002,80.680000,55.539688,34514400
2011-02-01,81.139999,83.959999,81.040001,83.910004,57.763195,40829600
2011-02-02,83.589996,83.980003,83.260002,83.410004,57.419003,18176900
2011-02-03,83.059998,83.550003,82.459999,83.440002,57.439651,19647700
2011-02-04,83.250000,83.519997,82.849998,83.279999,57.329510,16558300
2011-02-07,83.449997,84.000000,83.360001,83.930000,57.776970,15304300
2011-02-08,83.500000,83.650002,82.639999,82.980003,57.424023,17463500
2011-02-09,82.440002,82.779999,81.769997,82.550003,57.126488,15890900
2011-02-10,81.680000,83.309998,81.610001,83.199997,57.576271,21050500
2011-02-11,82.230003,83.410004,82.230003,82.820000,57.313286,15993500
2011-02-14,82.070000,85.110001,81.889999,84.910004,58.759640,33108300
2011-02-15,84.790001,84.889999,82.669998,82.970001,57.417141,25684600
2011-02-16,83.059998,83.860001,82.860001,83.690002,57.915359,16673500
2011-02-17,83.970001,83.970001,83.050003,83.879997,58.046860,17853500
2011-02-18,83.910004,84.500000,83.500000,84.500000,58.475918,22839500
2011-02-22,84.970001,86.699997,84.730003,85.440002,59.126400,32580400
2011-02-23,86.000000,88.230003,85.470001,87.070000,60.254395,38624600
2011-02-24,87.199997,87.529999,85.459999,85.970001,59.493168,28577100
2011-02-25,85.790001,86.239998,85.290001,85.339996,59.057209,22230300
2011-02-28,85.870003,86.559998,85.489998,85.529999,59.188690,24507000
2011-03-01,86.410004,86.500000,84.699997,84.800003,58.683521,23001800
2011-03-02,84.589996,85.320000,83.550003,85.080002,58.877281,17423600
2011-03-03,85.459999,85.949997,85.050003,85.820000,59.389381,17153500
2011-03-04,85.919998,86.000000,84.699997,85.080002,58.877281,20028600
2011-03-07,85.839996,86.080002,84.690002,84.720001,58.628178,18062700
2011-03-08,84.599998,85.110001,83.750000,84.599998,58.545109,17658200
2011-03-09,84.120003,84.550003,83.559998,84.379997,58.392857,13306600
2011-03-10,83.800003,83.800003,81.199997,81.379997,56.316799,25996300
2011-03-11,81.019997,82.910004,80.099998,82.120003,56.828911,17607100
2011-03-14,81.669998,82.639999,81.459999,82.379997,57.008808,16383200
2011-03-15,80.169998,82.089996,79.750000,81.389999,56.323719,23191300
2011-03-16,81.230003,81.809998,78.800003,79.309998,54.884300,33396500
2011-03-17,80.379997,81.500000,80.230003,81.160004,56.164547,21941300
2011-03-18,81.769997,82.330002,80.849998,80.849998,55.950016,28895900
2011-03-21,81.870003,83.330002,81.860001,82.839996,57.327129,18207000
2011-03-22,83.099998,83.230003,82.330002,82.559998,57.133385,16209700
2011-03-23,82.650002,83.000000,82.000000,82.599998,57.161057,15390600
2011-03-24,82.779999,83.470001,82.550003,82.730003,57.251019,17009000
2011-03-25,82.989998,83.930000,82.820000,83.620003,57.866936,16497300
2011-03-28,83.860001,84.010002,83.449997,83.470001,57.763115,14608200
2011-03-29,83.160004,83.889999,82.610001,83.250000,57.610870,16277400
2011-03-30,83.800003,84.860001,83.510002,84.489998,58.468990,15770400
2011-03-31,84.820000,84.940002,84.110001,84.129997,58.219833,15317800
2011-04-01,84.720001,84.839996,84.169998,84.680000,58.600464,15531500
2011-04-04,84.260002,84.930000,84.070000,84.870003,58.731949,13096100
2011-04-05,84.680000,85.940002,84.559998,85.419998,59.112560,17122600
2011-04-06,85.730003,85.889999,84.959999,85.180000,58.946491,13339700
2011-04-07,85.160004,85.790001,84.910004,85.760002,59.347858,16006700
2011-04-08,86.000000,86.220001,85.360001,85.949997,59.479351,15943200
2011-04-11,85.949997,86.150002,84.779999,85.160004,58.932640,13026500
2011-04-12,84.239998,84.250000,82.669998,83.180000,57.562450,20728800
2011-04-13,83.580002,83.949997,82.559998,83.160004,57.548611,14489400
2011-04-14,82.379997,83.839996,82.379997,83.440002,57.742359,15717500
2011-04-15,83.800003,84.470001,83.360001,84.290001,58.330589,17022500
2011-04-18,83.110001,84.000000,82.440002,83.099998,57.507053,15107300
2011-04-19,82.970001,83.989998,82.970001,83.800003,57.991486,12770800
2011-04-20,85.050003,85.680000,84.870003,85.650002,59.271744,15447600
2011-04-21,85.769997,86.430000,85.559998,86.360001,59.763054,12797200
2011-04-25,86.290001,86.500000,85.889999,86.220001,59.666176,9852800
2011-04-26,86.430000,87.480003,86.260002,87.419998,60.496616,17908800
2011-04-27,87.480003,87.900002,86.290001,87.779999,60.745739,17755800
2011-04-28,87.029999,87.500000,86.529999,87.339996,60.441242,18705300
2011-04-29,87.430000,88.000000,87.029999,87.980003,60.884159,17352300
2011-05-02,88.099998,88.129997,86.470001,86.970001,60.185188,18651200
2011-05-03,86.589996,86.779999,85.040001,85.620003,59.250984,18417100
2011-05-04,85.190002,85.599998,83.910004,84.809998,58.690430,22867000
2011-05-05,83.519997,83.989998,81.589996,82.620003,57.174904,27491200
2011-05-06,83.269997,84.099998,81.849998,82.690002,57.223347,26314700
2011-05-09,83.010002,83.720001,82.160004,83.180000,57.562450,18254600
2011-05-10,83.080002,83.760002,82.500000,83.339996,57.673145,17695700
2011-05-11,82.510002,82.690002,80.440002,81.120003,56.455265,24192000
2011-05-12,80.620003,81.589996,79.419998,81.050003,56.406544,21853600
2011-05-13,81.290001,81.769997,80.220001,80.870003,56.281261,17628500
2011-05-16,80.220001,81.269997,80.120003,80.239998,55.842819,16435100
2011-05-17,79.989998,80.790001,79.599998,80.410004,55.961128,18067800
2011-05-18,80.879997,82.269997,80.430000,81.739998,56.886749,17957000
2011-05-19,82.269997,82.580002,81.339996,82.330002,57.297363,15229100
2011-05-20,81.980003,82.250000,80.900002,81.570000,56.768436,19003400
2011-05-23,80.220001,81.010002,80.070000,80.669998,56.142075,16288500
2011-05-24,81.050003,82.120003,80.940002,81.290001,56.573566,15687300
2011-05-25,80.970001,82.529999,80.839996,81.959999,57.039852,19347200
2011-05-26,81.599998,82.570000,81.190002,82.389999,57.339115,16873700
2011-05-27,82.739998,83.129997,82.150002,82.629997,57.506142,11949100
2011-05-31,83.279999,83.750000,82.720001,83.470001,58.090740,23630700
2011-06-01,83.550003,83.650002,81.760002,82.029999,57.088547,19550200
2011-06-02,81.769997,82.320000,80.650002,81.330002,56.601425,18152600
2011-06-03,80.239998,81.790001,80.180000,81.180000,56.496994,17281200
2011-06-06,80.930000,81.190002,80.080002,80.290001,55.877609,15954300
2011-06-07,80.610001,81.089996,79.970001,80.000000,55.675793,16188100
2011-06-08,80.610001,81.870003,80.519997,80.760002,56.204700,23567300
2011-06-09,81.239998,81.680000,80.959999,81.180000,56.496994,17665100
2011-06-10,80.949997,80.949997,79.720001,79.779999,55.522686,18965900
2011-06-13,80.000000,80.599998,78.839996,79.230003,55.139923,17854200
2011-06-14,80.050003,80.820000,79.940002,80.379997,55.940250,16443400
2011-06-15,79.529999,79.889999,78.370003,78.660004,54.743233,21713900
2011-06-16,78.589996,79.510002,78.330002,79.220001,55.132954,19037500
2011-06-17,79.849998,79.949997,78.690002,79.019997,54.993771,25441200
2011-06-20,78.650002,79.949997,78.620003,79.709999,55.473969,15836400
2011-06-21,80.230003,81.120003,80.010002,80.570000,56.072491,17897300
2011-06-22,80.160004,80.669998,79.570000,79.820000,55.550526,18599700
2011-06-23,78.739998,78.750000,77.230003,78.440002,54.590118,30032800
2011-06-24,78.550003,78.629997,76.779999,76.779999,53.434841,36292700
2011-06-27,76.879997,78.480003,76.720001,77.919998,54.228226,20606900
2011-06-28,78.570000,79.660004,78.379997,79.629997,55.418293,18421500
2011-06-29,79.849998,80.500000,79.220001,80.250000,55.849777,18899900
2011-06-30,80.389999,81.410004,80.269997,81.379997,56.636185,19942100
2011-07-01,81.190002,82.089996,80.589996,82.010002,57.074642,18050100
2011-07-05,81.300003,82.120003,81.260002,81.599998,56.789295,18859600
2011-07-06,81.400002,81.660004,80.849998,81.570000,56.768436,15042600
2011-07-07,82.269997,82.599998,81.870003,82.360001,57.318226,18379200
2011-07-08,81.580002,82.529999,81.459999,82.419998,57.359978,18336500
2011-07-11,81.300003,82.110001,81.120003,81.900002,56.998089,20717000
2011-07-12,81.510002,83.010002,81.500000,81.889999,56.991123,22639600
2011-07-13,82.269997,83.459999,82.080002,82.480003,57.401749,19015100
2011-07-14,83.050003,83.110001,82.089996,82.239998,57.234707,19413200
2011-07-15,82.419998,83.089996,82.260002,83.000000,57.763638,22705100
2011-07-18,82.290001,82.849998,82.080002,82.650002,57.520069,17343500
2011-07-19,82.900002,83.760002,82.800003,83.629997,58.202076,16424900
2011-07-20,83.839996,83.889999,83.169998,83.300003,57.972435,12808400
2011-07-21,83.860001,85.239998,83.750000,85.019997,59.169441,21359700
2011-07-22,85.199997,85.410004,84.540001,85.220001,59.308643,13152600
2011-07-25,84.199997,85.129997,84.199997,84.570000,58.856281,14007600
2011-07-26,84.669998,85.099998,84.040001,84.370003,58.717068,16226700
2011-07-27,83.790001,84.250000,83.239998,83.309998,57.979385,19820600
2011-07-28,81.739998,82.449997,81.150002,81.459999,56.691887,24556600
2011-07-29,80.790001,80.879997,79.760002,79.790001,55.529667,26609000
2011-08-01,80.820000,81.180000,78.739998,79.599998,55.397388,22864500
2011-08-02,78.900002,79.610001,77.820000,77.839996,54.172550,28410500
2011-08-03,77.940002,78.099998,76.459999,77.720001,54.089039,28373000
2011-08-04,76.680000,77.129997,73.510002,73.839996,51.388756,42624200
2011-08-05,75.010002,75.790001,72.070000,74.820000,52.070793,47167500
2011-08-08,72.739998,73.440002,69.900002,70.190002,48.848553,58857600
2011-08-09,70.790001,71.870003,67.029999,71.639999,49.857674,61753300
2011-08-10,70.739998,70.989998,67.459999,68.029999,47.657959,47758300
2011-08-11,68.809998,72.400002,68.629997,71.580002,50.144882,50328600
2011-08-12,72.360001,73.099998,71.599998,72.000000,50.439117,31129000
2011-08-15,73.040001,74.379997,72.750000,74.290001,52.043365,23388200
2011-08-16,73.349998,74.339996,72.830002,73.500000,51.489956,26341400
2011-08-17,74.290001,74.750000,73.500000,74.160004,51.952286,18269400
2011-08-18,72.410004,72.790001,70.209999,70.940002,49.696556,35457700
2011-08-19,70.070000,71.980003,69.669998,69.800003,48.897926,34935300
2011-08-22,72.150002,72.160004,69.580002,70.180000,49.164135,27202900
2011-08-23,70.599998,73.800003,70.519997,73.660004,51.602028,38059600
2011-08-24,72.959999,73.860001,72.269997,73.540001,51.517952,22752900
2011-08-25,73.639999,73.919998,71.269997,71.769997,50.277996,30924500
2011-08-26,70.879997,73.000000,70.209999,72.639999,50.887470,26974400
2011-08-29,73.330002,74.220001,72.980003,74.120003,51.924282,18967100
2011-08-30,73.589996,74.400002,72.970001,73.910004,51.777164,22437000
2011-08-31,74.360001,74.870003,73.339996,74.019997,51.854229,29189000
2011-09-01,74.150002,74.860001,73.449997,73.489998,51.482929,23393500
2011-09-02,72.110001,72.690002,71.500000,72.139999,50.537182,21071800
2011-09-06,70.139999,71.320000,69.910004,71.150002,49.843662,25416300
2011-09-07,72.239998,73.650002,71.750000,73.650002,51.595013,23108400
2011-09-08,73.389999,74.339996,72.540001,72.820000,51.013577,22434800
2011-09-09,72.169998,72.570000,70.589996,71.010002,49.745586,27969100
2011-09-12,70.339996,71.889999,69.870003,71.839996,50.327034,26205800
2011-09-13,71.760002,71.980003,70.809998,71.650002,50.193935,22825400
2011-09-14,71.959999,73.760002,71.160004,72.639999,50.887470,26042800
2011-09-15,73.430000,74.059998,72.680000,74.010002,51.847248,21858300
2011-09-16,74.519997,74.750000,73.570000,74.550003,52.225513,34652600
2011-09-19,72.910004,74.099998,72.500000,73.699997,51.630039,19822500
2011-09-20,73.870003,74.980003,73.440002,74.010002,51.847248,20420000
2011-09-21,73.879997,74.290001,71.830002,71.970001,50.418106,23806200
2011-09-22,69.940002,70.459999,68.169998,69.239998,48.505611,43223000
2011-09-23,68.459999,70.110001,67.930000,69.309998,48.554661,26583200
2011-09-26,70.010002,71.889999,69.500000,71.720001,50.242973,30342400
2011-09-27,73.330002,74.339996,72.419998,72.910004,51.076630,26689900
2011-09-28,72.430000,74.290001,71.860001,72.070000,50.488159,26026500
2011-09-29,73.120003,74.040001,72.669998,73.879997,51.756145,27713900
2011-09-30,72.760002,74.589996,72.629997,72.629997,50.880455,30917000
2011-10-03,72.050003,73.099998,71.150002,71.150002,49.843662,31004200
2011-10-04,70.250000,73.150002,69.209999,72.830002,51.020576,36500000
2011-10-05,72.669998,74.000000,72.209999,73.949997,51.805191,28239800
2011-10-06,73.300003,74.000000,72.629997,73.889999,51.763157,24869800
2011-10-07,74.470001,74.519997,73.029999,73.559998,51.531967,23573900
2011-10-10,74.730003,76.290001,74.650002,76.279999,53.437435,20465800
2011-10-11,75.779999,76.669998,75.709999,76.269997,53.430454,17862100
2011-10-12,76.739998,77.660004,76.309998,77.160004,54.053928,22239000
2011-10-13,76.220001,76.790001,75.839996,76.370003,53.500504,19540300
2011-10-14,77.099998,78.230003,77.070000,78.110001,54.719440,17870600
2011-10-17,77.870003,78.489998,77.120003,77.470001,54.271099,18836200
2011-10-18,77.570000,79.510002,77.019997,78.889999,55.265862,23878500
2011-10-19,78.570000,79.239998,77.919998,78.430000,54.943615,20910900
2011-10-20,78.320000,79.110001,77.830002,78.709999,55.139782,22227600
2011-10-21,79.589996,80.160004,79.180000,80.129997,56.134537,27855300
2011-10-24,79.919998,80.500000,79.550003,80.169998,56.162567,19861100
2011-10-25,79.830002,80.489998,79.050003,79.440002,55.651173,23433400
2011-10-26,80.160004,81.269997,79.279999,81.070000,56.793053,27170500
2011-10-27,81.910004,82.199997,80.690002,81.879997,57.360481,35489500
2011-10-28,80.989998,81.989998,80.440002,81.480003,57.080288,21753400
2011-10-31,80.589996,80.639999,78.000000,78.089996,54.705437,30616900
2011-11-01,75.820000,77.110001,75.449997,75.940002,53.199261,35835000
2011-11-02,77.370003,77.589996,76.500000,77.370003,54.201027,21761300
2011-11-03,78.190002,79.000000,77.440002,78.860001,55.244850,24480600
2011-11-04,78.070000,78.610001,77.379997,78.519997,55.006668,18192800
2011-11-07,78.820000,79.489998,78.120003,79.349998,55.588120,17998100
2011-11-08,79.250000,79.879997,78.629997,79.760002,56.208267,19023800
2011-11-09,77.900002,78.919998,77.029999,77.389999,54.538094,24130100
2011-11-10,78.529999,79.019997,77.639999,78.699997,55.461262,18668800
2011-11-11,79.629997,79.949997,79.339996,79.720001,56.180073,15134500
2011-11-14,79.529999,79.750000,78.389999,78.959999,55.644501,13589900
2011-11-15,78.860001,79.849998,78.500000,79.089996,55.736095,19475000
2011-11-16,78.239998,79.750000,78.059998,78.250000,55.144157,20376800
2011-11-17,78.120003,79.430000,77.099998,77.860001,54.869293,25964300
2011-11-18,78.220001,78.680000,77.110001,77.900002,54.897507,23104500
2011-11-21,76.529999,77.330002,76.059998,76.910004,54.199829,20204200
2011-11-22,76.379997,77.099998,75.879997,76.029999,53.579678,18925100
2011-11-23,75.029999,75.320000,74.529999,74.580002,52.557823,23331800
2011-11-25,74.510002,75.199997,73.900002,73.900002,52.078640,10254500
2011-11-28,75.839996,76.510002,75.330002,75.839996,53.445774,20148600
2011-11-29,76.410004,77.500000,76.139999,76.930000,54.213894,19768400
2011-11-30,78.419998,80.529999,78.370003,80.440002,56.687466,33953000
2011-12-01,80.199997,80.349998,79.370003,79.790001,56.229404,17261100
2011-12-02,80.669998,80.739998,79.650002,79.790001,56.229404,19461300
2011-12-05,80.879997,81.180000,79.800003,80.449997,56.694519,18295000
2011-12-06,80.629997,81.639999,80.290001,80.820000,56.955261,20122700
2011-12-07,80.610001,81.860001,80.349998,81.080002,57.138485,19643400
2011-12-08,80.750000,80.849998,79.550003,79.870003,56.285782,18443600
2011-12-09,80.629997,81.750000,80.339996,81.339996,57.321724,21842300
2011-12-12,80.730003,81.089996,79.209999,80.050003,56.412647,17846500
2011-12-13,80.610001,81.809998,80.139999,80.529999,56.750881,21873600
2011-12-14,79.589996,80.169998,78.660004,79.440002,55.982777,23934400
2011-12-15,79.930000,80.599998,79.779999,80.029999,56.398525,17954200
2011-12-16,80.739998,80.910004,79.879997,80.160004,56.490158,33465700
2011-12-19,80.239998,80.459999,79.379997,79.529999,56.046169,16048400
2011-12-20,80.660004,82.000000,80.610001,82.000000,57.786839,21163300
2011-12-21,82.019997,83.339996,82.000000,83.120003,58.576122,19160300
2011-12-22,83.559998,84.830002,83.300003,84.290001,59.400646,19841300
2011-12-23,84.279999,85.230003,84.209999,85.220001,60.056015,10243800
2011-12-27,84.970001,85.629997,84.949997,85.279999,60.098293,10147100
2011-12-28,85.150002,85.440002,84.010002,84.180000,59.323112,12767500
2011-12-29,84.089996,85.330002,84.089996,85.269997,60.091248,10865900
2011-12-30,85.160004,85.290001,84.570000,84.760002,59.731857,9768900
2012-01-03,85.970001,86.669998,85.900002,86.000000,60.605709,20906800
2012-01-04,85.790001,86.150002,85.099998,86.019997,60.619804,16130900
2012-01-05,85.639999,85.949997,84.919998,85.760002,60.436573,17452800
2012-01-06,85.919998,86.000000,85.110001,85.120003,59.985538,15942100
2012-01-09,85.000000,85.639999,84.970001,85.500000,60.253349,11664200
2012-01-10,86.070000,86.209999,85.379997,85.720001,60.408382,13080800
2012-01-11,85.099998,85.400002,84.470001,85.080002,59.957359,14831400
2012-01-12,84.389999,84.919998,83.940002,84.739998,59.717773,17357200
2012-01-13,84.160004,84.919998,83.820000,84.879997,59.816402,15551600
2012-01-17,85.750000,86.129997,85.400002,85.690002,60.387268,15627900
2012-01-18,85.300003,86.500000,84.959999,86.449997,60.922825,16754200
2012-01-19,86.339996,87.239998,85.769997,87.029999,61.331562,16383500
2012-01-20,87.080002,87.489998,86.720001,87.489998,61.655735,19220300
2012-01-23,87.500000,87.940002,87.029999,87.470001,61.641655,15348400
2012-01-24,87.080002,87.220001,86.660004,87.180000,61.437275,12363800
2012-01-25,86.769997,87.379997,85.809998,87.220001,61.465466,18202300
2012-01-26,87.639999,87.709999,86.510002,86.769997,61.148342,15658200
2012-01-27,86.239998,86.500000,85.769997,85.830002,60.485909,15976700
2012-01-30,85.269997,85.500000,84.589996,85.489998,60.246300,17867000
2012-01-31,84.919998,85.339996,83.459999,83.739998,59.013031,27225800
2012-02-01,84.230003,84.559998,83.379997,83.970001,59.175129,22266100
2012-02-02,84.279999,84.339996,83.190002,83.529999,58.865051,18020500
2012-02-03,84.239998,85.000000,84.050003,84.919998,59.844597,16145400
2012-02-06,84.870003,85.849998,84.489998,85.750000,60.429516,15000900
2012-02-07,85.220001,86.440002,84.940002,86.339996,60.845299,15818400
2012-02-08,85.830002,86.220001,84.730003,85.320000,60.455578,14762600
2012-02-09,85.330002,85.690002,84.669998,84.879997,60.143799,17073400
2012-02-10,84.019997,84.099998,83.349998,83.800003,59.378563,15328900
2012-02-13,84.339996,84.599998,83.889999,84.419998,59.817902,11473700
2012-02-14,84.419998,84.709999,83.849998,84.669998,59.995022,12961900
2012-02-15,84.860001,84.919998,83.910004,84.120003,59.605301,13911600
2012-02-16,84.449997,85.620003,84.080002,85.410004,60.519356,14769600
2012-02-17,86.070000,86.120003,84.919998,85.620003,60.668182,16597200
2012-02-21,86.040001,86.779999,86.040001,86.570000,61.341297,15481300
2012-02-22,86.839996,87.250000,86.650002,86.919998,61.589298,11983200
2012-02-23,86.580002,87.169998,86.470001,87.019997,61.660156,12404600
2012-02-24,87.370003,87.470001,87.010002,87.339996,61.886902,10767100
2012-02-27,87.150002,87.830002,86.779999,87.230003,61.808964,13323500
2012-02-28,87.230003,87.440002,86.550003,87.139999,61.745213,14317600
2012-02-29,87.449997,87.489998,86.209999,86.500000,61.291710,18293200
2012-03-01,86.470001,87.180000,86.410004,86.830002,61.525543,12638500
2012-03-02,86.660004,86.750000,85.849998,86.330002,61.171246,11343400
2012-03-05,86.169998,87.089996,85.910004,87.010002,61.653091,12803100
2012-03-06,86.239998,86.480003,85.419998,85.860001,60.838249,16507900
2012-03-07,86.010002,86.120003,85.190002,85.830002,60.816967,14767700
2012-03-08,85.000000,85.470001,84.629997,84.830002,60.108398,19032000
2012-03-09,85.059998,85.129997,84.050003,84.300003,59.732834,17042500
2012-03-12,84.500000,85.750000,84.129997,85.550003,60.618580,19014000
2012-03-13,85.889999,86.930000,85.610001,86.860001,61.546795,16853300
2012-03-14,86.589996,86.830002,85.739998,86.019997,60.951595,16187300
2012-03-15,85.889999,86.199997,85.250000,86.089996,61.001194,14523600
2012-03-16,86.199997,86.889999,85.919998,86.440002,61.249195,30991300
2012-03-19,86.080002,87.180000,86.029999,86.989998,61.638897,10770400
2012-03-20,86.459999,87.099998,86.320000,86.599998,61.362568,13613800
2012-03-21,86.589996,86.589996,85.769997,86.010002,60.944508,14212400
2012-03-22,85.480003,85.940002,85.099998,85.330002,60.462662,13884400
2012-03-23,85.360001,85.980003,85.019997,85.550003,60.618580,12557700
2012-03-26,86.180000,87.250000,86.070000,87.029999,61.667244,17336800
2012-03-27,87.139999,87.250000,86.540001,86.620003,61.376743,12509200
2012-03-28,86.360001,86.480003,85.139999,85.860001,60.838249,16155300
2012-03-29,85.320000,86.129997,84.910004,86.080002,60.994102,13199700
2012-03-30,86.480003,86.760002,86.089996,86.730003,61.454693,12968300
2012-04-02,86.599998,87.669998,86.309998,87.070000,61.695610,13853300
2012-04-03,86.750000,86.779999,85.000000,85.830002,60.816967,17714900
2012-04-04,85.300003,85.360001,84.489998,84.980003,60.214672,17112800
2012-04-05,84.559998,85.379997,84.349998,84.820000,60.101303,11954700
2012-04-09,83.980003,84.360001,83.680000,83.879997,59.435238,11027000
2012-04-10,83.750000,83.750000,81.879997,82.169998,58.223602,19993700
2012-04-11,83.110001,83.349998,82.150002,82.699997,58.599121,15856200
2012-04-12,82.650002,83.730003,82.360001,83.599998,59.236832,15266200
2012-04-13,82.970001,83.690002,82.860001,82.949997,58.776241,13856500
2012-04-16,83.239998,84.389999,83.129997,84.010002,59.527370,17526100
2012-04-17,84.650002,85.599998,84.570000,85.449997,60.547710,14208000
2012-04-18,85.059998,86.050003,85.019997,85.750000,60.760269,12997500
2012-04-19,85.510002,85.919998,84.980003,85.279999,60.427246,15973800
2012-04-20,85.550003,85.919998,85.029999,85.300003,60.441406,17216600
2012-04-23,84.529999,85.930000,84.389999,85.690002,60.717777,15197200
2012-04-24,85.639999,86.389999,85.639999,86.309998,61.157082,11632500
2012-04-25,86.650002,87.180000,85.720001,86.849998,61.539707,18476800
2012-04-26,85.279999,86.199997,85.150002,86.070000,60.987034,17262400
2012-04-27,86.500000,86.690002,85.959999,86.080002,60.994102,11372900
2012-04-30,85.959999,86.800003,85.870003,86.339996,61.178314,11735400
2012-05-01,86.459999,87.519997,86.129997,87.040001,61.674332,13816900
2012-05-02,86.559998,86.650002,85.830002,86.199997,61.079151,11108700
2012-05-03,86.360001,86.389999,85.309998,85.650002,60.689430,9998600
2012-05-04,85.110001,85.309998,84.400002,84.570000,59.924168,15055500
2012-05-07,84.290001,84.790001,84.099998,84.480003,59.860420,12018100
2012-05-08,83.750000,84.260002,82.919998,84.019997,59.534431,19602400
2012-05-09,83.040001,84.070000,82.879997,83.309998,59.031357,17424000
2012-05-10,83.370003,83.589996,82.550003,82.839996,59.102676,13234600
2012-05-11,82.690002,83.790001,82.540001,83.099998,59.288185,12061700
2012-05-14,82.269997,82.459999,81.959999,82.120003,58.589016,12675900
2012-05-15,82.000000,82.730003,81.529999,81.790001,58.353584,15757400
2012-05-16,81.959999,83.150002,81.790001,82.169998,58.624691,15034500
2012-05-17,82.150002,82.610001,81.680000,81.910004,58.439186,17698200
2012-05-18,82.370003,82.720001,81.029999,81.470001,58.125275,21747200
2012-05-21,81.419998,82.129997,81.070000,82.040001,58.531937,13730400
2012-05-22,82.139999,82.839996,81.519997,81.949997,58.467724,13790000
2012-05-23,81.790001,82.080002,79.959999,82.040001,58.531937,17582200
2012-05-24,82.290001,82.779999,81.709999,82.610001,58.938595,14113600
2012-05-25,82.860001,82.959999,81.680000,82.080002,58.560467,12756500
2012-05-29,82.639999,82.639999,81.320000,81.930000,58.453472,15931100
2012-05-30,81.080002,81.379997,79.589996,79.790001,56.926659,19593100
2012-05-31,79.879997,80.139999,78.410004,78.629997,56.099068,38954600
2012-06-01,77.870003,78.559998,77.470001,77.919998,55.592503,22870900
2012-06-04,78.089996,78.250000,77.199997,77.830002,55.528290,17711200
2012-06-05,77.589996,78.290001,77.129997,77.599998,55.364189,17715600
2012-06-06,78.370003,80.239998,78.080002,80.180000,57.204922,23880900
2012-06-07,80.980003,81.230003,80.349998,80.690002,57.568764,18409400
2012-06-08,80.080002,80.919998,79.459999,80.839996,57.675777,18150000
2012-06-11,81.620003,81.849998,80.169998,80.269997,57.269127,18031800
2012-06-12,80.739998,81.510002,80.620003,81.260002,57.975437,14162100
2012-06-13,80.940002,81.639999,80.279999,80.629997,57.525955,15098100
2012-06-14,80.860001,82.500000,80.730003,82.129997,58.596157,16942300
2012-06-15,82.570000,83.449997,82.220001,83.220001,59.373817,27342800
2012-06-18,82.510002,83.180000,82.349998,83.110001,59.295326,13885100
2012-06-19,83.730003,84.629997,83.309998,84.480003,60.272785,21053300
2012-06-20,84.400002,85.389999,84.059998,84.970001,60.622364,23274300
2012-06-21,85.040001,85.370003,82.050003,82.110001,58.581890,33751900
2012-06-22,82.680000,83.220001,82.110001,82.110001,58.581890,84747800
2012-06-25,81.220001,81.430000,79.779999,81.239998,57.961189,28761600
2012-06-26,81.510002,82.970001,81.209999,82.400002,58.788784,22853700
2012-06-27,82.809998,83.660004,82.709999,83.199997,59.359535,15301400
2012-06-28,82.660004,83.459999,82.019997,83.099998,59.288185,19140300
2012-06-29,84.779999,85.699997,84.459999,85.570000,61.050449,24906300
2012-07-02,85.440002,85.470001,84.540001,85.339996,60.886337,14447800
2012-07-03,85.690002,86.279999,85.620003,86.279999,61.556973,9787700
2012-07-05,85.330002,86.040001,85.150002,85.570000,61.050449,10797100
2012-07-06,84.260002,85.040001,84.199997,84.800003,60.501083,13259400
2012-07-09,84.519997,84.550003,83.019997,83.650002,59.680603,22361600
2012-07-10,84.080002,84.389999,82.830002,83.110001,59.295326,14106100
2012-07-11,83.480003,84.680000,83.239998,84.379997,60.201431,18337600
2012-07-12,83.410004,84.550003,83.320000,84.120003,60.015911,15566400
2012-07-13,84.449997,85.570000,84.260002,85.470001,60.979088,13642000
2012-07-16,84.830002,85.419998,84.660004,85.050003,60.679424,11269200
2012-07-17,85.180000,85.820000,84.099998,85.730003,61.164597,14059400
2012-07-18,85.339996,86.220001,85.070000,86.209999,61.507053,14203500
2012-07-19,86.019997,86.379997,85.620003,86.209999,61.507053,14902300
2012-07-20,85.870003,86.150002,85.269997,85.949997,61.321541,16838300
2012-07-23,84.800003,85.459999,84.330002,85.209999,60.793594,13597800
2012-07-24,85.209999,85.260002,83.500000,84.580002,60.344097,13948300
2012-07-25,85.139999,85.550003,84.660004,85.239998,60.814999,16566000
2012-07-26,85.559998,86.699997,85.260002,86.519997,61.728203,19149300
2012-07-27,86.589996,87.849998,85.500000,87.449997,62.391735,24079300
2012-07-30,87.279999,87.830002,87.080002,87.559998,62.470211,11183500
2012-07-31,87.370003,87.660004,86.790001,86.849998,61.963661,12212200
2012-08-01,87.019997,87.449997,86.180000,86.910004,62.006481,14312300
2012-08-02,86.099998,86.750000,85.500000,85.879997,61.271610,14530100
2012-08-03,87.070000,87.889999,86.800003,87.550003,62.463085,13982500
2012-08-06,87.550003,87.879997,87.370003,87.449997,62.391735,9626400
2012-08-07,87.879997,88.000000,87.680000,87.919998,62.727066,12399800
2012-08-08,87.750000,88.500000,87.680000,88.279999,62.983925,12864500
2012-08-09,87.839996,88.480003,87.510002,88.199997,63.335754,12213700
2012-08-10,87.669998,88.489998,87.150002,88.440002,63.508102,11149000
2012-08-13,88.099998,88.239998,87.769997,88.139999,63.292667,8716300
2012-08-14,88.169998,88.639999,87.900002,88.199997,63.335754,8675700
2012-08-15,88.190002,88.669998,87.910004,88.000000,63.192165,8510100
2012-08-16,88.190002,88.870003,87.959999,88.669998,63.673279,11311300
2012-08-17,88.889999,88.910004,88.160004,88.400002,63.479385,11177700
2012-08-20,88.070000,88.220001,87.629997,87.949997,63.156227,8813700
2012-08-21,88.139999,88.410004,87.260002,87.459999,62.804394,10767100
2012-08-22,87.199997,87.910004,87.019997,87.730003,62.998264,10160400
2012-08-23,87.790001,87.790001,86.980003,87.309998,62.696648,9666300
2012-08-24,87.160004,88.300003,86.930000,88.050003,63.228058,9762300
2012-08-27,88.070000,88.199997,87.610001,87.739998,63.005432,8252100
2012-08-28,87.570000,88.400002,87.419998,88.099998,63.263969,9646800
2012-08-29,88.070000,88.190002,87.739998,87.900002,63.120350,8377300
2012-08-30,87.379997,87.730003,87.019997,87.199997,62.617668,8915800
2012-08-31,87.610001,87.849998,87.139999,87.300003,62.689468,14178800
2012-09-04,87.330002,87.459999,86.519997,87.120003,62.560230,10602900
2012-09-05,87.519997,87.650002,87.059998,87.330002,62.711040,10113100
2012-09-06,87.889999,89.250000,87.849998,88.989998,63.903076,15713500
2012-09-07,89.269997,90.000000,89.269997,89.919998,64.570885,15623900
2012-09-10,89.820000,90.000000,89.400002,89.480003,64.254929,10750700
2012-09-11,89.750000,89.949997,89.550003,89.620003,64.355484,9349400
2012-09-12,89.629997,89.900002,89.410004,89.550003,64.305183,9982900
2012-09-13,89.709999,91.559998,89.430000,91.230003,65.511581,19870900
2012-09-14,91.500000,92.400002,91.250000,92.300003,66.279953,21388800
2012-09-17,91.919998,92.500000,91.550003,91.910004,65.999901,11893700
2012-09-18,91.430000,92.220001,91.400002,91.650002,65.813194,10950100
2012-09-19,91.480003,91.750000,90.570000,90.570000,65.037643,16302100
2012-09-20,90.139999,91.690002,90.089996,91.519997,65.719833,12238400
2012-09-21,92.029999,92.230003,91.639999,91.919998,66.007088,19599100
2012-09-24,91.309998,92.209999,91.300003,91.879997,65.978348,11023700
2012-09-25,92.110001,92.570000,91.540001,91.739998,65.877792,14035800
2012-09-26,91.720001,92.040001,91.099998,91.230003,65.511581,11616500
2012-09-27,91.830002,92.250000,91.190002,91.800003,65.920906,10632700
2012-09-28,91.480003,91.650002,90.930000,91.449997,65.669556,12507600
2012-10-01,91.790001,92.500000,91.599998,91.800003,65.920906,10343500
2012-10-02,92.120003,92.180000,91.279999,91.720001,65.863464,9507800
2012-10-03,91.650002,91.809998,91.169998,91.699997,65.849075,10328100
2012-10-04,92.080002,92.540001,91.910004,92.220001,66.222511,11507100
2012-10-05,92.589996,93.000000,92.230003,92.550003,66.459473,9890100
2012-10-08,92.150002,92.870003,92.040001,92.680000,66.552826,8765200
2012-10-09,92.830002,93.360001,92.110001,92.129997,66.157883,13799200
2012-10-10,91.800003,92.019997,90.669998,91.029999,65.367981,15332500
2012-10-11,91.570000,91.879997,91.169998,91.169998,65.468506,9789900
2012-10-12,91.510002,91.720001,90.510002,91.029999,65.367981,9943700
2012-10-15,91.349998,91.690002,90.540001,91.510002,65.712662,10651100
2012-10-16,91.889999,92.480003,91.800003,92.379997,66.337410,9069300
2012-10-17,92.620003,93.540001,92.610001,93.389999,67.062675,10759100
2012-10-18,92.970001,93.570000,92.970001,93.480003,67.127296,11815500
2012-10-19,93.570000,93.669998,91.750000,92.150002,66.172241,15928100
2012-10-22,91.669998,92.260002,91.080002,92.190002,66.200974,11445400
2012-10-23,91.129997,91.379997,90.010002,90.180000,64.757591,14085500
2012-10-24,90.459999,90.620003,89.769997,89.879997,64.542168,11332500
2012-10-25,90.629997,90.800003,89.680000,90.430000,64.937126,10387200
2012-10-26,90.559998,91.070000,90.010002,90.620003,65.073532,11583000
2012-10-31,91.029999,91.410004,90.110001,91.169998,65.468506,14848500
2012-11-01,90.250000,91.669998,90.199997,91.599998,65.777267,15771900
2012-11-02,91.760002,91.940002,90.059998,90.269997,64.822220,12742400
2012-11-05,90.040001,90.809998,89.699997,90.629997,65.080719,11222600
2012-11-06,90.860001,92.050003,90.730003,91.610001,65.784470,12026500
2012-11-07,90.239998,90.239998,87.699997,88.180000,63.717850,19423500
2012-11-08,88.269997,88.430000,87.029999,87.070000,62.915783,13743000
2012-11-09,86.610001,87.949997,86.610001,87.209999,63.016956,13407000
2012-11-12,87.269997,87.690002,86.949997,87.320000,63.096436,9004300
2012-11-13,86.750000,87.989998,86.440002,86.470001,62.482239,12260300
2012-11-14,86.750000,87.110001,85.879997,86.070000,62.193207,14524100
2012-11-15,86.089996,86.559998,85.370003,86.139999,62.243763,13783600
2012-11-16,86.139999,86.709999,85.059998,86.449997,62.467773,17405200
2012-11-19,87.400002,88.199997,87.089996,87.669998,63.349335,12911000
2012-11-20,87.510002,87.879997,86.769997,87.500000,63.226479,10288100
2012-11-21,87.809998,88.019997,87.480003,88.010002,63.595028,13905300
2012-11-23,88.250000,89.089996,88.010002,89.089996,64.375404,11931000
2012-11-26,88.320000,88.629997,88.029999,88.620003,64.035782,16423600
2012-11-27,88.400002,88.540001,87.239998,87.349998,63.118107,11841600
2012-11-28,86.529999,88.190002,86.279999,88.099998,63.660053,15959900
2012-11-29,88.370003,88.690002,87.629997,88.120003,63.674500,11579100
2012-11-30,88.070000,88.400002,87.820000,88.139999,63.688953,15522100
2012-12-03,88.550003,88.580002,87.470001,87.610001,63.305981,10937300
2012-12-04,87.379997,87.970001,87.190002,87.190002,63.002495,11980000
2012-12-05,87.269997,88.269997,87.099998,87.730003,63.392708,12717800
2012-12-06,87.760002,88.059998,87.239998,88.000000,63.587814,12077000
2012-12-07,88.169998,88.639999,87.769997,88.599998,64.021339,10603100
2012-12-10,88.580002,88.949997,88.239998,88.410004,63.884060,11549400
2012-12-11,88.610001,89.489998,88.400002,88.989998,64.303146,12634600
2012-12-12,89.089996,90.370003,88.910004,89.449997,64.635544,14729500
2012-12-13,89.160004,89.449997,88.269997,88.580002,64.006905,12290300
2012-12-14,88.000000,88.449997,87.919998,88.080002,63.645603,13363600
2012-12-17,88.360001,88.940002,88.099998,88.870003,64.216454,15672500
2012-12-18,88.750000,89.739998,88.559998,89.559998,64.715027,15396600
2012-12-19,89.540001,89.610001,88.379997,88.440002,63.905731,15092500
2012-12-20,88.379997,88.940002,87.980003,88.889999,64.230911,15789000
2012-12-21,87.660004,88.599998,87.010002,87.230003,63.031384,33057000
2012-12-24,87.129997,87.320000,86.800003,86.919998,62.807381,6385200
2012-12-26,87.209999,87.680000,86.570000,87.070000,62.915783,10737800
2012-12-27,87.050003,87.239998,85.750000,86.860001,62.764030,14258500
2012-12-28,86.099998,86.290001,85.070000,85.099998,61.492287,13358700
2012-12-31,85.040001,86.660004,84.699997,86.550003,62.540028,19810800
2013-01-02,87.790001,88.720001,87.239998,88.709999,64.100830,16143700
2013-01-03,88.459999,88.889999,88.160004,88.550003,63.985226,13268200
2013-01-04,88.500000,89.089996,88.370003,88.959999,64.281471,11427900
2013-01-07,88.309998,88.489998,87.570000,87.930000,63.537216,11799800
2013-01-08,87.820000,88.480003,87.290001,88.480003,63.934666,14226400
2013-01-09,88.400002,88.540001,87.750000,88.139999,63.688953,10892200
2013-01-10,88.750000,89.480003,88.370003,89.099998,64.382629,13099600
2013-01-11,88.970001,89.709999,88.860001,89.610001,64.751152,11645600
2013-01-14,89.459999,89.750000,89.320000,89.580002,64.729492,9606700
2013-01-15,89.180000,89.610001,89.000000,89.529999,64.693359,9195400
2013-01-16,89.160004,89.480003,89.070000,89.470001,64.649994,9645000
2013-01-17,89.760002,90.940002,89.599998,90.199997,65.177483,13400300
2013-01-18,90.089996,90.830002,89.830002,90.800003,65.611023,17196000
2013-01-22,90.269997,90.940002,90.209999,90.919998,65.697746,11897500
2013-01-23,90.500000,90.879997,90.419998,90.699997,65.538788,10906800
2013-01-24,90.879997,91.720001,90.750000,91.349998,66.008453,11100000
2013-01-25,91.570000,91.800003,91.129997,91.730003,66.283028,11090600
2013-01-28,91.669998,91.669998,90.769997,91.110001,65.835060,11617500
2013-01-29,91.209999,91.930000,91.199997,91.760002,66.304726,11700600
2013-01-30,91.169998,91.720001,90.379997,90.669998,65.517075,15645400
2013-01-31,90.690002,91.209999,89.739998,89.970001,65.011307,15991500
2013-02-01,90.440002,90.500000,89.360001,90.040001,65.061874,15699200
2013-02-04,89.410004,89.620003,88.839996,89.150002,64.418785,13347300
2013-02-05,89.879997,90.190002,89.419998,89.739998,64.845093,11679700
2013-02-06,89.370003,89.889999,89.160004,89.790001,64.881241,11768700
2013-02-07,89.209999,89.220001,87.610001,88.250000,64.175835,13463300
2013-02-08,88.500000,88.800003,88.110001,88.610001,64.437630,11412300
2013-02-11,88.349998,88.510002,87.970001,88.279999,64.197670,8764700
2013-02-12,88.250000,88.620003,87.919998,88.459999,64.328545,9752100
2013-02-13,88.459999,88.769997,88.239998,88.669998,64.481270,8940300
2013-02-14,88.339996,88.809998,88.059998,88.519997,64.372177,13238900
2013-02-15,88.570000,88.610001,87.800003,88.360001,64.255844,15696900
2013-02-19,88.540001,89.410004,88.379997,89.320000,64.953934,12158900
2013-02-20,89.139999,89.820000,88.900002,88.970001,64.699432,13936400
2013-02-21,88.790001,89.019997,88.360001,88.589996,64.423073,10939800
2013-02-22,89.019997,89.279999,88.400002,89.199997,64.866669,10260200
2013-02-25,89.879997,90.190002,87.699997,87.699997,63.775898,15302900
2013-02-26,88.500000,88.980003,87.760002,88.510002,64.364906,15073200
2013-02-27,88.500000,89.650002,88.309998,89.529999,65.106674,11195200
2013-02-28,89.669998,89.809998,89.029999,89.550003,65.121208,14552000
2013-03-01,89.070000,89.680000,88.919998,89.430000,65.033943,11301600
2013-03-04,89.129997,89.250000,88.459999,88.949997,64.684883,10994000
2013-03-05,89.480003,90.150002,89.290001,89.610001,65.164825,13072600
2013-03-06,89.599998,89.949997,89.050003,89.559998,65.128471,13234400
2013-03-07,89.629997,89.760002,88.680000,88.709999,64.510345,12905300
2013-03-08,89.010002,89.230003,88.349998,88.970001,64.699432,11896300
2013-03-11,89.010002,89.550003,88.540001,89.160004,64.837601,12454800
2013-03-12,89.449997,89.910004,89.010002,89.160004,64.837601,11470000
2013-03-13,89.019997,89.500000,88.830002,89.260002,64.910332,10539900
2013-03-14,89.410004,89.910004,89.410004,89.830002,65.324821,13775500
2013-03-15,89.199997,89.610001,88.790001,89.370003,64.990318,29240100
2013-03-18,88.739998,89.389999,88.550003,88.769997,64.553978,11553700
2013-03-19,88.889999,89.089996,88.019997,88.580002,64.415825,11987900
2013-03-20,88.949997,89.209999,88.300003,88.629997,64.452164,11319000
2013-03-21,88.120003,88.639999,87.900002,88.169998,64.117668,13447500
2013-03-22,88.400002,89.290001,88.320000,89.290001,64.932129,10786600
2013-03-25,89.500000,89.900002,88.660004,89.019997,64.735794,12900800
2013-03-26,89.410004,90.300003,89.360001,90.129997,65.542969,12329600
2013-03-27,89.559998,90.739998,89.470001,90.580002,65.870224,12350800
2013-03-28,90.639999,90.980003,89.989998,90.110001,65.528435,17485200
2013-04-01,90.129997,90.989998,89.980003,90.769997,66.008392,9414200
2013-04-02,90.589996,90.919998,90.279999,90.580002,65.870224,9991800
2013-04-03,90.650002,90.830002,89.860001,89.930000,65.397560,12197100
2013-04-04,90.099998,90.330002,89.220001,89.769997,65.281189,11582000
2013-04-05,88.610001,89.209999,88.400002,89.010002,64.728539,12771600
2013-04-08,89.110001,89.110001,88.150002,88.599998,64.430359,11013900
2013-04-09,88.690002,89.339996,88.589996,88.769997,64.553978,10753400
2013-04-10,88.449997,89.160004,88.199997,88.680000,64.488541,14823700
2013-04-11,88.949997,89.269997,88.230003,89.220001,64.881248,14979900
2013-04-12,88.879997,89.190002,88.410004,88.989998,64.713974,11505100
2013-04-15,88.290001,88.669998,86.269997,86.489998,62.895958,19626200
2013-04-16,87.190002,87.230003,86.089996,86.610001,62.983238,14578800
2013-04-17,86.209999,86.379997,85.019997,86.080002,62.597809,17341200
2013-04-18,86.279999,87.080002,85.779999,86.620003,62.990517,14730400
2013-04-19,87.269997,87.489998,86.430000,87.449997,63.594074,18393300
2013-04-22,87.610001,88.320000,87.290001,88.089996,64.059486,11262000
2013-04-23,88.389999,89.489998,87.940002,89.300003,64.939415,15567700
2013-04-24,89.449997,89.889999,89.349998,89.430000,65.033943,13028800
2013-04-25,88.889999,88.900002,87.650002,88.070000,64.044937,16328700
2013-04-26,87.809998,88.279999,87.599998,88.000000,63.994068,10791800
2013-04-29,88.260002,88.830002,88.010002,88.209999,64.146774,11093000
2013-04-30,88.260002,88.989998,87.760002,88.989998,64.713974,14572600
2013-05-01,88.519997,88.839996,87.480003,87.510002,63.637722,11616500
2013-05-02,87.980003,88.839996,87.739998,88.629997,64.452164,11330100
2013-05-03,89.000000,90.190002,88.919998,90.019997,65.462982,13036600
2013-05-06,90.250000,90.879997,89.930000,90.580002,65.870224,10613400
2013-05-07,90.620003,91.150002,90.139999,91.150002,66.284737,11088900
2013-05-08,91.050003,91.849998,91.029999,91.699997,66.684692,13638300
2013-05-09,91.139999,91.559998,90.690002,91.029999,66.655396,13771900
2013-05-10,90.870003,90.949997,89.790001,90.139999,66.003716,10975400
2013-05-13,89.800003,90.139999,89.430000,90.099998,65.974434,9810100
2013-05-14,90.150002,91.190002,90.019997,91.110001,66.713982,9890300
2013-05-15,90.639999,91.320000,90.410004,91.239998,66.809174,10399400
2013-05-16,90.800003,91.290001,90.500000,90.699997,66.413773,10469600
2013-05-17,91.070000,91.879997,90.529999,91.760002,67.189941,12721300
2013-05-20,91.610001,92.690002,91.459999,92.519997,67.746414,12417700
2013-05-21,92.669998,93.430000,92.379997,92.800003,67.951469,12519900
2013-05-22,92.830002,93.500000,91.809998,92.190002,67.504799,19253300
2013-05-23,91.559998,92.360001,91.360001,91.790001,67.211906,15357300
2013-05-24,91.379997,91.769997,91.000000,91.529999,67.021530,12771900
2013-05-28,92.940002,93.180000,91.760002,92.379997,67.643913,15197800
2013-05-29,91.760002,92.419998,91.589996,92.080002,67.424271,11563200
2013-05-30,91.970001,92.680000,91.599998,92.089996,67.431580,9734700
2013-05-31,91.949997,92.370003,90.459999,90.470001,66.245354,17917400
2013-06-03,90.529999,91.510002,90.480003,91.459999,66.970253,14177500
2013-06-04,91.180000,91.489998,90.220001,90.790001,66.479683,12481300
2013-06-05,90.680000,91.120003,89.610001,89.650002,65.644928,12888000
2013-06-06,89.449997,90.230003,89.000000,90.230003,66.069626,15393300
2013-06-07,90.889999,91.500000,90.489998,91.449997,66.962936,12504700
2013-06-10,91.930000,91.940002,90.870003,91.120003,66.721313,10372300
2013-06-11,90.379997,91.040001,90.230003,90.459999,66.238045,10739400
2013-06-12,91.129997,91.320000,89.589996,89.739998,65.710823,10864500
2013-06-13,89.629997,91.709999,89.610001,91.330002,66.875053,13501300
2013-06-14,91.160004,91.300003,90.290001,90.580002,66.325890,12158400
2013-06-17,90.970001,91.769997,90.769997,91.510002,67.006874,12026400
2013-06-18,91.360001,92.059998,91.260002,91.930000,67.314400,10678200
2013-06-19,91.790001,92.269997,91.000000,91.000000,66.633453,14189500
2013-06-20,90.239998,90.519997,88.790001,89.050003,65.205566,21077700
2013-06-21,89.760002,90.139999,88.849998,89.480003,65.520432,25493800
2013-06-24,88.949997,89.500000,88.019997,88.480003,64.788208,17653000
2013-06-25,89.580002,89.620003,88.480003,89.110001,65.249527,15790100
2013-06-26,89.419998,89.970001,88.730003,89.800003,65.754753,14446000
2013-06-27,90.239998,90.669998,90.029999,90.040001,65.930504,12348000
2013-06-28,89.849998,90.750000,89.559998,90.349998,66.157486,22984200
2013-07-01,90.389999,91.129997,89.959999,90.300003,66.120880,13182200
2013-07-02,90.370003,91.099998,90.120003,90.639999,66.369835,12320700
2013-07-03,90.629997,90.870003,90.139999,90.690002,66.406456,5674000
2013-07-05,91.099998,91.610001,90.570000,91.570000,67.050797,8917900
2013-07-08,91.959999,92.529999,91.900002,92.250000,67.548729,12086700
2013-07-09,92.639999,93.440002,92.250000,93.339996,68.346878,12940000
2013-07-10,93.279999,93.389999,92.379997,92.820000,67.966110,12430000
2013-07-11,93.800003,93.809998,93.040001,93.269997,68.295624,16184700
2013-07-12,93.250000,93.449997,92.720001,93.400002,68.390793,11370300
2013-07-15,93.190002,93.500000,93.089996,93.250000,68.280960,8256200
2013-07-16,93.190002,93.470001,92.769997,93.300003,68.317581,11413500
2013-07-17,93.559998,93.739998,93.139999,93.459999,68.434746,9393300
2013-07-18,93.800003,94.839996,93.709999,94.379997,69.108391,10555400
2013-07-19,94.690002,95.250000,94.410004,95.169998,69.686844,14431700
2013-07-22,94.870003,95.199997,94.779999,94.830002,69.437889,9530400
2013-07-23,94.860001,95.489998,94.839996,95.199997,69.708817,7377400
2013-07-24,95.309998,95.309998,94.419998,94.989998,69.555054,8222800
2013-07-25,94.690002,95.309998,94.419998,94.970001,69.540398,10059800
2013-07-26,94.769997,94.860001,93.839996,94.790001,69.408615,9721000
2013-07-29,94.510002,94.519997,93.610001,94.029999,68.852127,8844700
2013-07-30,94.220001,94.330002,93.459999,93.809998,68.691025,10470700
2013-07-31,93.930000,94.599998,93.379997,93.750000,68.647079,14400800
2013-08-01,92.690002,93.099998,91.250000,92.730003,67.900215,23117700
2013-08-02,92.459999,92.529999,91.339996,91.949997,67.329056,14408600
2013-08-05,91.419998,91.760002,91.010002,91.589996,67.065468,12625900
2013-08-06,91.330002,91.910004,91.279999,91.470001,66.977585,11689200
2013-08-07,91.180000,91.550003,91.129997,91.339996,66.882378,8163800
2013-08-08,91.930000,91.970001,91.279999,91.779999,67.204590,11529500
2013-08-09,91.199997,91.360001,90.430000,90.720001,66.887527,9467800
2013-08-12,90.430000,90.430000,89.690002,89.889999,66.275581,10133700
2013-08-13,89.849998,89.919998,89.139999,89.400002,65.914299,10892700
2013-08-14,89.339996,89.480003,88.900002,88.949997,65.582527,9797300
2013-08-15,88.660004,88.870003,88.059998,88.160004,65.000069,11273400
2013-08-16,88.010002,88.489998,87.650002,87.910004,64.815758,11872500
2013-08-19,87.820000,87.870003,86.779999,86.919998,64.085815,11745600
2013-08-20,87.129997,87.870003,86.830002,86.830002,64.019463,16498800
2013-08-21,86.949997,87.349998,86.389999,86.419998,63.717163,12766900
2013-08-22,86.580002,87.419998,86.449997,86.980003,64.130066,10199900
2013-08-23,87.150002,87.690002,86.760002,87.519997,64.528191,9206400
2013-08-26,87.500000,87.699997,86.820000,87.089996,64.211174,10654700
2013-08-27,86.620003,87.489998,86.580002,86.820000,64.012085,13960200
2013-08-28,87.279999,88.989998,87.279999,88.839996,65.501427,17738800
2013-08-29,88.629997,88.629997,87.230003,87.269997,64.343864,11407800
2013-08-30,87.389999,87.550003,86.790001,87.160004,64.262772,12480400
2013-09-03,87.699997,88.000000,86.830002,87.150002,64.255417,10546700
2013-09-04,87.010002,87.980003,86.900002,87.760002,64.705139,9822300
2013-09-05,88.059998,88.300003,87.330002,87.349998,64.402870,11740100
2013-09-06,87.489998,87.730003,86.800003,87.250000,64.329140,12950600
2013-09-09,87.339996,88.190002,87.309998,88.040001,64.911583,9297000
2013-09-10,88.400002,88.400002,87.279999,87.820000,64.749390,11823100
2013-09-11,87.879997,88.849998,87.879997,88.839996,65.501427,11201200
2013-09-12,88.589996,88.800003,87.860001,87.980003,64.867371,10917200
2013-09-13,88.150002,88.879997,88.150002,88.400002,65.177025,8254200
2013-09-16,88.879997,89.180000,88.489998,88.669998,65.376091,9421300
2013-09-17,88.709999,89.349998,88.650002,88.940002,65.575172,8941200
2013-09-18,88.910004,89.870003,88.370003,89.580002,66.047005,15134700
2013-09-19,89.639999,89.739998,88.980003,89.279999,65.825829,11757500
2013-09-20,89.529999,89.750000,88.589996,88.660004,65.368721,20651100
2013-09-23,88.290001,88.910004,87.639999,87.750000,64.697777,12227700
2013-09-24,87.589996,88.070000,87.279999,87.360001,64.410233,12129200
2013-09-25,87.589996,87.599998,86.930000,87.139999,64.248032,13577400
2013-09-26,87.400002,87.449997,86.809998,87.070000,64.196419,9787100
2013-09-27,86.849998,87.010002,86.610001,86.900002,64.071068,10867100
2013-09-30,86.059998,86.699997,85.610001,86.040001,63.436989,17486100
2013-10-01,85.989998,86.339996,85.779999,86.000000,63.407513,11885100
2013-10-02,85.750000,86.110001,85.279999,86.080002,63.466496,11841400
2013-10-03,86.040001,86.050003,85.339996,85.500000,63.038857,13923400
2013-10-04,86.309998,86.419998,85.680000,86.320000,63.643425,11325500
2013-10-07,85.570000,86.290001,85.269997,85.900002,63.333775,10985800
2013-10-08,85.860001,85.949997,85.470001,85.510002,63.046238,15335700
2013-10-09,85.349998,85.589996,84.830002,85.160004,62.788177,13575100
2013-10-10,85.519997,86.040001,84.790001,86.040001,63.436989,17532400
2013-10-11,85.900002,86.949997,85.500000,86.949997,64.107918,12661800
2013-10-14,86.510002,87.739998,86.510002,87.599998,64.587181,9742100
2013-10-15,87.470001,87.580002,86.639999,86.790001,63.989994,12018000
2013-10-16,87.480003,87.860001,86.720001,87.309998,64.373352,11668100
2013-10-17,87.129997,87.500000,87.010002,87.480003,64.498711,10438200
2013-10-18,87.690002,87.739998,87.300003,87.550003,64.550316,12425100
2013-10-21,87.500000,87.650002,86.839996,87.230003,64.314377,10730900
2013-10-22,87.290001,88.150002,87.129997,87.980003,64.867371,12710600
2013-10-23,87.519997,87.650002,86.949997,87.610001,64.594559,11449100
2013-10-24,87.980003,88.730003,87.970001,88.419998,65.191765,12288900
2013-10-25,88.230003,88.650002,87.820000,87.970001,64.859978,11382000
2013-10-28,87.830002,88.459999,87.610001,88.230003,65.051682,9921900
2013-10-29,88.449997,89.029999,88.440002,88.930000,65.567795,10340000
2013-10-30,88.970001,89.480003,88.690002,88.809998,65.479317,14305900
2013-10-31,89.449997,90.959999,89.199997,89.620003,66.076523,19185200
2013-11-01,89.739998,90.040001,88.269997,89.820000,66.223984,19023500
2013-11-04,90.000000,92.269997,90.000000,92.099998,67.905014,20591600
2013-11-05,91.339996,93.250000,91.239998,91.989998,67.823898,21122500
2013-11-06,92.419998,93.279999,92.120003,93.220001,68.730789,13464600
2013-11-07,92.639999,92.980003,91.760002,91.959999,68.263138,16572100
2013-11-08,91.800003,92.820000,91.480003,92.730003,68.834709,12330100
2013-11-11,92.849998,93.230003,92.500000,92.959999,69.005455,7924700
2013-11-12,92.669998,93.320000,92.500000,92.669998,68.790169,10727300
2013-11-13,92.220001,92.739998,92.070000,92.589996,68.730774,9280000
2013-11-14,92.680000,93.419998,92.680000,93.220001,69.198456,7909200
2013-11-15,94.150002,95.290001,94.029999,95.269997,70.720184,18374500
2013-11-18,95.980003,96.000000,95.059998,95.449997,70.853806,14243700
2013-11-19,95.400002,95.790001,95.160004,95.419998,70.831551,12697300
2013-11-20,95.750000,95.949997,94.370003,94.680000,70.282219,10455400
2013-11-21,94.849998,95.389999,94.629997,94.690002,70.289673,9128400
2013-11-22,94.959999,95.070000,94.290001,95.010002,70.527168,8534700
2013-11-25,95.209999,95.750000,94.830002,95.089996,70.586571,10515100
2013-11-26,94.750000,94.809998,94.150002,94.269997,69.977867,11857900
2013-11-27,94.360001,94.419998,93.480003,93.800003,69.628990,8828100
2013-11-29,93.650002,94.220001,93.300003,93.480003,69.391441,6770500
2013-12-02,93.269997,94.040001,92.919998,93.519997,69.421120,9310500
2013-12-03,93.599998,94.480003,93.230003,94.389999,70.066971,12599500
2013-12-04,94.190002,94.900002,93.919998,94.669998,70.274788,13074000
2013-12-05,94.070000,94.650002,93.919998,94.129997,69.873947,10586000
2013-12-06,94.970001,95.709999,94.589996,95.650002,71.002258,12063400
2013-12-09,95.949997,96.250000,95.599998,95.839996,71.143295,15516700
2013-12-10,95.900002,95.980003,95.389999,95.709999,71.046806,9868100
2013-12-11,95.379997,95.540001,94.160004,94.260002,69.970436,12811800
2013-12-12,94.500000,95.879997,94.279999,95.360001,70.787003,15562600
2013-12-13,95.129997,95.919998,94.660004,95.309998,70.749870,10629500
2013-12-16,96.279999,98.879997,96.129997,97.220001,72.167694,23226000
2013-12-17,97.019997,97.129997,96.029999,96.750000,71.818810,14920900
2013-12-18,97.430000,99.949997,97.010002,99.540001,73.889870,21331300
2013-12-19,99.500000,99.599998,99.000000,99.430000,73.808220,12905900
2013-12-20,99.389999,99.599998,98.599998,98.680000,73.251472,23331000
2013-12-23,99.000000,99.290001,98.389999,98.510002,73.125298,10127600
2013-12-24,98.330002,99.440002,98.330002,99.220001,73.652321,4168300
2013-12-26,99.419998,101.029999,99.379997,100.900002,74.899414,9531200
2013-12-27,101.239998,101.739998,100.989998,101.510002,75.352219,10209000
2013-12-30,101.529999,101.550003,100.309998,100.309998,74.461441,9007900
2013-12-31,100.489998,101.389999,100.430000,101.199997,75.122116,8509600
2014-01-02,100.599998,100.760002,99.389999,99.750000,74.045746,11028100
2014-01-03,99.769997,100.169998,99.139999,99.510002,73.867615,9295600
2014-01-06,99.940002,100.139999,98.889999,99.660004,73.978935,11848500
2014-01-07,99.610001,101.220001,99.419998,101.070000,75.025612,11187000
2014-01-08,101.190002,101.190002,100.150002,100.739998,74.780640,11180400
2014-01-09,100.199997,100.389999,99.029999,99.760002,74.053154,11674300
2014-01-10,99.989998,100.629997,99.120003,100.519997,74.617317,10535400
2014-01-13,99.910004,100.099998,98.269997,98.550003,73.154984,12110900
2014-01-14,98.800003,99.269997,98.650002,99.120003,73.578117,9265000
2014-01-15,99.160004,99.349998,98.629997,98.779999,73.325706,9425500
2014-01-16,98.790001,99.040001,98.250000,98.940002,73.444466,9421700
2014-01-17,99.180000,100.339996,98.669998,99.160004,73.607788,15998000
2014-01-21,98.570000,98.889999,98.040001,98.500000,73.117851,13847300
2014-01-22,98.879997,98.949997,97.839996,97.879997,72.657639,11642800
2014-01-23,97.250000,97.389999,96.010002,96.970001,71.982124,15393200
2014-01-24,96.180000,96.250000,94.820000,94.849998,70.408401,14584300
2014-01-27,95.080002,95.580002,94.750000,94.919998,70.460365,12474600
2014-01-28,95.349998,95.919998,94.769997,95.650002,71.002258,10773600
2014-01-29,94.930000,96.199997,94.650002,95.110001,70.601418,13191500
2014-01-30,94.000000,94.949997,93.059998,93.989998,69.770012,14628400
2014-01-31,92.849998,93.279999,91.699997,92.160004,68.411591,17361400
2014-02-03,91.919998,92.309998,89.639999,90.050003,66.845314,20377900
2014-02-04,90.370003,90.639999,89.389999,90.019997,66.823036,17414400
2014-02-05,90.309998,90.610001,89.379997,89.580002,66.496407,16393600
2014-02-06,89.510002,90.180000,89.250000,89.800003,67.131866,13646100
2014-02-07,90.120003,90.629997,89.750000,90.580002,67.714966,12573800
2014-02-10,90.449997,90.529999,89.360001,89.519997,66.922539,12237700
2014-02-11,89.559998,91.000000,89.400002,90.839996,67.909340,13422800
2014-02-12,91.010002,91.860001,90.639999,91.080002,68.088745,10752400
2014-02-13,90.589996,91.650002,90.400002,91.430000,68.350388,9775300
2014-02-14,91.809998,94.430000,91.599998,94.110001,70.353889,18260400
2014-02-18,94.070000,94.720001,93.360001,94.070000,70.323990,12979300
2014-02-19,93.800003,95.290001,93.800003,93.949997,70.234276,12227800
2014-02-20,93.849998,95.769997,93.750000,95.370003,71.295830,14424300
2014-02-21,95.480003,95.580002,94.940002,95.029999,71.041641,11282200
2014-02-24,95.610001,97.250000,95.410004,96.440002,72.095726,16012500
2014-02-25,96.540001,96.970001,95.959999,96.309998,71.998550,10663000
2014-02-26,96.559998,96.860001,95.529999,95.790001,71.609810,9087600
2014-02-27,95.580002,96.050003,95.160004,95.839996,71.647179,9101200
2014-02-28,95.959999,96.830002,95.779999,96.269997,71.968651,12651400
2014-03-03,95.760002,96.540001,94.830002,95.500000,71.393013,11896700
2014-03-04,96.589996,96.860001,95.870003,96.519997,72.155525,12566100
2014-03-05,95.199997,95.290001,93.400002,93.800003,70.122162,19829600
2014-03-06,93.669998,93.940002,93.269997,93.760002,70.092247,12610400
2014-03-07,94.370003,95.059998,93.989998,94.989998,71.011742,12659100
2014-03-10,95.150002,95.550003,94.660004,95.500000,71.393013,9964500
2014-03-11,95.360001,95.589996,93.519997,94.010002,70.279129,12143600
2014-03-12,93.639999,94.470001,93.550003,94.209999,70.428635,9705400
2014-03-13,94.440002,94.570000,93.330002,93.639999,70.002525,9872500
2014-03-14,93.580002,94.220001,93.290001,93.470001,69.875450,11723300
2014-03-17,93.949997,94.529999,93.750000,94.320000,70.510872,8676100
2014-03-18,94.410004,95.250000,94.070000,94.709999,70.802429,8757300
2014-03-19,94.650002,95.300003,93.129997,93.730003,70.069801,9914700
2014-03-20,93.440002,94.739998,93.010002,94.580002,70.705254,10405000
2014-03-21,95.099998,95.989998,94.309998,94.309998,70.503387,24479800
2014-03-24,94.760002,95.099998,94.480003,94.639999,70.750114,9539800
2014-03-25,95.099998,95.820000,94.800003,94.910004,70.951950,9796600
2014-03-26,95.559998,95.580002,94.410004,94.699997,70.794960,11033300
2014-03-27,94.610001,96.500000,94.059998,96.239998,71.946213,15427500
2014-03-28,96.470001,97.970001,96.470001,97.699997,73.037651,12321800
2014-03-31,98.489998,98.849998,97.320000,97.680000,73.022720,12375200
2014-04-01,97.650002,97.930000,97.279999,97.730003,73.060089,9475300
2014-04-02,97.529999,98.059998,97.180000,97.949997,73.224556,9551000
2014-04-03,97.830002,98.540001,97.559998,97.930000,73.209602,10113000
2014-04-04,98.300003,98.709999,97.279999,97.360001,72.783516,12496100
2014-04-07,97.250000,97.529999,96.750000,96.779999,72.349907,10120700
2014-04-08,97.010002,97.879997,96.750000,97.449997,72.850784,10243000
2014-04-09,97.750000,97.790001,96.629997,97.330002,72.761055,10463900
2014-04-10,96.980003,97.779999,96.239998,96.779999,72.349907,13443400
2014-04-11,96.510002,97.440002,96.279999,96.720001,72.305046,13352500
2014-04-14,97.489998,98.059998,96.739998,97.860001,73.157288,9610200
2014-04-15,97.580002,98.699997,97.070000,98.680000,73.770279,12961600
2014-04-16,99.050003,100.099998,98.970001,99.940002,74.712234,12508100
2014-04-17,99.690002,100.970001,99.690002,100.419998,75.071068,15435700
2014-04-21,100.029999,100.930000,99.889999,100.930000,75.452309,8002100
2014-04-22,100.529999,100.860001,100.220001,100.370003,75.033684,8212100
2014-04-23,100.589996,100.949997,100.330002,100.500000,75.130859,8686000
2014-04-24,100.480003,100.599998,99.860001,100.010002,74.764565,9057800
2014-04-25,99.989998,100.570000,99.930000,100.410004,75.063576,10391500
2014-04-28,100.720001,101.459999,100.309998,101.169998,75.631744,12710800
2014-04-29,101.570000,102.570000,101.230003,101.449997,75.841057,10094600
2014-04-30,101.129997,102.410004,100.709999,102.410004,76.558739,13966700
2014-05-01,101.959999,102.389999,101.199997,101.410004,75.811150,11161700
2014-05-02,101.279999,102.910004,100.980003,102.010002,76.259705,11168100
2014-05-05,101.690002,103.129997,101.580002,102.910004,76.932503,7614200
2014-05-06,102.599998,103.300003,102.410004,102.669998,76.753098,9669800
2014-05-07,103.120003,103.449997,102.790001,103.110001,77.082016,11007400
2014-05-08,103.089996,103.290001,102.169998,102.320000,76.491455,8922500
2014-05-09,101.709999,102.180000,101.260002,101.949997,76.732285,8948800
2014-05-12,102.330002,102.349998,101.529999,102.230003,76.943039,8830500
2014-05-13,102.180000,102.709999,101.940002,102.360001,77.040863,7528800
2014-05-14,102.360001,102.680000,102.110001,102.290001,76.988197,6999200
2014-05-15,102.000000,102.419998,100.330002,100.779999,75.851707,13658700
2014-05-16,100.589996,101.000000,100.320000,100.739998,75.821594,10369200
2014-05-19,100.419998,101.110001,100.419998,100.870003,75.919449,5851400
2014-05-20,100.690002,101.080002,100.449997,100.669998,75.768890,6134100
2014-05-21,100.849998,102.220001,100.720001,102.029999,76.792488,7747900
2014-05-22,101.809998,101.970001,101.470001,101.500000,76.393616,5304300
2014-05-23,101.550003,101.930000,101.269997,101.320000,76.258125,5410900
2014-05-27,101.610001,101.900002,100.930000,101.360001,76.288223,8359700
2014-05-28,101.230003,102.070000,101.050003,101.059998,76.062416,7586700
2014-05-29,101.540001,101.650002,101.019997,101.269997,76.220497,6113700
2014-05-30,100.800003,101.150002,100.370003,100.529999,75.663536,11499000
2014-06-02,100.529999,100.879997,99.669998,99.940002,75.219467,7761300
2014-06-03,99.589996,100.690002,99.589996,100.389999,75.558167,9384200
2014-06-04,100.209999,100.459999,99.959999,100.040001,75.294716,7148800
2014-06-05,100.099998,100.830002,99.959999,100.550003,75.678581,12296100
2014-06-06,100.610001,101.629997,100.599998,101.599998,76.468864,9340900
2014-06-09,101.449997,101.959999,101.190002,101.519997,76.408653,6404800
2014-06-10,101.480003,101.730003,101.000000,101.459999,76.363495,7917500
2014-06-11,101.190002,102.330002,101.000000,101.949997,76.732285,10270300
2014-06-12,102.459999,102.949997,101.570000,101.660004,76.514046,11421000
2014-06-13,101.930000,102.660004,101.629997,102.650002,77.259148,8240300
2014-06-16,102.570000,103.250000,102.169998,102.919998,77.462372,8977600
2014-06-17,102.580002,102.589996,101.449997,102.419998,77.086052,9355400
2014-06-18,102.570000,102.949997,102.059998,102.730003,77.319359,9575100
2014-06-19,102.610001,102.839996,101.680000,102.629997,77.244102,11105600
2014-06-20,103.279999,104.059998,102.940002,103.830002,78.147270,17674400
2014-06-23,104.110001,104.610001,103.879997,104.379997,78.561218,8553700
2014-06-24,104.180000,104.470001,102.470001,102.730003,77.319359,9708400
2014-06-25,102.339996,102.620003,101.529999,102.139999,76.875290,10714800
2014-06-26,101.940002,102.379997,100.849998,102.029999,76.792488,8424200
2014-06-27,101.669998,101.790001,100.660004,101.209999,76.175331,15147400
2014-06-30,101.209999,101.269997,100.519997,100.680000,75.776443,9454800
2014-07-01,101.150002,101.589996,100.790001,101.360001,76.288223,8399600
2014-07-02,101.150002,101.639999,101.040001,101.570000,76.446297,6954400
2014-07-03,101.949997,103.269997,101.680000,102.589996,77.213989,6922600
2014-07-07,102.330002,102.650002,102.019997,102.650002,77.259148,7979600
2014-07-08,102.330002,103.230003,102.169998,102.830002,77.394630,9613600
2014-07-09,102.959999,103.690002,102.809998,103.550003,77.936516,7655300
2014-07-10,102.879997,103.070000,102.040001,102.570000,77.198936,8533700
2014-07-11,102.400002,102.500000,101.320000,101.739998,76.574242,7680800
2014-07-14,102.169998,103.080002,102.160004,102.680000,77.281738,8253100
2014-07-15,102.529999,102.599998,101.739998,102.389999,77.063454,8755800
2014-07-16,102.559998,103.790001,102.540001,103.769997,78.102104,8870200
2014-07-17,103.379997,103.889999,102.290001,102.309998,77.003227,8145700
2014-07-18,102.690002,102.959999,101.860001,102.730003,77.319359,8208300
2014-07-21,102.360001,103.190002,102.059998,103.080002,77.582779,6632400
2014-07-22,103.639999,104.190002,103.500000,103.540001,77.928993,7426300
2014-07-23,103.639999,104.449997,103.529999,104.250000,78.463394,7007200
2014-07-24,104.419998,104.720001,103.949997,104.279999,78.485970,7943000
2014-07-25,103.930000,103.989998,102.959999,103.180000,77.658066,7775500
2014-07-28,103.290001,104.519997,102.830002,104.370003,78.553680,9197800
2014-07-29,104.209999,104.760002,103.519997,103.550003,77.936516,8055400
2014-07-30,103.730003,104.150002,102.570000,103.250000,77.710739,11072100
2014-07-31,101.980003,101.980003,98.930000,98.940002,74.466820,18291800
2014-08-01,98.620003,99.550003,98.180000,98.800003,74.361450,14915000
2014-08-04,98.739998,100.430000,98.309998,100.129997,75.362465,12148200
2014-08-05,99.480003,99.540001,97.779999,98.199997,73.909897,13069400
2014-08-06,98.199997,99.650002,98.199997,98.980003,74.496933,9911300
2014-08-07,99.769997,99.839996,97.629997,98.269997,73.962563,10017100
2014-08-08,98.809998,99.790001,98.320000,99.739998,75.068954,11199300
2014-08-11,99.279999,99.419998,98.540001,98.730003,74.826424,8589600
2014-08-12,98.209999,98.690002,97.820000,98.489998,74.644524,9583700
2014-08-13,98.820000,99.309998,98.480003,99.089996,75.099251,7645800
2014-08-14,99.099998,99.279999,98.599998,99.089996,75.099251,6547300
2014-08-15,99.239998,99.430000,98.139999,99.029999,75.053787,9226900
2014-08-18,99.279999,99.529999,99.099998,99.519997,75.425156,7135400
2014-08-19,99.500000,99.949997,99.430000,99.489998,75.402428,8888100
2014-08-20,99.550003,99.900002,99.040001,99.699997,75.561584,6751800
2014-08-21,99.800003,100.070000,99.260002,99.279999,75.243256,6826200
2014-08-22,98.889999,98.980003,98.080002,98.500000,74.652115,8095000
2014-08-25,98.809998,98.900002,98.500000,98.750000,74.841568,7569800
2014-08-26,99.120003,100.309998,99.019997,99.639999,75.516098,8536500
2014-08-27,99.779999,99.959999,99.089996,99.529999,75.432732,5848700
2014-08-28,99.040001,99.739998,99.010002,99.570000,75.463058,6072700
2014-08-29,99.379997,99.669998,98.720001,99.459999,75.379692,8873700
2014-09-02,99.430000,99.589996,97.809998,98.489998,74.644524,8957100
2014-09-03,98.860001,99.589996,98.860001,99.110001,75.114418,8475100
2014-09-04,99.000000,99.449997,97.970001,98.360001,74.545998,9662900
2014-09-05,98.739998,99.300003,98.110001,99.260002,75.228111,9476900
2014-09-08,98.919998,98.919998,97.449997,97.769997,74.098839,10080100
2014-09-09,97.690002,98.029999,96.959999,97.389999,73.810837,9756400
2014-09-10,97.360001,97.529999,95.830002,96.809998,73.371277,12113700
2014-09-11,96.320000,97.120003,95.820000,97.029999,73.538010,10181100
2014-09-12,96.529999,96.589996,95.629997,95.779999,72.590652,10257500
2014-09-15,95.730003,96.400002,95.400002,96.290001,72.977165,10689400
2014-09-16,96.230003,98.050003,96.019997,97.430000,73.841179,11574100
2014-09-17,97.910004,97.930000,96.800003,97.080002,73.575912,8774200
2014-09-18,97.150002,97.320000,96.480003,96.610001,73.219696,8636600
2014-09-19,97.080002,97.559998,96.870003,97.120003,73.606209,18178100
2014-09-22,96.900002,97.000000,96.269997,96.540001,73.166649,8816900
2014-09-23,96.279999,97.160004,96.029999,96.029999,72.780113,10300700
2014-09-24,95.870003,96.250000,94.839996,95.820000,72.620964,12200000
2014-09-25,95.660004,95.889999,94.199997,94.250000,71.431076,12854200
2014-09-26,94.330002,95.760002,93.800003,95.430000,72.325386,11256800
2014-09-29,94.709999,94.779999,93.800003,94.430000,71.567505,14015000
2014-09-30,94.110001,94.809998,93.620003,94.050003,71.279503,15576500
2014-10-01,94.110001,94.540001,92.720001,92.860001,70.377602,14028600
2014-10-02,92.389999,93.900002,92.059998,93.300003,70.711082,13756500
2014-10-03,93.599998,94.110001,92.580002,93.919998,71.180962,11563000
2014-10-06,94.010002,95.330002,93.910004,94.519997,71.635704,10595400
2014-10-07,94.269997,95.190002,93.330002,93.370003,70.764145,10787900
2014-10-08,93.419998,94.830002,92.419998,94.610001,71.703926,15583700
2014-10-09,94.050003,94.489998,91.629997,91.820000,69.589401,17915600
2014-10-10,92.440002,93.269997,90.900002,91.599998,69.422668,18173100
2014-10-13,91.320000,92.529999,90.760002,90.839996,68.846672,14451100
2014-10-14,91.489998,92.230003,90.059998,90.550003,68.626892,23120500
2014-10-15,89.000000,90.610001,86.910004,90.220001,68.376778,24703500
2014-10-16,88.580002,91.269997,88.180000,90.599998,68.664772,25212600
2014-10-17,91.129997,92.250000,90.500000,91.209999,69.127083,18189200
2014-10-20,90.629997,91.889999,90.629997,91.769997,69.551521,10821700
2014-10-21,92.860001,94.029999,92.360001,93.650002,70.976349,15757000
2014-10-22,93.959999,94.589996,92.980003,93.129997,70.582237,12733600
2014-10-23,94.309998,94.980003,93.870003,94.110001,71.324966,11345100
2014-10-24,94.190002,94.529999,93.220001,94.489998,71.612968,9734100
2014-10-27,93.849998,93.849998,92.769997,93.709999,71.021805,11387700
2014-10-28,94.440002,95.199997,93.930000,95.099998,72.075272,12564100
2014-10-29,95.419998,95.980003,93.620003,94.589996,71.688759,12409100
2014-10-30,93.870003,94.669998,93.220001,94.449997,71.582649,9767900
2014-10-31,94.989998,96.889999,94.309998,96.709999,73.295486,17493700
2014-11-03,96.559998,97.099998,94.800003,95.260002,72.196548,13410000
2014-11-04,94.500000,94.889999,93.889999,94.519997,71.635704,13498500
2014-11-05,95.360001,95.769997,94.650002,95.070000,72.052544,12480000
2014-11-06,95.180000,96.419998,94.279999,96.260002,72.954437,14731400
2014-11-07,95.800003,97.160004,95.720001,96.589996,73.733063,13233500
2014-11-10,96.870003,97.099998,96.070000,96.279999,73.496429,9087600
2014-11-11,95.779999,96.510002,95.610001,96.410004,73.595657,7990000
2014-11-12,95.900002,96.400002,95.110001,95.379997,72.809387,11592800
2014-11-13,94.959999,95.209999,93.830002,94.660004,72.259773,12355400
2014-11-14,94.870003,95.110001,94.650002,95.089996,72.588020,9352500
2014-11-17,94.849998,95.139999,94.190002,95.110001,72.603310,8704400
2014-11-18,95.080002,95.750000,94.529999,94.870003,72.420074,9263200
2014-11-19,95.080002,95.739998,94.129997,95.610001,72.984962,8333200
2014-11-20,95.370003,95.900002,95.260002,95.820000,73.145287,8422400
2014-11-21,97.199997,97.199997,96.099998,96.809998,73.901016,12374900
2014-11-24,96.339996,96.800003,95.250000,95.720001,73.068939,10172400
2014-11-25,96.010002,96.029999,94.370003,94.779999,72.351379,13747400
2014-11-26,94.639999,95.129997,94.360001,94.480003,72.122391,9822100
2014-11-28,91.500000,91.849998,90.110001,90.540001,69.114716,19556700
2014-12-01,90.360001,92.870003,90.279999,92.349998,70.496429,27584200
2014-12-02,92.320000,94.669998,92.010002,94.190002,71.900993,20885300
2014-12-03,94.669998,95.330002,94.000000,94.949997,72.481155,16220400
2014-12-04,94.129997,94.610001,93.070000,94.370003,72.038406,12868600
2014-12-05,93.949997,94.589996,93.349998,93.820000,71.618546,11831900
2014-12-08,92.900002,93.129997,91.370003,91.699997,70.000221,15735900
2014-12-09,91.230003,92.059998,90.760002,91.379997,69.755951,15883800
2014-12-10,90.720001,90.730003,88.199997,88.669998,67.687225,22279400
2014-12-11,88.860001,91.540001,88.849998,89.199997,68.091820,21522200
2014-12-12,88.709999,89.000000,86.599998,86.599998,66.107094,24568300
2014-12-15,87.529999,88.599998,86.500000,86.900002,66.336090,21373600
2014-12-16,86.379997,89.199997,86.190002,86.410004,65.962036,26372400
2014-12-17,87.239998,89.900002,87.150002,89.019997,67.954414,23323000
2014-12-18,90.370003,91.160004,88.400002,91.160004,69.588028,22882700
2014-12-19,90.209999,93.639999,89.610001,93.639999,71.481155,38469000
2014-12-22,92.959999,93.669998,92.449997,93.330002,71.244514,17871800
2014-12-23,93.519997,95.180000,93.050003,94.589996,72.206337,13706500
2014-12-24,94.220001,94.250000,92.980003,93.779999,71.588036,6875700
2014-12-26,93.989998,94.430000,92.620003,93.209999,71.152901,10585000
2014-12-29,93.330002,93.860001,92.889999,93.070000,71.046028,9892100
2014-12-30,92.769997,93.389999,92.510002,93.019997,71.007858,8743400
2014-12-31,92.419998,93.129997,92.059998,92.449997,70.572746,11337200
2015-01-02,92.250000,93.050003,91.809998,92.830002,70.862823,10220400
2015-01-05,92.099998,92.400002,89.500000,90.290001,68.923904,18502400
2015-01-06,90.239998,91.410004,89.019997,89.809998,68.557472,16670700
2015-01-07,90.650002,91.480003,90.000000,90.720001,69.252136,13590700
2015-01-08,91.250000,92.269997,91.000000,92.230003,70.404800,15487500
2015-01-09,92.300003,92.779999,91.370003,92.099998,70.305573,14488400
2015-01-12,91.239998,91.339996,89.820000,90.330002,68.954437,15176300
2015-01-13,90.879997,91.430000,89.110001,90.000000,68.702515,17469000
2015-01-14,88.949997,89.889999,87.260002,89.739998,68.504044,23272100
2015-01-15,90.430000,90.660004,88.510002,88.959999,67.908623,18759600
2015-01-16,88.980003,91.190002,88.980003,91.120003,69.557487,17713100
2015-01-20,91.139999,91.779999,90.379997,91.089996,69.534576,16761000
2015-01-21,91.739998,91.989998,91.010002,91.870003,70.130005,14276400
2015-01-22,92.309998,92.970001,91.320000,92.870003,70.893364,13559000
2015-01-23,92.279999,92.480003,90.790001,90.889999,69.381905,14706300
2015-01-26,90.610001,91.940002,90.470001,91.760002,70.046021,10672500
2015-01-27,91.239998,91.599998,90.599998,90.949997,69.427719,12301500
2015-01-28,90.879997,90.930000,87.820000,87.949997,67.137634,17829700
2015-01-29,88.220001,88.260002,86.029999,87.580002,66.855186,22683000
2015-01-30,87.160004,88.419998,86.250000,87.419998,66.733025,22679900
2015-02-02,87.849998,89.589996,87.500000,89.580002,68.381889,20306300
2015-02-03,90.900002,92.330002,90.809998,92.250000,70.420074,21900900
2015-02-04,91.639999,92.269997,90.510002,91.459999,69.817017,19632200
2015-02-05,92.389999,92.540001,91.699997,92.360001,70.504036,12809000
2015-02-06,92.099998,92.279999,90.959999,91.500000,70.373283,12331200
2015-02-09,91.400002,92.290001,91.239998,91.559998,70.419434,11360700
2015-02-10,91.739998,91.739998,90.300003,91.010002,69.996437,12952900
2015-02-11,90.019997,90.830002,89.790001,90.599998,69.681091,12240600
2015-02-12,91.459999,92.660004,91.019997,92.370003,71.042412,14843000
2015-02-13,92.699997,93.449997,92.279999,93.370003,71.811531,12061000
2015-02-17,92.750000,93.070000,92.290001,93.050003,71.565414,11758700
2015-02-18,91.989998,91.989998,90.389999,91.010002,69.996437,19177900
2015-02-19,89.639999,90.419998,88.580002,89.440002,68.788940,19350600
2015-02-20,89.400002,89.940002,88.849998,89.919998,69.158104,15959900
2015-02-23,89.260002,89.550003,88.739998,89.010002,68.458229,12771800
2015-02-24,89.330002,89.779999,89.129997,89.419998,68.773552,9990700
2015-02-25,89.570000,89.699997,89.080002,89.599998,68.912010,9925700
2015-02-26,89.129997,89.180000,88.080002,88.650002,68.181328,13984000
2015-02-27,88.889999,89.279999,88.339996,88.540001,68.096741,13090600
2015-03-02,88.339996,88.519997,87.349998,88.040001,67.712196,13793700
2015-03-03,87.930000,88.019997,87.129997,87.620003,67.389168,13493800
2015-03-04,87.959999,87.959999,86.930000,87.180000,67.050751,13467600
2015-03-05,87.070000,87.190002,86.519997,86.739998,66.712357,12527600
2015-03-06,86.410004,86.599998,85.320000,85.629997,65.858643,16070500
2015-03-09,86.120003,86.379997,85.120003,85.160004,65.497147,14503800
2015-03-10,84.820000,85.529999,84.239998,84.260002,64.804962,17195500
2015-03-11,84.930000,84.930000,84.000000,84.019997,64.620369,13004700
2015-03-12,84.430000,84.720001,84.059998,84.220001,64.774193,10792900
2015-03-13,83.900002,84.180000,82.680000,83.870003,64.505013,16799900
2015-03-16,83.709999,84.860001,83.269997,84.760002,65.189522,13516200
2015-03-17,84.540001,84.849998,84.019997,84.080002,64.666519,12979700
2015-03-18,83.540001,86.370003,83.430000,86.070000,66.197037,18745700
2015-03-19,85.190002,85.500000,84.330002,84.410004,64.920319,12738500
2015-03-20,84.669998,85.400002,84.389999,84.540001,65.020325,36083500
2015-03-23,85.019997,85.779999,85.010002,85.430000,65.704819,17450700
2015-03-24,85.300003,85.779999,84.500000,84.519997,65.004936,10174300
2015-03-25,85.050003,85.570000,84.769997,84.860001,65.266426,11934700
2015-03-26,85.300003,85.570000,84.089996,84.320000,64.851105,14400700
2015-03-27,84.040001,84.050003,83.330002,83.580002,64.281998,11579300
2015-03-30,84.269997,85.820000,84.250000,85.629997,65.858643,15653200
2015-03-31,84.849998,85.339996,84.459999,85.000000,65.374107,13354000
2015-04-01,85.699997,86.000000,84.260002,84.459999,64.958786,14522300
2015-04-02,84.089996,84.940002,83.849998,84.300003,64.835724,11297400
2015-04-06,85.150002,85.639999,84.199997,85.129997,65.474075,10916400
2015-04-07,85.010002,86.169998,84.760002,85.750000,65.950928,11836100
2015-04-08,85.800003,85.900002,84.019997,84.059998,64.651131,16257100
2015-04-09,84.000000,84.730003,83.809998,84.650002,65.104912,13281800
2015-04-10,85.370003,86.040001,84.769997,85.559998,65.804794,13372400
2015-04-13,85.919998,86.250000,85.239998,85.339996,65.635605,9880500
2015-04-14,85.599998,87.480003,85.529999,86.629997,66.627754,15693800
2015-04-15,87.139999,88.529999,87.139999,88.080002,67.742935,15332800
2015-04-16,87.879997,88.160004,87.110001,87.730003,67.473763,9570800
2015-04-17,87.139999,87.360001,86.160004,86.930000,66.858490,14430100
2015-04-20,87.129997,88.099998,87.080002,87.239998,67.096901,11593600
2015-04-21,87.379997,87.620003,86.690002,86.879997,66.820023,10100500
2015-04-22,87.040001,87.800003,86.339996,87.459999,67.266098,8663600
2015-04-23,87.360001,88.379997,87.309998,87.540001,67.327629,9866100
2015-04-24,87.190002,87.360001,86.660004,86.970001,66.889236,8405700
2015-04-27,87.410004,87.599998,86.760002,87.010002,66.919998,10534600
2015-04-28,87.220001,87.860001,87.040001,87.800003,67.527596,9633800
2015-04-29,87.500000,88.070000,86.959999,87.870003,67.581436,12534100
2015-04-30,88.669998,88.669998,87.220001,87.370003,67.196884,13947700
2015-05-01,87.849998,88.949997,87.699997,88.849998,68.335159,12257100
2015-05-04,89.419998,89.879997,88.949997,89.110001,68.535126,10343700
2015-05-05,89.970001,90.089996,88.519997,88.610001,68.150558,11895000
2015-05-06,89.650002,89.959999,87.790001,88.190002,67.827560,11273500
2015-05-07,88.000000,88.099998,86.919998,87.599998,67.373764,9992500
2015-05-08,88.470001,89.070000,87.820000,88.989998,68.442848,11390300
2015-05-11,88.529999,88.570000,86.650002,86.779999,67.295143,11997800
2015-05-12,86.889999,87.459999,86.419998,87.019997,67.481262,9788900
2015-05-13,87.279999,87.730003,86.400002,86.559998,67.124550,8629400
2015-05-14,86.930000,87.339996,86.750000,86.970001,67.442474,8791300
2015-05-15,86.800003,87.620003,86.599998,87.349998,67.737160,8422200
2015-05-18,87.309998,87.459999,86.779999,86.849998,67.349449,6395400
2015-05-19,86.470001,87.209999,86.209999,86.989998,67.458000,9777100
2015-05-20,87.389999,87.400002,86.910004,87.129997,67.566536,7276600
2015-05-21,87.279999,87.440002,86.959999,87.209999,67.628593,8357400
2015-05-22,86.989998,87.099998,86.500000,86.519997,67.093521,7598400
2015-05-26,86.040001,86.370003,85.029999,85.349998,66.186226,11289000
2015-05-27,85.300003,85.889999,84.769997,85.110001,66.000114,10778300
2015-05-28,85.110001,85.570000,84.820000,85.110001,66.000114,8038900
2015-05-29,85.099998,85.580002,84.879997,85.199997,66.069901,14631300
2015-06-01,85.250000,85.470001,84.800003,85.129997,66.015617,9077500
2015-06-02,85.120003,85.589996,84.910004,85.139999,66.023392,9328300
2015-06-03,85.230003,85.839996,84.860001,84.949997,65.876015,8179500
2015-06-04,84.699997,84.889999,83.779999,84.220001,65.309944,12607300
2015-06-05,84.129997,85.000000,83.980003,84.279999,65.356468,11388500
2015-06-08,84.180000,85.209999,83.930000,84.849998,65.798485,12244700
2015-06-09,85.290001,85.430000,84.489998,84.580002,65.589111,8105500
2015-06-10,85.839996,85.970001,85.000000,85.209999,66.077660,10147000
2015-06-11,85.300003,85.699997,84.889999,85.089996,65.984612,7759300
2015-06-12,84.580002,84.680000,83.860001,84.019997,65.154839,8347300
2015-06-15,83.529999,83.980003,83.190002,83.720001,64.922218,9563900
2015-06-16,83.809998,84.750000,83.400002,84.680000,65.666664,9100100
2015-06-17,85.029999,85.129997,84.410004,84.730003,65.705437,9090200
2015-06-18,84.800003,85.959999,84.720001,85.480003,66.287041,10247800
2015-06-19,84.919998,85.480003,84.919998,85.209999,66.077660,16129600
2015-06-22,85.389999,85.599998,84.970001,85.169998,66.046631,9465100
2015-06-23,85.220001,85.279999,84.589996,85.070000,65.969078,10223900
2015-06-24,84.889999,85.339996,84.660004,84.680000,65.666664,11800100
2015-06-25,84.849998,84.849998,83.930000,83.930000,65.085060,10259400
2015-06-26,83.830002,84.099998,83.489998,83.860001,65.030762,19023300
2015-06-29,83.050003,83.449997,82.800003,82.820000,64.224274,11739200
2015-06-30,83.739998,84.900002,82.800003,83.199997,64.518951,14981100
2015-07-01,83.279999,83.529999,82.110001,82.370003,63.875336,13529100
2015-07-02,82.790001,83.279999,82.550003,83.139999,64.472435,9188000
2015-07-06,82.419998,83.059998,82.120003,82.529999,63.999432,11694400
2015-07-07,82.190002,83.230003,81.489998,82.870003,64.263054,15641500
2015-07-08,82.250000,82.980003,81.910004,81.970001,63.565147,10057000
2015-07-09,82.870003,83.150002,81.580002,81.599998,63.278214,11980500
2015-07-10,82.089996,82.489998,81.720001,82.220001,63.759007,8628700
2015-07-13,82.110001,82.610001,82.070000,82.419998,63.914116,8026700
2015-07-14,82.379997,83.320000,82.260002,83.110001,64.449173,9310200
2015-07-15,82.610001,83.419998,82.400002,82.760002,64.177765,9289200
2015-07-16,83.180000,83.480003,82.800003,82.910004,64.294098,8267600
2015-07-17,82.510002,82.839996,81.790001,82.610001,64.061432,12156000
2015-07-20,82.150002,82.410004,81.599998,81.760002,63.402290,12957100
2015-07-21,81.930000,82.430000,81.430000,81.660004,63.324753,8677100
2015-07-22,82.349998,82.470001,81.580002,81.790001,63.425560,13181500
2015-07-23,81.730003,81.970001,80.970001,81.139999,62.921494,10496100
2015-07-24,81.160004,81.160004,79.720001,79.940002,61.990944,14888500
2015-07-27,79.230003,80.129997,78.970001,79.260002,61.463615,14996100
2015-07-28,79.699997,82.669998,79.570000,82.480003,63.960655,19777300
2015-07-29,82.180000,83.199997,81.910004,83.139999,64.472435,13913800
2015-07-30,83.180000,83.320000,82.419998,83.010002,64.371620,11139900
2015-07-31,81.669998,81.669998,78.930000,79.209999,61.424862,26232700
2015-08-03,78.699997,78.930000,77.629997,78.059998,60.533047,15767700
2015-08-04,77.879997,78.610001,76.930000,77.169998,59.842896,18874400
2015-08-05,77.870003,78.230003,76.900002,77.169998,59.842896,16544400
2015-08-06,76.940002,78.260002,76.910004,78.089996,60.556328,13005200
2015-08-07,77.550003,77.970001,76.620003,76.830002,59.579239,12187600
2015-08-10,77.089996,78.750000,77.089996,78.750000,61.068153,14876000
2015-08-11,77.010002,78.070000,76.330002,77.489998,60.653282,14486400
2015-08-12,77.440002,78.870003,76.959999,78.790001,61.670849,16492400
2015-08-13,78.320000,79.290001,78.269997,78.650002,61.561237,13154100
2015-08-14,78.639999,79.279999,78.250000,78.360001,61.334251,9129300
2015-08-17,77.930000,79.180000,77.449997,78.769997,61.655155,9365400
2015-08-18,78.529999,78.669998,77.580002,77.900002,60.974216,9815300
2015-08-19,77.510002,77.580002,75.930000,76.230003,59.667046,17010100
2015-08-20,76.000000,76.180000,74.570000,74.570000,58.367729,17811200
2015-08-21,74.099998,74.889999,72.070000,72.129997,56.457878,25488800
2015-08-24,67.989998,71.379997,66.550003,68.720001,53.788795,35531200
2015-08-25,71.309998,71.440002,68.199997,68.709999,53.780972,30409700
2015-08-26,70.629997,72.750000,69.150002,72.500000,56.747498,34436000
2015-08-27,73.800003,74.889999,73.010002,74.849998,58.586906,24571000
2015-08-28,74.709999,75.980003,74.410004,75.070000,58.759102,18997300
2015-08-31,74.279999,75.550003,73.300003,75.239998,58.892162,19570100
2015-09-01,73.300003,73.349998,71.510002,72.080002,56.418743,24092900
2015-09-02,73.059998,73.239998,72.000000,73.230003,57.318874,16936900
2015-09-03,73.639999,74.910004,73.339996,73.790001,57.757206,13451900
2015-09-04,72.930000,73.139999,72.250000,72.459999,56.716194,14902500
2015-09-08,73.720001,73.720001,72.970001,73.500000,57.530228,13626900
2015-09-09,74.370003,74.680000,71.849998,72.000000,56.356133,17246200
2015-09-10,72.809998,72.980003,71.800003,72.519997,56.763138,12353900
2015-09-11,72.400002,72.720001,72.010002,72.690002,56.896210,12172300
2015-09-14,72.309998,72.580002,71.760002,72.489998,56.739662,10738500
2015-09-15,72.440002,73.309998,72.410004,72.860001,57.029278,11979800
2015-09-16,73.510002,74.699997,73.370003,74.300003,58.156406,15214200
2015-09-17,74.410004,75.470001,73.849998,74.459999,58.281654,15603000
2015-09-18,73.260002,73.559998,72.120003,72.680000,56.888397,23180200
2015-09-21,73.099998,73.610001,72.730003,73.389999,57.444122,10853000
2015-09-22,72.349998,73.519997,72.019997,72.739998,56.935349,14245200
2015-09-23,72.870003,73.199997,72.290001,72.300003,56.590950,13784800
2015-09-24,72.000000,73.150002,71.720001,72.730003,56.927513,14584200
2015-09-25,73.290001,73.529999,72.760002,73.230003,57.318874,15175300
2015-09-28,72.620003,73.459999,72.400002,72.599998,56.825756,14571900
2015-09-29,72.650002,73.190002,72.139999,72.970001,57.115383,13754400
2015-09-30,73.400002,74.349998,73.330002,74.349998,58.195534,18176500
2015-10-01,75.199997,75.580002,73.300003,74.059998,57.968540,14397800
2015-10-02,73.389999,75.900002,73.029999,75.879997,59.393093,18811300
2015-10-05,76.650002,77.150002,75.790001,76.809998,60.121044,18486700
2015-10-06,76.959999,78.559998,76.260002,77.889999,60.966385,18757900
2015-10-07,78.970001,79.290001,77.529999,79.199997,61.991734,18666300
2015-10-08,79.309998,80.110001,78.540001,80.029999,62.641403,14344700
2015-10-09,80.050003,80.169998,78.620003,79.260002,62.038719,17384700
2015-10-12,79.589996,79.589996,78.720001,79.300003,62.070045,9931800
2015-10-13,78.720001,79.550003,78.489998,79.160004,61.960457,12326600
2015-10-14,78.970001,80.480003,78.779999,80.160004,62.743156,14486000
2015-10-15,80.190002,81.529999,79.900002,81.480003,63.776375,13640900
2015-10-16,82.260002,82.500000,81.449997,82.480003,64.559097,14304400
2015-10-19,82.010002,82.169998,80.760002,80.989998,63.392826,14155800
2015-10-20,80.550003,81.059998,80.199997,80.830002,63.267586,12340100
2015-10-21,80.860001,81.150002,80.110001,80.209999,62.782299,10274900
2015-10-22,80.680000,82.959999,80.660004,82.889999,64.879997,14823500
2015-10-23,82.410004,83.000000,81.889999,82.980003,64.950439,13215700
2015-10-26,82.519997,82.730003,81.169998,81.220001,63.572857,12576400
2015-10-27,80.570000,81.160004,79.730003,81.089996,63.471092,13579400
2015-10-28,81.309998,82.580002,80.930000,82.279999,64.402534,12473000
2015-10-29,81.790001,83.220001,81.790001,82.230003,64.363411,10341200
2015-10-30,82.470001,83.879997,81.260002,82.739998,64.762581,18758600
2015-11-02,82.300003,85.930000,82.089996,85.279999,66.750717,21266500
2015-11-03,85.660004,87.440002,85.580002,86.849998,67.979584,20115900
2015-11-04,86.769997,87.080002,85.699997,85.980003,67.298607,14245400
2015-11-05,85.550003,86.230003,84.500000,84.809998,66.382813,12291100
2015-11-06,83.930000,84.470001,83.220001,84.470001,66.116707,12491700
2015-11-09,83.559998,83.599998,81.800003,81.949997,64.703400,13551200
2015-11-10,81.930000,82.610001,81.860001,82.349998,65.019241,14238000
2015-11-11,82.419998,82.559998,81.400002,81.620003,64.442863,9598000
2015-11-12,80.570000,81.279999,79.320000,79.410004,62.697960,16050600
2015-11-13,79.279999,79.580002,77.940002,78.099998,61.663658,17527300
2015-11-16,77.940002,80.989998,77.910004,80.900002,63.874390,14548100
2015-11-17,80.709999,80.879997,79.629997,79.959999,63.132210,10011700
2015-11-18,79.889999,80.900002,79.589996,80.739998,63.748058,10884600
2015-11-19,80.510002,80.779999,80.040001,80.300003,63.400665,9453300
2015-11-20,80.570000,80.940002,79.650002,79.790001,62.997982,10144400
2015-11-23,79.599998,80.709999,79.059998,80.279999,63.384872,11868400
2015-11-24,80.349998,82.349998,80.199997,81.879997,64.648140,15055500
2015-11-25,81.300003,82.169998,81.099998,81.250000,64.150726,8980400
2015-11-27,80.580002,81.260002,80.459999,81.230003,64.134949,4156600
2015-11-30,81.419998,82.650002,81.250000,81.660004,64.474442,17729200
2015-12-01,81.760002,82.129997,81.269997,81.889999,64.656036,13917000
2015-12-02,81.309998,81.639999,79.419998,79.550003,62.808506,16300000
2015-12-03,79.720001,79.849998,78.019997,78.410004,61.908424,14870300
2015-12-04,77.349998,78.980003,77.029999,78.860001,62.263729,20156400
2015-12-07,77.330002,77.500000,75.750000,76.800003,60.637245,17676100
2015-12-08,75.269997,76.349998,73.790001,74.629997,58.923920,24217600
2015-12-09,74.839996,77.190002,74.730003,75.629997,59.713474,22036300
2015-12-10,75.800003,77.500000,75.519997,75.690002,59.760838,20142400
2015-12-11,74.820000,75.540001,74.339996,74.339996,58.694962,20473100
2015-12-14,74.300003,76.220001,74.089996,76.029999,60.029301,21976500
2015-12-15,77.430000,79.599998,77.330002,79.430000,62.713753,24366800
2015-12-16,79.040001,79.610001,78.000000,79.150002,62.492672,17233900
2015-12-17,79.019997,79.230003,77.949997,77.959999,61.553116,17362900
2015-12-18,77.570000,78.779999,77.059998,77.279999,61.016228,28836000
2015-12-21,77.790001,78.099998,76.650002,77.260002,61.000427,14460500
2015-12-22,77.699997,77.900002,77.209999,77.650002,61.308353,13855800
2015-12-23,78.680000,80.220001,78.320000,80.190002,63.313801,15184200
2015-12-24,80.269997,80.269997,79.120003,79.330002,62.634804,5848300
2015-12-28,78.120003,78.860001,77.910004,78.739998,62.168961,9715800
2015-12-29,79.989998,80.080002,78.839996,79.160004,62.500595,8839000
2015-12-30,78.320000,78.989998,77.970001,78.110001,61.671558,9314600
2015-12-31,77.510002,78.440002,77.430000,77.949997,61.545231,10285500
2016-01-04,77.500000,77.940002,76.459999,77.459999,61.158344,20400100
2016-01-05,77.190002,78.139999,76.919998,78.120003,61.679451,11993500
2016-01-06,76.639999,77.639999,76.589996,77.470001,61.166237,18826900
2016-01-07,76.059998,77.989998,75.900002,76.230003,60.187199,21263800
2016-01-08,76.349998,76.650002,74.500000,74.690002,58.971302,19033600
2016-01-11,75.010002,75.120003,72.559998,73.690002,58.181751,21353000
2016-01-12,74.120003,75.419998,73.150002,75.199997,59.373970,21864100
2016-01-13,75.849998,77.059998,74.940002,75.650002,59.729275,26052700
2016-01-14,76.209999,79.919998,75.800003,79.120003,62.468994,33806700
2016-01-15,76.330002,78.169998,76.300003,77.580002,61.253086,28342100
2016-01-19,77.930000,78.239998,75.190002,76.400002,60.321430,22684500
2016-01-20,75.070000,75.720001,71.550003,73.180000,57.779087,33300800
2016-01-21,73.160004,74.989998,72.610001,74.099998,58.505470,22265600
2016-01-22,76.419998,76.769997,74.720001,76.570000,60.455639,22530300
2016-01-25,75.750000,76.339996,73.900002,73.980003,58.410728,17086600
2016-01-26,74.769997,76.769997,74.250000,76.699997,60.558292,18724700
2016-01-27,76.000000,77.470001,74.720001,75.290001,59.445042,18106100
2016-01-28,77.349998,77.660004,75.620003,76.989998,60.787247,16157700
2016-01-29,76.730003,77.849998,76.250000,77.849998,61.466263,25161900
2016-02-01,76.660004,76.790001,75.440002,76.290001,60.234573,16754200
2016-02-02,74.190002,75.620003,73.550003,74.589996,58.892353,21404200
2016-02-03,75.529999,78.529999,74.260002,78.480003,61.963676,25873700
2016-02-04,78.580002,80.000000,77.559998,79.830002,63.029560,23658700
2016-02-05,79.400002,80.099998,78.570000,80.080002,63.226974,26719900
2016-02-08,79.300003,81.779999,78.910004,81.160004,64.079674,26601200
2016-02-09,79.980003,80.669998,78.690002,80.080002,63.800831,18418100
2016-02-10,79.769997,81.449997,79.279999,79.349998,63.219219,16610900
2016-02-11,78.339996,80.150002,77.580002,79.599998,63.418396,19331600
2016-02-12,80.080002,81.070000,79.809998,81.029999,64.557701,16767200
2016-02-16,81.699997,81.849998,80.279999,81.220001,64.709084,15912200
2016-02-17,81.650002,82.779999,81.160004,82.000000,65.330521,17006700
2016-02-18,82.900002,83.059998,81.860001,82.449997,65.689034,14873700
2016-02-19,82.190002,82.550003,80.910004,82.500000,65.728874,13615900
2016-02-22,82.500000,83.440002,82.199997,82.389999,65.641235,14595200
2016-02-23,81.989998,82.370003,80.879997,81.230003,64.717056,11041600
2016-02-24,79.910004,81.769997,79.669998,81.519997,64.948097,13777500
2016-02-25,81.559998,82.070000,80.019997,82.010002,65.338478,13706400
2016-02-26,82.889999,83.080002,81.690002,81.750000,65.131340,14343300
2016-02-29,81.879997,82.400002,80.050003,80.150002,63.856598,18903600
2016-03-01,80.559998,81.769997,80.320000,81.279999,64.756866,15730600
2016-03-02,80.949997,82.720001,80.309998,82.699997,65.888206,14094400
2016-03-03,82.660004,82.720001,81.540001,82.400002,65.649208,13216200
2016-03-04,82.660004,82.970001,81.760002,82.290001,65.561554,18402700
2016-03-07,82.309998,84.459999,82.209999,84.459999,67.290421,18945600
2016-03-08,84.000000,84.209999,82.480003,82.629997,65.832443,14003900
2016-03-09,83.220001,83.849998,82.239998,82.400002,65.649208,14139300
2016-03-10,82.419998,82.660004,80.930000,82.180000,65.473930,15898300
2016-03-11,83.220001,83.529999,82.010002,82.190002,65.481880,15370200
2016-03-14,81.480003,82.639999,81.019997,82.410004,65.657166,13344600
2016-03-15,81.599998,82.849998,81.519997,82.820000,65.983803,9213000
2016-03-16,83.019997,83.160004,81.940002,82.870003,66.023659,11492100
2016-03-17,83.680000,84.680000,82.720001,84.099998,67.003601,13673900
2016-03-18,84.589996,84.599998,83.250000,84.199997,67.083290,19637000
2016-03-21,83.839996,84.139999,83.500000,83.620003,66.621193,8385400
2016-03-22,83.080002,84.860001,83.010002,84.120003,67.019562,13005100
2016-03-23,83.860001,84.300003,83.519997,83.750000,66.724747,12748900
2016-03-24,82.940002,84.029999,82.930000,83.980003,66.908005,9368300
2016-03-28,84.029999,84.360001,83.699997,84.220001,67.099220,7490400
2016-03-29,83.669998,84.610001,83.160004,84.529999,67.346191,9977900
2016-03-30,85.029999,85.050003,84.000000,84.519997,67.338234,10807000
2016-03-31,84.070000,85.099998,83.589996,83.589996,66.597282,13896900
2016-04-01,82.400002,83.389999,82.389999,82.959999,66.095360,12235300
2016-04-04,83.059998,83.900002,82.779999,83.160004,66.254707,8050200
2016-04-05,82.610001,83.129997,81.989998,82.209999,65.497810,10446800
2016-04-06,82.690002,83.459999,82.300003,83.309998,66.374214,9320200
2016-04-07,82.760002,83.169998,82.050003,82.370003,65.625305,8267100
2016-04-08,83.300003,83.449997,82.849998,83.209999,66.294525,9376200
2016-04-11,83.330002,84.239998,83.279999,83.320000,66.382172,9925000
2016-04-12,83.690002,84.629997,83.370003,84.349998,67.202774,9986100
2016-04-13,84.500000,84.910004,84.040001,84.830002,67.585213,9235700
2016-04-14,85.000000,85.900002,84.760002,85.430000,68.063240,10625800
2016-04-15,85.300003,85.660004,84.779999,84.970001,67.696739,11280200
2016-04-18,84.970001,85.860001,83.860001,85.779999,68.342102,9097000
2016-04-19,85.849998,86.309998,85.220001,86.209999,68.684677,10354500
2016-04-20,86.230003,87.440002,85.970001,86.800003,69.154747,15247100
2016-04-21,86.589996,87.839996,86.570000,86.790001,69.146782,12075300
2016-04-22,87.239998,87.639999,86.820000,87.529999,69.736343,9150800
2016-04-25,87.089996,87.400002,86.349998,87.330002,69.576988,8076400
2016-04-26,87.750000,87.940002,87.059998,87.629997,69.816017,9425900
2016-04-27,87.949997,88.720001,87.330002,88.459999,70.477280,10463500
2016-04-28,87.860001,88.779999,87.500000,88.029999,70.134682,11276200
2016-04-29,88.680000,89.779999,87.739998,88.400002,70.429482,17885900
2016-05-02,88.239998,89.480003,88.080002,89.129997,71.011078,10273700
2016-05-03,88.400002,88.629997,87.360001,88.110001,70.198433,10137400
2016-05-04,88.300003,88.739998,87.599998,87.940002,70.062996,10601100
2016-05-05,88.760002,88.970001,87.620003,88.040001,70.142670,8721100
2016-05-06,87.459999,88.680000,87.459999,88.510002,70.517120,7968400
2016-05-09,88.599998,88.760002,87.230003,88.570000,70.564903,11159500
2016-05-10,88.900002,90.000000,88.820000,89.989998,71.696259,12509100
2016-05-11,89.160004,89.680000,88.720001,88.809998,71.350784,11660200
2016-05-12,89.800003,89.930000,89.150002,89.669998,72.041718,10720500
2016-05-13,89.279999,89.660004,88.510002,88.660004,71.230278,9721100
2016-05-16,89.199997,89.669998,89.000000,89.570000,71.961372,8638700
2016-05-17,89.269997,89.910004,89.160004,89.529999,71.929253,9835600
2016-05-18,89.800003,90.000000,88.650002,89.349998,71.784622,9680300
2016-05-19,88.610001,90.160004,88.449997,90.110001,72.395226,14397900
2016-05-20,90.389999,90.400002,89.379997,89.739998,72.097954,13191900
2016-05-23,89.000000,89.900002,88.820000,89.599998,71.985481,11766100
2016-05-24,89.889999,90.400002,89.550003,89.669998,72.041718,10056600
2016-05-25,89.849998,90.370003,89.589996,90.260002,72.515739,9578400
2016-05-26,90.250000,90.459999,89.269997,89.800003,72.146172,7867900
2016-05-27,89.400002,90.050003,89.320000,90.010002,72.314880,7505900
2016-05-31,90.000000,90.199997,88.730003,89.019997,71.519508,13178800
2016-06-01,88.430000,89.449997,88.129997,89.239998,71.696259,7994800
2016-06-02,88.209999,88.529999,87.610001,88.529999,71.125847,9837500
2016-06-03,88.440002,88.830002,88.029999,88.370003,70.997276,9367100
2016-06-06,88.870003,89.500000,88.690002,89.339996,71.776596,8573000
2016-06-07,89.750000,90.919998,89.709999,90.709999,72.877274,12889100
2016-06-08,91.029999,91.300003,90.529999,90.790001,72.941528,9983000
2016-06-09,90.180000,91.029999,90.110001,90.669998,72.845123,8974300
2016-06-10,90.400002,90.919998,89.779999,89.980003,72.290794,10353800
2016-06-13,89.919998,91.430000,89.699997,90.589996,72.780853,11370000
2016-06-14,90.449997,90.870003,89.849998,90.430000,72.652306,10161000
2016-06-15,90.230003,90.900002,90.000000,90.160004,72.435379,10655800
2016-06-16,89.699997,91.389999,89.110001,91.220001,73.286995,12824800
2016-06-17,91.489998,91.589996,90.190002,90.720001,72.885307,17483200
2016-06-20,91.290001,91.589996,91.070000,91.120003,73.206665,9388500
2016-06-21,90.720001,91.639999,90.250000,91.529999,73.536064,8557500
2016-06-22,91.839996,91.930000,91.010002,91.169998,73.246841,8785400
2016-06-23,91.930000,92.070000,91.190002,91.800003,73.752998,9464500
2016-06-24,89.879997,90.800003,89.150002,89.389999,71.816765,20010500
2016-06-27,88.900002,89.099998,88.110001,88.860001,71.390961,14169400
2016-06-28,89.730003,90.930000,89.519997,90.910004,73.037956,13254300
2016-06-29,91.410004,92.699997,91.120003,92.459999,74.283226,13920600
2016-06-30,92.330002,93.830002,92.300003,93.739998,75.311615,14073700
2016-07-01,93.360001,93.980003,93.070000,93.839996,75.391930,9946300
2016-07-05,93.120003,93.599998,92.250000,93.019997,74.733147,10744100
2016-07-06,93.349998,94.120003,92.440002,94.089996,75.592796,13144400
2016-07-07,94.339996,94.489998,92.349998,92.959999,74.684937,12240700
2016-07-08,93.389999,93.779999,92.919998,93.540001,75.150917,9807600
2016-07-11,93.750000,94.410004,93.650002,93.889999,75.432121,8335700
2016-07-12,94.669998,94.949997,94.089996,94.949997,76.283722,9870800
2016-07-13,94.650002,94.919998,94.110001,94.879997,76.227486,9458200
2016-07-14,95.050003,95.529999,94.620003,94.949997,76.283722,9293500
2016-07-15,95.440002,95.550003,94.639999,95.120003,76.420303,10334500
2016-07-18,94.919998,95.150002,94.400002,94.820000,76.179268,9865900
2016-07-19,94.760002,94.940002,94.199997,94.470001,75.898087,5901800
2016-07-20,94.250000,94.419998,93.800003,93.930000,75.464241,7383800
2016-07-21,93.889999,94.260002,93.459999,93.849998,75.399971,6854600
2016-07-22,94.110001,94.290001,93.720001,94.010002,75.528519,7139700
2016-07-25,93.470001,93.620003,91.760002,92.199997,74.074348,10845900
2016-07-26,91.629997,92.029999,91.110001,91.529999,73.536064,12143500
2016-07-27,91.510002,91.809998,90.629997,90.910004,73.037956,10037900
2016-07-28,90.540001,90.730003,89.610001,90.199997,72.467514,12439200
2016-07-29,87.610001,89.010002,86.120003,88.949997,71.463280,23928100
2016-08-01,88.080002,88.150002,85.589996,85.860001,68.980736,22908400
2016-08-02,86.449997,87.320000,85.580002,87.040001,69.928749,18919200
2016-08-03,87.010002,87.489998,86.599998,87.489998,70.290283,14632900
2016-08-04,87.500000,87.650002,87.029999,87.480003,70.282272,13451400
2016-08-05,87.730003,87.830002,87.150002,87.559998,70.346527,9617300
2016-08-08,88.050003,88.889999,88.029999,88.589996,71.174049,10492700
2016-08-09,88.620003,88.760002,88.180000,88.699997,71.262413,9654600
2016-08-10,87.779999,87.919998,86.010002,86.410004,70.014618,12714800
2016-08-11,86.690002,87.269997,86.260002,86.720001,70.265793,11616000
2016-08-12,86.959999,87.980003,86.900002,87.849998,71.181396,9986900
2016-08-15,88.419998,88.500000,87.639999,87.809998,71.148972,6432600
2016-08-16,87.830002,88.180000,87.370003,87.919998,71.238113,6817900
2016-08-17,87.919998,88.180000,87.660004,88.110001,71.392059,7104600
2016-08-18,88.379997,88.940002,88.120003,88.910004,72.040283,10342700
2016-08-19,88.629997,88.739998,87.790001,87.800003,71.140892,8615300
2016-08-22,87.309998,88.099998,86.849998,87.989998,71.294823,8235400
2016-08-23,87.839996,88.019997,87.559998,87.720001,71.076057,6514800
2016-08-24,87.500000,88.160004,87.349998,88.019997,71.319138,7985400
2016-08-25,88.019997,88.029999,87.239998,87.459999,70.865387,6935300
2016-08-26,87.629997,88.110001,87.000000,87.269997,70.711433,6474400
2016-08-29,87.040001,87.919998,87.040001,87.839996,71.173286,7027200
2016-08-30,87.870003,88.250000,87.370003,87.519997,70.913994,6441100
2016-08-31,87.139999,87.209999,86.220001,87.139999,70.606094,12491400
2016-09-01,86.720001,86.839996,86.089996,86.839996,70.363022,8434700
2016-09-02,87.419998,87.580002,86.930000,87.419998,70.832977,7099600
2016-09-06,87.839996,88.639999,87.660004,88.570000,71.764771,9851200
2016-09-07,88.650002,88.669998,87.970001,88.239998,71.497383,7470400
2016-09-08,88.550003,89.370003,88.040001,89.050003,72.153702,9579500
2016-09-09,88.660004,88.660004,86.800003,86.839996,70.363022,12820200
2016-09-12,86.779999,87.709999,86.629997,87.290001,70.727661,10889000
2016-09-13,86.459999,86.470001,85.080002,85.209999,69.042297,13214300
2016-09-14,85.040001,85.830002,84.269997,84.599998,68.548035,13957000
2016-09-15,84.669998,85.650002,84.519997,85.080002,68.936966,9062600
2016-09-16,84.510002,85.050003,83.559998,84.029999,68.086189,21538400
2016-09-19,84.580002,84.620003,83.809998,83.830002,67.924133,7929100
2016-09-20,83.730003,83.949997,82.540001,82.540001,66.878922,17522000
2016-09-21,82.820000,83.620003,82.309998,83.300003,67.494690,15055900
2016-09-22,84.279999,84.550003,83.379997,83.540001,67.689171,10738500
2016-09-23,82.680000,84.309998,82.589996,83.449997,67.616234,12667100
2016-09-26,83.519997,84.500000,82.930000,83.059998,67.300240,10860300
2016-09-27,82.589996,83.339996,82.290001,83.239998,67.446075,9595000
2016-09-28,83.459999,87.230003,83.339996,86.900002,70.411644,28117900
2016-09-29,86.970001,87.199997,85.680000,86.459999,70.055130,19082900
2016-09-30,86.839996,87.809998,86.650002,87.279999,70.719543,15961500
2016-10-03,86.940002,87.199997,86.540001,87.050003,70.533195,7111200
2016-10-04,87.379997,87.500000,86.070000,86.250000,69.884987,8222000
2016-10-05,86.830002,87.169998,86.699997,87.000000,70.492668,8796200
2016-10-06,87.250000,87.470001,86.440002,87.040001,70.525078,7718300
2016-10-07,86.949997,87.400002,86.419998,86.739998,70.281990,6614900
2016-10-10,87.540001,88.669998,87.510002,88.440002,71.659447,10060000
2016-10-11,88.080002,88.190002,87.300003,87.739998,71.092262,9309000
2016-10-12,87.220001,87.720001,86.669998,87.129997,70.597992,8172600
2016-10-13,86.349998,86.870003,85.430000,86.559998,70.136147,9890300
2016-10-14,87.190002,87.540001,86.480003,86.540001,70.119949,7991700
2016-10-17,86.480003,86.790001,86.070000,86.540001,70.119949,7263100
2016-10-18,87.169998,87.330002,86.379997,86.769997,70.306305,5429300
2016-10-19,87.190002,87.849998,86.879997,87.169998,70.630409,9373400
2016-10-20,86.790001,87.500000,86.599998,87.209999,70.662819,6866900
2016-10-21,86.419998,86.820000,85.699997,86.620003,70.184776,10736200
2016-10-24,86.739998,87.320000,86.070000,86.910004,70.419739,8354900
2016-10-25,86.669998,87.650002,86.599998,86.720001,70.265793,6835900
2016-10-26,86.250000,87.449997,85.949997,87.089996,70.565582,8488100
2016-10-27,87.279999,87.660004,86.800003,86.919998,70.427834,9071100
2016-10-28,85.279999,86.360001,84.139999,84.779999,68.693886,19072200
2016-10-31,83.879997,84.400002,82.989998,83.320000,67.510887,16663800
2016-11-01,83.500000,83.919998,83.269997,83.650002,67.778297,13050600
2016-11-02,83.300003,83.879997,82.940002,83.449997,67.616234,11226100
2016-11-03,83.680000,83.879997,83.050003,83.660004,67.786400,8836500
2016-11-04,83.629997,84.330002,82.760002,83.570000,67.713478,13877100
2016-11-07,84.489998,85.470001,84.400002,85.449997,69.236755,13576200
2016-11-08,84.730003,85.830002,84.489998,85.309998,69.735405,9735200
2016-11-09,84.050003,86.709999,83.660004,86.250000,70.503799,15901300
2016-11-10,85.910004,87.989998,85.660004,87.050003,71.157761,14106100
2016-11-11,86.529999,86.730003,84.889999,85.669998,70.029678,13812200
2016-11-14,85.300003,85.650002,84.330002,85.279999,69.710869,12607500
2016-11-15,85.769997,87.059998,85.769997,86.820000,70.969719,12883500
2016-11-16,86.739998,86.779999,85.580002,85.750000,70.095070,8201200
2016-11-17,86.440002,86.879997,85.019997,85.230003,69.670013,8200500
2016-11-18,85.209999,85.650002,84.830002,85.279999,69.710869,8457800
2016-11-21,86.440002,86.690002,86.139999,86.489998,70.699959,8861500
2016-11-22,86.690002,87.239998,85.970001,86.680000,70.855301,9390200
2016-11-23,86.540001,87.080002,86.309998,86.919998,71.051460,5996300
2016-11-25,86.709999,87.139999,86.540001,87.120003,71.214951,5042300
2016-11-28,86.949997,87.129997,86.370003,86.470001,70.683632,7449600
2016-11-29,85.419998,86.080002,85.080002,85.900002,70.217690,9181100
2016-11-30,87.599998,88.190002,87.199997,87.300003,71.362091,22696200
2016-12-01,87.980003,88.500000,87.239998,87.239998,71.313049,13005600
2016-12-02,87.190002,87.989998,86.599998,87.040001,71.149574,9706600
2016-12-05,87.389999,87.820000,86.919998,87.480003,71.509247,11741100
2016-12-06,87.269997,87.870003,86.699997,87.559998,71.574623,11293600
2016-12-07,87.629997,88.150002,87.199997,88.070000,71.991516,11182600
2016-12-08,88.050003,88.849998,87.650002,88.320000,72.195885,9086700
2016-12-09,88.639999,89.000000,88.180000,89.000000,72.751732,8021700
2016-12-12,90.139999,91.500000,90.139999,90.980003,74.370262,15545400
2016-12-13,91.889999,93.220001,91.169998,92.580002,75.678146,18829300
2016-12-14,92.260002,92.269997,90.169998,90.580002,74.043289,16325400
2016-12-15,90.099998,90.980003,89.760002,90.889999,74.296684,11155100
2016-12-16,91.519997,91.669998,90.639999,91.180000,74.533760,20560400
2016-12-19,91.379997,91.540001,90.199997,90.419998,73.912498,9674400
2016-12-20,90.510002,90.849998,90.290001,90.430000,73.920662,7221000
2016-12-21,90.680000,90.900002,90.180000,90.279999,73.798042,7308000
2016-12-22,90.019997,90.900002,90.019997,90.870003,74.280342,8003100
2016-12-23,90.889999,90.959999,90.519997,90.709999,74.149559,4266500
2016-12-27,90.830002,91.110001,90.580002,90.750000,74.182259,4960600
2016-12-28,90.680000,91.110001,90.260002,90.300003,73.814407,6745900
2016-12-29,90.099998,90.599998,90.029999,90.349998,73.855278,6684700
2016-12-30,90.029999,90.699997,90.010002,90.260002,73.781693,9117800
2017-01-03,90.940002,91.339996,90.150002,90.889999,74.296684,10360600
2017-01-04,91.120003,91.150002,89.750000,89.889999,73.479240,9434200
2017-01-05,90.190002,90.300003,88.440002,88.550003,72.383888,14443200
2017-01-06,88.790001,88.980003,87.820000,88.500000,72.343018,16518100
2017-01-09,88.220001,88.220001,86.550003,87.040001,71.149574,13762300
2017-01-10,87.169998,87.309998,85.910004,85.930000,70.242203,13283100
2017-01-11,85.900002,86.949997,85.860001,86.809998,70.961555,11183700
2017-01-12,87.269997,87.379997,86.070000,86.339996,70.577347,10407000
2017-01-13,86.269997,86.680000,86.169998,86.349998,70.585533,8415600
2017-01-17,86.580002,87.389999,86.250000,87.360001,71.411133,13237300
2017-01-18,87.059998,87.410004,86.050003,86.279999,70.528305,11831700
2017-01-19,85.970001,86.099998,84.589996,84.730003,69.261299,16382900
2017-01-20,85.440002,85.959999,85.050003,85.889999,70.209511,18739700
2017-01-23,85.680000,85.879997,84.750000,84.970001,69.457466,11433900
2017-01-24,84.980003,85.470001,84.830002,85.089996,69.555557,11858100
2017-01-25,85.339996,85.879997,85.250000,85.339996,69.759926,9578500
2017-01-26,85.690002,85.830002,85.120003,85.599998,69.972466,8779400
2017-01-27,85.300003,85.750000,85.040001,85.510002,69.898888,10947900
2017-01-30,85.419998,85.449997,84.180000,84.860001,69.367546,12789200
2017-01-31,85.040001,85.070000,83.129997,83.889999,68.574638,19128100
2017-02-01,84.000000,84.160004,82.540001,82.940002,67.798088,15111800
2017-02-02,83.209999,83.529999,82.550003,83.449997,68.214966,12200100
2017-02-03,83.699997,83.720001,82.900002,83.540001,68.288536,12746300
2017-02-06,83.550003,83.650002,82.930000,83.309998,68.100533,9938200
2017-02-07,83.230003,83.620003,82.449997,82.769997,67.659119,11705200
2017-02-08,81.989998,82.120003,81.169998,81.480003,67.213676,14006300
2017-02-09,81.480003,82.050003,81.480003,81.839996,67.510635,9603000
2017-02-10,82.260002,82.769997,82.129997,82.519997,68.071571,8739800
2017-02-13,82.769997,83.180000,82.349998,83.000000,68.467522,9071600
2017-02-14,82.910004,83.099998,82.059998,82.820000,68.319046,11370500
2017-02-15,82.639999,83.180000,82.459999,83.160004,68.599533,11768500
2017-02-16,83.120003,83.419998,82.169998,82.300003,67.890083,10615000
2017-02-17,82.089996,82.190002,81.440002,81.760002,67.444633,15646000
2017-02-21,82.120003,82.150002,81.300003,81.889999,67.551880,16419600
2017-02-22,81.650002,81.699997,80.870003,80.930000,66.759964,12917400
2017-02-23,81.419998,82.220001,81.029999,81.779999,67.461128,13847000
2017-02-24,81.599998,81.800003,80.760002,81.080002,66.883690,11338700
2017-02-27,81.129997,81.709999,80.809998,81.540001,67.263168,13465900
2017-02-28,81.529999,81.989998,81.050003,81.320000,67.081673,16834200
2017-03-01,81.699997,83.330002,81.699997,83.019997,68.484024,17482100
2017-03-02,82.800003,84.250000,82.790001,83.300003,68.714996,14170300
2017-03-03,83.300003,83.599998,82.260002,82.459999,68.022087,12190400
2017-03-06,82.440002,82.900002,82.330002,82.830002,68.327293,9617200
2017-03-07,83.110001,83.290001,82.139999,82.519997,68.071571,12711500
2017-03-08,82.349998,82.379997,81.010002,81.029999,66.842438,16817700
2017-03-09,80.639999,81.720001,80.309998,81.669998,67.370399,14721800
2017-03-10,82.440002,82.470001,81.160004,81.610001,67.320908,11355200
2017-03-13,81.500000,81.940002,81.050003,81.419998,67.164177,9571400
2017-03-14,81.000000,81.230003,80.440002,80.989998,66.809456,11335700
2017-03-15,81.349998,82.059998,81.050003,82.000000,67.642624,11970300
2017-03-16,82.029999,82.199997,81.669998,82.070000,67.700363,9923800
2017-03-17,82.029999,82.260002,81.820000,82.000000,67.642624,18834100
2017-03-20,81.720001,82.040001,81.440002,82.000000,67.642624,7700300
2017-03-21,82.160004,82.349998,81.599998,81.830002,67.502388,13387700
2017-03-22,81.959999,82.089996,81.430000,81.760002,67.444633,11168400
2017-03-23,81.629997,82.220001,81.459999,81.860001,67.527122,8928000
2017-03-24,82.029999,82.029999,81.150002,81.230003,67.007439,9128500
2017-03-27,80.820000,81.430000,80.790001,81.250000,67.023933,8481200
2017-03-28,81.320000,82.019997,80.959999,81.839996,67.510635,11028600
2017-03-29,81.690002,82.279999,81.550003,82.019997,67.659119,8495500
2017-03-30,82.029999,83.870003,81.940002,83.699997,69.044968,44704900
2017-03-31,83.260002,83.309998,81.860001,82.010002,67.650864,21750400
2017-04-03,82.019997,82.309998,81.349998,82.070000,67.700363,11438700
2017-04-04,82.099998,82.419998,81.330002,82.370003,67.947830,9270900
2017-04-05,82.849998,83.550003,82.470001,82.529999,68.079826,13809100
2017-04-06,82.750000,83.209999,82.459999,83.010002,68.475784,9554900
2017-04-07,83.239998,83.360001,82.680000,82.760002,68.269562,8909600
2017-04-10,83.120003,83.470001,82.919998,83.129997,68.574760,8885300
2017-04-11,83.080002,83.169998,82.419998,82.839996,68.335533,8576500
2017-04-12,82.860001,83.349998,82.699997,82.970001,68.442780,9516100
2017-04-13,82.720001,82.730003,81.570000,81.690002,67.386902,8667900
2017-04-17,81.849998,81.970001,81.440002,81.580002,67.296150,9577200
2017-04-18,81.320000,81.820000,81.029999,81.050003,66.858955,8821400
2017-04-19,81.169998,81.510002,80.300003,80.489998,66.397018,10764400
2017-04-20,80.949997,81.739998,80.699997,81.010002,66.825958,11649100
2017-04-21,80.930000,81.000000,80.470001,80.690002,66.561981,9816700
2017-04-24,81.279999,81.400002,80.809998,81.110001,66.908447,8729700
2017-04-25,81.430000,81.930000,81.279999,81.730003,67.419891,10733800
2017-04-26,81.519997,82.330002,81.389999,81.400002,67.147682,9445900
2017-04-27,81.070000,81.300003,80.940002,81.260002,67.032181,12385300
2017-04-28,82.459999,82.489998,81.559998,81.650002,67.353889,12072200
2017-05-01,81.510002,82.209999,81.480003,82.059998,67.692101,8664100
2017-05-02,82.139999,82.589996,81.900002,82.050003,67.683868,9102900
2017-05-03,81.970001,83.070000,81.910004,82.699997,68.220062,10289000
2017-05-04,82.290001,82.360001,81.400002,81.639999,67.345650,16164500
2017-05-05,81.629997,82.239998,81.610001,82.019997,67.659119,10213000
2017-05-08,82.000000,82.940002,82.000000,82.889999,68.376778,8097100
2017-05-09,82.959999,83.000000,82.160004,82.309998,67.898346,8647100
2017-05-10,82.120003,82.370003,81.650002,81.910004,68.206436,9520300
2017-05-11,82.589996,82.709999,82.099998,82.610001,68.789330,10047300
2017-05-12,82.389999,82.709999,82.250000,82.550003,68.739372,7480200
2017-05-15,83.000000,83.180000,82.650002,82.800003,68.947533,10881500
2017-05-16,82.900002,83.230003,82.449997,82.550003,68.739372,9574200
2017-05-17,82.550003,83.040001,81.959999,81.989998,68.273048,11151100
2017-05-18,81.769997,82.150002,81.419998,81.750000,68.073212,9905800
2017-05-19,82.000000,82.089996,81.690002,81.930000,68.223091,13028500
2017-05-22,82.110001,82.330002,81.930000,82.290001,68.522858,9218700
2017-05-23,82.320000,82.889999,82.239998,82.580002,68.764351,6857200
2017-05-24,82.419998,82.540001,82.010002,82.290001,68.522858,8136000
2017-05-25,82.330002,82.709999,81.519997,81.750000,68.073212,12370900
2017-05-26,81.610001,81.800003,80.830002,81.550003,67.906685,8227100
2017-05-30,81.279999,81.339996,81.040001,81.099998,67.531952,8973600
2017-05-31,80.940002,80.949997,80.470001,80.500000,67.032341,13572300
2017-06-01,80.370003,80.900002,80.190002,80.699997,67.198875,9884100
2017-06-02,80.589996,80.680000,79.260002,79.500000,66.199638,21687300
2017-06-05,79.440002,80.389999,79.400002,80.120003,66.715897,11527100
2017-06-06,80.300003,81.320000,80.220001,81.209999,67.623543,12208600
2017-06-07,81.050003,81.400002,80.339996,80.910004,67.373726,13096500
2017-06-08,80.910004,81.080002,80.489998,80.620003,67.132256,11720700
2017-06-09,81.150002,82.139999,80.690002,82.129997,68.389626,13553900
2017-06-12,82.129997,83.690002,82.129997,82.930000,69.055794,18172900
2017-06-13,82.849998,83.269997,82.570000,82.959999,69.080765,12175500
2017-06-14,82.809998,82.820000,81.559998,82.070000,68.339653,13714000
2017-06-15,81.779999,82.400002,81.580002,82.260002,68.497879,11862600
2017-06-16,82.610001,83.540001,82.199997,83.489998,69.522102,39726100
2017-06-19,83.489998,83.489998,82.550003,82.760002,68.914238,10445700
2017-06-20,82.070000,82.470001,81.410004,82.309998,68.539520,13232600
2017-06-21,82.040001,82.629997,81.139999,81.440002,67.815086,11422300
2017-06-22,81.449997,81.580002,80.900002,81.080002,67.515297,8139900
2017-06-23,80.849998,81.690002,80.760002,81.610001,67.956627,10611200
2017-06-26,81.570000,81.750000,80.910004,81.239998,67.648529,7718700
2017-06-27,81.449997,81.730003,81.110001,81.110001,67.540298,9221600
2017-06-28,81.410004,81.760002,81.190002,81.529999,67.890022,9189700
2017-06-29,81.370003,81.839996,80.410004,80.699997,67.198875,20525100
2017-06-30,81.080002,81.239998,80.699997,80.730003,67.223862,14000600
2017-07-03,80.790001,82.489998,80.720001,82.099998,68.364632,8422300
2017-07-05,81.680000,81.680000,80.519997,80.849998,67.323776,9830800
2017-07-06,80.860001,81.080002,80.089996,80.120003,66.715897,9822400
2017-07-07,80.199997,80.599998,79.809998,80.220001,66.799187,10777800
2017-07-10,80.000000,80.410004,79.959999,80.160004,66.749222,6338300
2017-07-11,80.330002,80.750000,80.040001,80.599998,67.115593,9681100
2017-07-12,81.190002,81.519997,80.750000,80.959999,67.415375,7974000
2017-07-13,80.970001,81.089996,80.730003,80.970001,67.423691,5582300
2017-07-14,81.000000,81.410004,80.769997,81.279999,67.681839,7497200
2017-07-17,81.000000,81.430000,80.830002,80.860001,67.332108,7914700
2017-07-18,81.019997,81.080002,80.410004,80.599998,67.115593,8046100
2017-07-19,80.440002,80.870003,80.269997,80.849998,67.323776,9393200
2017-07-20,80.970001,81.489998,80.750000,80.860001,67.332108,9681000
2017-07-21,80.650002,80.839996,80.000000,80.120003,66.715897,12268600
2017-07-24,80.059998,80.220001,79.760002,79.870003,66.507729,9403000
2017-07-25,80.769997,81.050003,80.269997,80.269997,66.840813,11465300
2017-07-26,80.580002,80.900002,80.199997,80.370003,66.924088,10465100
2017-07-27,80.239998,80.879997,79.900002,80.830002,67.307114,11149700
2017-07-28,79.650002,79.919998,78.269997,79.599998,66.282898,22800800
2017-07-31,79.830002,80.389999,79.599998,80.040001,66.649292,12820200
2017-08-01,80.160004,80.540001,79.970001,80.169998,66.757530,10421200
2017-08-02,79.900002,80.639999,79.800003,80.599998,67.115593,10410100
2017-08-03,80.339996,80.820000,80.300003,80.489998,67.024017,10136700
2017-08-04,80.440002,80.559998,80.050003,80.209999,66.790848,8292200
2017-08-07,80.169998,80.169998,79.860001,80.160004,66.749222,7893800
2017-08-08,80.019997,80.220001,79.830002,79.959999,66.582657,9028400
2017-08-09,80.250000,80.349998,79.779999,80.209999,66.790848,8087100
2017-08-10,79.760002,79.779999,78.910004,78.970001,66.395691,12580300
2017-08-11,79.209999,79.250000,78.199997,78.209999,65.756699,10192400
2017-08-14,78.620003,78.790001,78.120003,78.230003,65.773514,8862500
2017-08-15,78.120003,78.250000,77.680000,78.040001,65.613754,10350900
2017-08-16,78.040001,78.169998,77.309998,77.470001,65.134537,9117100
2017-08-17,77.260002,77.279999,76.209999,76.260002,64.117203,13400400
2017-08-18,76.180000,77.110001,76.050003,76.639999,64.436691,14324300
2017-08-21,76.470001,76.620003,76.080002,76.379997,64.218102,10084900
2017-08-22,76.550003,77.330002,76.529999,76.739998,64.520782,9503600
2017-08-23,76.699997,77.010002,76.470001,76.610001,64.411461,7054300
2017-08-24,76.500000,76.650002,76.199997,76.330002,64.176056,8678300
2017-08-25,76.559998,77.129997,76.430000,76.720001,64.503952,6844900
2017-08-28,76.900002,76.940002,76.260002,76.470001,64.293762,8229700
2017-08-29,76.209999,76.489998,76.080002,76.449997,64.276939,7060400
2017-08-30,76.239998,76.449997,76.059998,76.099998,63.982670,8218000
2017-08-31,76.269997,76.489998,76.050003,76.330002,64.176056,15641700
2017-09-01,76.370003,76.849998,76.320000,76.570000,64.377838,7361100
2017-09-05,76.639999,77.360001,76.610001,77.180000,64.890709,12784800
2017-09-06,77.889999,79.220001,77.580002,78.779999,66.235939,18574400
2017-09-07,79.019997,79.330002,78.610001,79.029999,66.446136,9836400
2017-09-08,79.010002,79.040001,78.629997,78.820000,66.269577,8436000
2017-09-11,79.410004,79.419998,78.900002,79.250000,66.631104,12955800
2017-09-12,79.400002,79.690002,79.239998,79.500000,66.841301,7644400
2017-09-13,79.500000,79.769997,79.379997,79.769997,67.068298,8369700
2017-09-14,79.849998,80.230003,79.769997,80.089996,67.337334,9072600
2017-09-15,80.120003,80.209999,79.550003,80.070000,67.320534,16043700
2017-09-18,79.790001,80.139999,79.699997,80.089996,67.337334,8594400
2017-09-19,80.059998,80.389999,79.989998,80.220001,67.446648,9277100
2017-09-20,80.279999,80.660004,80.260002,80.550003,67.724113,10606900
2017-09-21,80.489998,80.529999,79.760002,79.889999,67.169205,11984200
2017-09-22,79.720001,80.300003,79.669998,79.919998,67.194412,10205800
2017-09-25,80.029999,81.000000,79.980003,80.980003,68.085648,10496600
2017-09-26,80.709999,81.000000,80.559998,80.889999,68.009964,8755100
2017-09-27,80.889999,81.449997,80.790001,81.430000,68.463989,9724500
2017-09-28,81.629997,82.449997,81.559998,82.190002,69.102989,15581700
2017-09-29,81.940002,82.059998,81.580002,81.980003,68.926414,9944000
2017-10-02,81.300003,81.820000,81.250000,81.629997,68.632141,6777900
2017-10-03,81.410004,81.970001,81.300003,81.760002,68.741440,6082000
2017-10-04,81.800003,81.870003,81.449997,81.790001,68.766663,6357100
2017-10-05,81.720001,82.239998,81.589996,82.019997,68.960037,7375900
2017-10-06,81.769997,81.889999,81.360001,81.709999,68.699409,6070600
2017-10-09,81.839996,82.180000,81.760002,82.029999,68.968445,7489900
2017-10-10,82.339996,82.739998,82.089996,82.260002,69.161827,7218500
2017-10-11,82.160004,82.739998,82.139999,82.599998,69.447685,7023700
2017-10-12,82.309998,82.500000,82.169998,82.430000,69.304756,6647500
2017-10-13,82.730003,83.080002,82.360001,82.410004,69.287956,7180000
2017-10-16,82.699997,82.949997,82.540001,82.809998,69.624245,5734000
2017-10-17,82.629997,82.970001,82.540001,82.959999,69.750351,6444100
2017-10-18,82.959999,83.389999,82.540001,82.760002,69.582214,6367100
2017-10-19,82.349998,83.050003,82.330002,82.739998,69.565399,7945500
2017-10-20,82.849998,83.129997,82.620003,83.110001,69.876472,9574100
2017-10-23,83.150002,83.760002,83.040001,83.239998,69.985779,9829900
2017-10-24,83.550003,83.809998,83.309998,83.470001,70.179169,7551200
2017-10-25,83.449997,83.730003,82.949997,83.169998,69.926926,9153300
2017-10-26,83.370003,83.650002,83.110001,83.470001,70.179169,9154500
2017-10-27,83.000000,84.239998,82.010002,83.709999,70.380943,14866200
2017-10-30,83.709999,83.949997,83.410004,83.540001,70.237999,7811100
2017-10-31,83.650002,83.680000,83.169998,83.349998,70.078270,9754200
2017-11-01,83.389999,83.940002,83.260002,83.870003,70.515472,9430000
2017-11-02,83.599998,83.709999,82.910004,83.529999,70.229614,7775500
2017-11-03,83.419998,83.639999,83.160004,83.180000,69.935326,6903500
2017-11-06,83.300003,83.870003,83.059998,83.750000,70.414566,9276700
2017-11-07,83.739998,83.820000,83.029999,83.580002,70.271652,8471800
2017-11-08,83.360001,83.500000,82.860001,83.470001,70.179169,8691600
2017-11-09,83.300003,84.139999,83.080002,83.970001,70.599548,10528800
2017-11-10,83.010002,83.080002,82.419998,82.940002,70.378929,8693700
2017-11-13,82.650002,83.089996,82.599998,82.889999,70.336494,6720400
2017-11-14,82.419998,82.750000,82.089996,82.239998,69.784927,9251700
2017-11-15,81.750000,82.089996,81.150002,81.209999,68.910919,9663600
2017-11-16,80.440002,80.849998,80.150002,80.559998,68.359367,10527200
2017-11-17,80.320000,80.660004,80.160004,80.239998,68.087837,9536400
2017-11-20,80.230003,80.639999,80.010002,80.550003,68.350883,8468600
2017-11-21,80.690002,81.250000,80.639999,80.870003,68.622406,8838400
2017-11-22,81.160004,81.410004,81.050003,81.099998,68.817581,7941600
2017-11-24,81.440002,81.699997,81.220001,81.419998,69.089127,3851300
2017-11-27,81.320000,81.400002,81.019997,81.110001,68.826073,9127500
2017-11-28,81.410004,82.000000,81.309998,81.669998,69.301254,9794600
2017-11-29,81.650002,82.309998,81.480003,82.269997,69.810371,9725000
2017-11-30,82.449997,83.400002,82.410004,83.290001,70.675911,18592700
2017-12-01,83.440002,84.129997,82.410004,83.459999,70.820168,13779300
2017-12-04,83.209999,84.180000,83.000000,83.570000,70.913506,12597700
2017-12-05,83.410004,83.769997,82.709999,82.889999,70.336494,9357200
2017-12-06,82.849998,83.199997,82.209999,82.279999,69.818871,13398900
2017-12-07,82.400002,82.620003,82.169998,82.550003,70.047981,11359600
2017-12-08,82.489998,82.900002,82.260002,82.660004,70.141335,11988600
2017-12-11,83.040001,83.250000,82.739998,83.029999,70.455284,8760700
2017-12-12,82.889999,83.379997,82.699997,82.760002,70.226189,11307000
2017-12-13,82.610001,83.300003,82.480003,83.120003,70.531670,10172700
2017-12-14,83.029999,83.330002,82.889999,82.900002,70.344986,9492400
2017-12-15,83.160004,83.279999,82.870003,83.029999,70.455284,26582300
2017-12-18,83.180000,83.669998,82.910004,82.940002,70.378929,9363500
2017-12-19,83.029999,83.169998,82.330002,82.440002,69.954636,10285100
2017-12-20,82.599998,83.139999,82.519997,82.870003,70.319519,10620300
2017-12-21,83.349998,84.269997,82.959999,83.849998,71.151093,13578100
2017-12-22,83.879997,84.019997,83.599998,83.970001,71.252930,10161400
2017-12-26,83.959999,84.360001,83.900002,83.980003,71.261421,4777200
2017-12-27,83.989998,84.099998,83.739998,83.900002,71.193535,7000600
2017-12-28,83.980003,84.050003,83.800003,84.019997,71.295357,7495300
2017-12-29,84.000000,84.199997,83.639999,83.639999,70.972908,8523400
2018-01-02,83.820000,85.199997,83.660004,85.029999,72.152405,11469300
2018-01-03,85.160004,86.970001,84.820000,86.699997,73.569473,13957700
2018-01-04,86.790001,87.220001,86.430000,86.820000,73.671303,10863000
2018-01-05,86.750000,86.879997,85.709999,86.750000,73.611900,11047600
2018-01-08,86.699997,87.150002,86.599998,87.139999,73.942833,10927100
2018-01-09,86.940002,87.150002,86.650002,86.769997,73.628876,8131600
2018-01-10,87.000000,87.190002,85.980003,86.080002,73.043365,10822300
2018-01-11,86.360001,87.370003,85.930000,86.930000,73.764648,14366000
2018-01-12,87.199997,87.989998,87.180000,87.519997,74.265289,9834500
2018-01-16,87.739998,87.760002,86.599998,86.970001,73.798592,10882800
2018-01-17,87.199997,88.209999,86.930000,88.000000,74.672607,10546000
2018-01-18,87.769997,88.190002,87.339996,87.430000,74.188911,9223700
2018-01-19,87.570000,87.760002,86.610001,87.150002,73.951332,13090000
2018-01-22,87.169998,88.290001,87.050003,88.250000,74.884720,10270400
2018-01-23,88.250000,88.459999,87.739998,88.300003,74.927162,10281800
2018-01-24,88.489998,88.919998,88.010002,88.529999,75.122322,10316100
2018-01-25,88.550003,88.870003,88.199997,88.370003,74.986549,11271900
2018-01-26,88.639999,89.000000,88.470001,89.000000,75.521133,10514400
2018-01-29,88.589996,89.300003,87.949997,88.010002,74.681084,9315700
2018-01-30,87.540001,88.379997,86.779999,86.779999,73.637367,12408000
2018-01-31,86.559998,87.470001,86.330002,87.300003,74.078613,14404700
2018-02-01,87.500000,89.250000,87.349998,89.070000,75.580536,17971000
2018-02-02,85.129997,86.010002,83.000000,84.529999,71.728104,29822100
2018-02-05,83.279999,83.989998,78.129997,79.720001,67.646568,30452700
2018-02-06,78.510002,80.349998,76.900002,78.349998,66.484070,36262800
2018-02-07,78.440002,79.410004,76.919998,76.940002,65.287598,21994500
2018-02-08,77.440002,77.580002,76.029999,76.070000,64.549355,25650800
2018-02-09,76.250000,76.480003,73.900002,75.779999,64.960831,29491600
2018-02-12,77.050003,77.620003,75.839996,76.419998,65.509453,19340400
2018-02-13,76.099998,76.750000,75.730003,76.300003,65.406601,11926600
2018-02-14,75.790001,76.660004,75.169998,76.459999,65.543747,17188400
2018-02-15,76.620003,76.699997,75.449997,76.209999,65.329437,14432400
2018-02-16,76.150002,77.120003,75.849998,76.540001,65.612328,13722400
2018-02-20,76.470001,77.470001,75.459999,75.750000,64.935120,13387300
2018-02-21,75.820000,76.440002,74.870003,74.889999,64.197906,11715000
2018-02-22,75.300003,76.839996,75.190002,75.860001,65.029404,14020200
2018-02-23,76.089996,77.620003,75.949997,77.529999,66.460991,13378800
2018-02-26,77.739998,78.930000,77.559998,78.839996,67.583954,16940400
2018-02-27,79.000000,79.870003,77.500000,77.500000,66.435272,14629500
2018-02-28,78.160004,78.250000,75.699997,75.739998,64.926552,17087800
2018-03-01,75.529999,76.680000,74.860001,75.199997,64.463638,15696700
2018-03-02,74.889999,75.870003,74.480003,75.550003,64.763687,15630300
2018-03-05,75.230003,76.559998,75.120003,76.269997,65.380875,14891000
2018-03-06,76.669998,76.980003,75.860001,76.180000,65.303726,10754300
2018-03-07,75.000000,75.239998,73.559998,74.260002,63.657848,27255500
2018-03-08,74.500000,74.769997,73.690002,74.120003,63.537842,19299800
2018-03-09,74.820000,75.059998,74.209999,74.559998,63.915005,19714100
2018-03-12,74.870003,75.580002,74.690002,75.239998,64.497932,14226700
2018-03-13,75.330002,75.820000,74.250000,74.529999,63.889294,13739700
2018-03-14,74.639999,74.790001,73.529999,73.599998,63.092064,14820700
2018-03-15,74.349998,75.000000,74.099998,74.419998,63.795006,15640600
2018-03-16,74.360001,75.120003,74.360001,75.120003,64.395065,32109700
2018-03-19,75.000000,75.010002,73.860001,74.150002,63.563545,12744800
2018-03-20,74.220001,74.699997,73.949997,73.989998,63.426395,13003200
2018-03-21,74.230003,75.639999,73.980003,75.040001,64.326492,15418500
2018-03-22,74.419998,74.699997,73.389999,73.500000,63.006363,17737000
2018-03-23,73.809998,74.209999,72.669998,72.889999,62.483452,20157300
2018-03-26,73.650002,74.150002,72.750000,74.000000,63.434971,15032700
2018-03-27,74.000000,74.889999,73.279999,73.699997,63.177799,15821900
2018-03-28,73.739998,74.010002,72.779999,72.809998,62.414867,18163900
2018-03-29,73.330002,74.889999,73.260002,74.610001,63.957886,14882900
2018-04-02,74.269997,74.400002,72.160004,73.220001,62.766327,17891100
2018-04-03,73.449997,75.139999,73.099998,75.019997,64.309326,15999200
2018-04-04,74.050003,75.059998,73.440002,74.870003,64.180748,13122200
2018-04-05,75.059998,76.320000,75.019997,76.019997,65.166580,14200000
2018-04-06,75.639999,76.120003,74.220001,74.870003,64.180748,14299600
2018-04-09,75.220001,75.790001,74.800003,74.870003,64.180748,11103100
2018-04-10,76.080002,77.769997,76.059998,77.070000,66.066650,19006100
2018-04-11,77.110001,78.040001,76.750000,77.430000,66.375259,13734000
2018-04-12,77.860001,78.139999,77.010002,77.220001,66.195259,13270400
2018-04-13,77.800003,78.190002,77.599998,77.839996,66.726723,10925000
2018-04-16,78.120003,79.080002,77.709999,78.540001,67.326790,10743600
2018-04-17,78.540001,78.760002,78.040001,78.330002,67.146774,10478100
2018-04-18,79.040001,79.760002,78.940002,79.220001,67.909706,12061400
2018-04-19,79.320000,79.820000,78.809998,79.419998,68.081146,11291500
2018-04-20,79.320000,79.400002,78.330002,79.000000,67.721107,12072200
2018-04-23,78.919998,79.599998,78.750000,79.570000,68.209732,11729800
2018-04-24,79.800003,79.930000,77.970001,78.349998,67.163918,14102000
2018-04-25,78.199997,79.620003,77.489998,79.500000,68.149727,13867500
2018-04-26,79.599998,80.900002,79.529999,80.860001,69.315552,14554400
2018-04-27,76.949997,78.650002,76.480003,77.790001,66.683868,16346800
2018-04-30,77.910004,78.559998,77.739998,77.750000,66.649574,15028800
2018-05-01,77.260002,77.260002,75.980003,76.949997,65.963783,16231000
2018-05-02,76.449997,77.230003,76.300003,76.800003,65.835205,13883700
2018-05-03,76.389999,76.610001,75.400002,76.540001,65.612328,12243100
2018-05-04,76.129997,77.220001,75.940002,76.900002,65.920937,9887200
2018-05-07,77.739998,79.080002,77.400002,77.739998,66.640991,15071500
2018-05-08,77.800003,78.160004,76.370003,78.089996,66.941025,17430400
2018-05-09,78.980003,80.239998,78.949997,79.930000,68.518333,17142100
2018-05-10,80.639999,81.790001,80.500000,81.720001,70.052773,17710300
2018-05-11,81.180000,81.970001,80.910004,81.279999,70.381813,14751000
2018-05-14,81.699997,82.320000,81.610001,81.830002,70.858078,11852100
2018-05-15,81.849998,82.029999,81.400002,81.790001,70.823448,12595700
2018-05-16,81.760002,82.050003,81.169998,82.019997,71.022598,9570000
2018-05-17,82.199997,82.279999,81.440002,81.879997,70.901375,11224100
2018-05-18,81.550003,81.800003,81.260002,81.300003,70.399147,10030900
2018-05-21,81.730003,82.349998,81.519997,82.279999,71.247742,8822400
2018-05-22,82.440002,82.650002,81.349998,81.639999,70.693565,10753400
2018-05-23,80.949997,82.230003,80.570000,82.150002,71.135170,15140900
2018-05-24,81.349998,81.360001,79.949997,80.269997,69.507240,13360500
2018-05-25,79.279999,79.330002,78.089996,78.709999,68.156418,14562000
2018-05-29,78.150002,78.730003,77.529999,78.419998,67.905296,14644800
2018-05-30,79.250000,81.660004,79.220001,81.500000,70.572327,16627500
2018-05-31,80.809998,81.550003,80.690002,81.239998,70.347176,15803100
2018-06-01,81.870003,82.349998,81.550003,81.830002,70.858078,9906100
2018-06-04,82.050003,82.529999,80.809998,80.970001,70.113380,10954700
2018-06-05,80.589996,81.650002,80.410004,80.680000,69.862267,12059300
2018-06-06,81.480003,82.089996,80.870003,82.059998,71.057236,11603300
2018-06-07,82.730003,83.290001,82.559998,82.879997,71.767288,13502500
2018-06-08,83.110001,83.660004,82.500000,83.599998,72.390762,14350400
2018-06-11,83.720001,83.790001,82.930000,83.099998,71.957794,10831600
2018-06-12,83.110001,83.750000,82.320000,82.419998,71.368980,12351800
2018-06-13,82.440002,82.599998,81.470001,81.510002,70.581001,12049300
2018-06-14,81.940002,82.300003,81.500000,81.889999,70.910034,11477300
2018-06-15,81.720001,81.820000,80.510002,80.660004,69.844955,23797500
2018-06-18,80.400002,81.379997,80.300003,80.820000,69.983513,9192600
2018-06-19,79.889999,80.959999,79.709999,80.699997,69.879593,8759700
2018-06-20,80.849998,81.129997,80.269997,80.449997,69.663101,8917700
2018-06-21,80.019997,80.379997,79.330002,79.690002,69.005020,10990700
2018-06-22,81.160004,81.940002,80.919998,81.379997,70.468414,16012200
2018-06-25,80.779999,81.239998,79.300003,79.739998,69.048302,10557200
2018-06-26,80.150002,81.010002,79.970001,80.639999,69.827637,10382800
2018-06-27,81.059998,82.480003,81.059998,81.709999,70.754173,12725900
2018-06-28,81.730003,82.070000,81.029999,81.970001,70.979309,9390700
2018-06-29,82.449997,83.540001,82.290001,82.730003,71.637413,17323200
2018-07-02,81.889999,82.129997,81.320000,81.760002,70.797462,9998300
2018-07-03,82.580002,83.449997,82.080002,82.239998,71.213104,7197300
2018-07-05,82.589996,82.769997,82.050003,82.309998,71.273720,9035700
2018-07-06,81.959999,82.699997,81.660004,82.330002,71.291054,7637100
2018-07-09,82.809998,83.129997,82.559998,82.900002,71.784607,7158600
2018-07-10,83.699997,84.120003,83.510002,83.660004,72.442711,8806200
2018-07-11,83.029999,83.529999,82.029999,82.589996,71.516167,10405300
2018-07-12,83.010002,83.239998,82.309998,82.690002,71.602768,9762200
2018-07-13,82.680000,83.750000,82.559998,83.309998,72.139641,8720000
2018-07-16,82.519997,82.790001,82.000000,82.489998,71.429581,8306900
2018-07-17,82.260002,82.750000,82.040001,82.309998,71.273720,7373300
2018-07-18,81.800003,82.320000,81.489998,82.220001,71.195793,8711900
2018-07-19,82.199997,82.620003,81.720001,82.010002,71.013931,8659100
2018-07-20,81.720001,81.930000,81.250000,81.400002,70.485756,9196300
2018-07-23,81.949997,82.000000,81.180000,81.400002,70.485756,8425900
2018-07-24,81.519997,83.019997,81.480003,83.010002,71.879860,11121000
2018-07-25,83.010002,83.739998,82.510002,83.589996,72.382088,9523600
2018-07-26,83.830002,84.400002,83.370003,84.239998,72.944939,13210100
2018-07-27,80.970001,82.379997,80.809998,81.919998,70.936012,18220800
2018-07-30,82.129997,82.129997,80.709999,81.739998,70.780144,11282800
2018-07-31,81.639999,82.150002,81.440002,81.510002,70.581001,11716800
2018-08-01,80.889999,80.930000,80.220001,80.389999,69.611160,8936300
2018-08-02,79.889999,80.260002,79.449997,79.910004,69.195518,8364300
2018-08-03,79.970001,80.300003,79.629997,80.199997,69.446632,7811100
2018-08-06,80.250000,80.430000,79.739998,80.180000,69.429314,10041800
2018-08-07,80.910004,81.589996,80.309998,81.269997,70.373177,10698100
2018-08-08,81.019997,81.230003,80.349998,80.730003,69.905571,7275000
2018-08-09,80.730003,80.910004,80.110001,80.320000,69.550537,9828500
2018-08-10,79.510002,79.519997,78.860001,79.419998,69.480560,12954300
2018-08-13,79.449997,79.750000,78.430000,78.559998,68.728180,10308500
2018-08-14,78.989998,79.070000,78.080002,78.309998,68.509460,8005900
2018-08-15,77.779999,77.900002,76.510002,76.940002,67.310928,16307800
2018-08-16,77.279999,78.099998,77.199997,78.000000,68.238274,11519900
2018-08-17,78.339996,78.489998,77.800003,78.260002,68.465714,10178400
2018-08-20,78.260002,79.000000,78.169998,78.809998,68.946899,8152100
2018-08-21,79.050003,79.580002,78.669998,78.830002,68.964394,9192200
2018-08-22,79.110001,80.050003,79.019997,79.959999,69.952972,10098200
2018-08-23,79.559998,79.629997,78.900002,79.080002,69.183105,7203900
2018-08-24,79.519997,80.050003,79.419998,79.620003,69.655518,6545200
2018-08-27,79.910004,80.470001,79.860001,80.400002,70.337898,6671900
2018-08-28,80.580002,80.820000,80.199997,80.279999,70.232925,8823400
2018-08-29,80.440002,81.040001,80.099998,80.860001,70.740341,8004800
2018-08-30,80.449997,80.779999,80.120003,80.510002,70.434151,7450900
2018-08-31,80.239998,80.459999,79.769997,80.169998,70.136703,10700000
2018-09-04,80.410004,80.690002,79.809998,80.290001,70.241684,8855000
2018-09-05,79.900002,81.430000,79.599998,81.360001,71.177757,13878400
2018-09-06,81.110001,81.639999,80.339996,80.459999,70.390388,13320600
2018-09-07,80.150002,81.930000,79.820000,81.830002,71.588936,16417800
2018-09-10,82.239998,82.739998,81.660004,81.709999,71.483971,10817900
2018-09-11,81.959999,83.190002,81.629997,82.860001,72.490044,11891900
2018-09-12,83.250000,83.779999,82.870003,83.129997,72.726250,11556300
2018-09-13,83.150002,83.250000,82.010002,82.320000,72.017624,11162700
2018-09-14,82.419998,83.150002,82.269997,82.919998,72.542526,9442600
2018-09-17,83.000000,83.610001,82.989998,83.410004,72.971207,8403300
2018-09-18,83.900002,84.129997,83.449997,83.629997,73.163673,9219900
2018-09-19,83.639999,84.769997,83.639999,84.629997,74.038521,10413600
2018-09-20,84.860001,85.339996,84.540001,84.820000,74.204742,11198200
2018-09-21,85.010002,85.430000,84.519997,85.169998,74.510941,26639400
2018-09-24,85.790001,87.089996,85.720001,86.599998,75.761978,13549500
2018-09-25,87.029999,87.360001,86.370003,86.500000,75.674484,12200700
2018-09-26,86.019997,86.500000,85.690002,85.779999,75.044586,10275500
2018-09-27,86.089996,86.379997,85.589996,85.769997,75.035851,7895400
2018-09-28,85.250000,85.930000,84.989998,85.019997,74.379715,9884900
2018-10-01,85.349998,86.029999,85.260002,85.809998,75.070839,8566900
2018-10-02,85.800003,86.669998,85.620003,86.459999,75.639496,8453100
2018-10-03,86.510002,86.889999,85.980003,86.150002,75.368301,10206700
2018-10-04,85.500000,86.080002,85.250000,85.580002,74.869637,10204600
2018-10-05,85.309998,85.699997,84.930000,85.339996,74.659668,9217400
2018-10-08,84.790001,86.309998,84.650002,86.129997,75.350784,13242400
2018-10-09,86.379997,86.879997,85.739998,86.510002,75.683243,10177900
2018-10-10,86.730003,86.820000,84.500000,84.519997,73.942291,16573400
2018-10-11,83.940002,84.169998,81.169998,81.599998,71.387718,20320100
2018-10-12,82.129997,82.239998,80.269997,81.379997,71.195259,15216300
2018-10-15,81.379997,81.739998,80.820000,80.820000,70.705345,10558800
2018-10-16,80.510002,81.269997,80.010002,81.199997,71.037788,9781800
2018-10-17,80.940002,81.519997,80.339996,81.500000,71.300247,12247700
2018-10-18,81.199997,82.470001,81.199997,81.849998,71.606430,17448600
2018-10-19,81.660004,82.459999,81.510002,81.970001,71.711418,12098700
2018-10-22,82.000000,82.180000,80.639999,81.150002,70.994041,9474100
2018-10-23,80.059998,80.459999,78.720001,79.839996,69.847992,15465100
2018-10-24,80.129997,80.260002,77.550003,77.620003,67.905815,16085700
2018-10-25,78.489998,79.050003,77.739998,78.309998,68.509460,12315500
2018-10-26,77.870003,78.410004,76.959999,77.529999,67.827080,18160100
2018-10-29,78.070000,78.430000,76.220001,77.050003,67.407150,15707000
2018-10-30,77.620003,79.029999,77.419998,78.779999,68.920654,17758200
2018-10-31,79.339996,80.349998,78.900002,79.680000,69.708008,16629100
2018-11-01,79.830002,80.750000,79.300003,80.669998,70.574112,14159300
2018-11-02,81.760002,82.449997,80.230003,81.949997,71.693916,19350400
2018-11-05,82.500000,82.870003,81.440002,81.639999,71.422729,15815000
2018-11-06,81.739998,82.099998,81.349998,81.989998,71.728912,9063200
2018-11-07,82.209999,83.139999,81.660004,83.029999,72.638763,12699800
2018-11-08,83.129997,83.750000,81.540001,81.709999,71.483971,16865500
2018-11-09,80.260002,81.400002,79.690002,80.870003,71.466293,15070100
2018-11-12,81.660004,81.730003,79.730003,79.830002,70.547218,11906600
2018-11-13,79.800003,79.849998,77.639999,78.000000,68.930016,15530200
2018-11-14,78.860001,79.089996,76.750000,77.389999,68.390953,18552100
2018-11-15,76.669998,78.190002,75.910004,78.190002,69.097923,18976000
2018-11-16,78.370003,79.190002,78.099998,78.959999,69.778389,13704900
2018-11-19,78.459999,79.360001,78.430000,79.220001,70.008156,9430800
2018-11-20,78.419998,78.900002,76.370003,76.970001,68.019791,15533700
2018-11-21,77.430000,78.379997,77.260002,77.559998,68.541176,9685300
2018-11-23,76.050003,76.199997,74.699997,75.489998,66.711884,10875400
2018-11-26,76.239998,77.320000,76.120003,76.980003,68.028633,13741100
2018-11-27,76.570000,77.449997,76.400002,77.050003,68.090485,10344500
2018-11-28,77.040001,78.449997,76.839996,78.449997,69.327690,11482100
2018-11-29,78.220001,79.529999,78.190002,79.059998,69.866753,10255200
2018-11-30,78.449997,79.599998,78.320000,79.500000,70.255600,14040100
2018-12-03,80.239998,81.459999,80.139999,81.220001,71.775589,19415100
2018-12-04,81.379997,81.949997,79.349998,79.430000,70.193741,18540700
2018-12-06,78.000000,78.440002,76.919998,78.389999,69.274666,23218100
2018-12-07,79.389999,80.360001,77.330002,77.639999,68.611870,16224700
2018-12-10,77.860001,77.860001,74.800003,76.540001,67.639793,17946200
2018-12-11,77.699997,77.800003,75.680000,76.680000,67.763512,15742400
2018-12-12,78.040001,78.199997,76.019997,76.019997,67.180260,14559800
2018-12-13,76.029999,77.220001,75.949997,76.980003,68.028633,13749700
2018-12-14,76.720001,76.870003,75.089996,75.580002,66.791412,12669300
2018-12-17,75.260002,75.599998,73.480003,74.040001,65.430489,15464100
2018-12-18,73.629997,73.860001,71.620003,72.000000,63.627708,18681200
2018-12-19,72.449997,73.269997,70.300003,70.779999,62.549564,21679600
2018-12-20,70.089996,70.660004,68.050003,68.629997,60.649574,28723700
2018-12-21,68.139999,70.370003,67.669998,68.120003,60.198891,47287300
2018-12-24,66.870003,67.529999,65.440002,65.510002,57.892380,14262800
2018-12-26,66.180000,68.660004,64.650002,68.639999,60.658413,24887700
2018-12-27,67.739998,68.940002,66.080002,68.940002,60.923531,22077000
2018-12-28,69.180000,69.580002,67.820000,68.169998,60.243057,19710600
2018-12-31,68.320000,69.150002,67.660004,68.190002,60.260742,15807000
2019-01-02,67.349998,69.870003,67.260002,69.690002,61.586319,16727200
2019-01-03,70.000000,70.250000,68.360001,68.620003,60.640751,13866100
2019-01-04,69.639999,71.269997,69.360001,71.150002,62.876545,16043600
2019-01-07,71.250000,72.099998,70.739998,71.519997,63.203518,10844200
2019-01-08,72.540001,72.589996,71.940002,72.040001,63.663055,11439000
2019-01-09,72.599998,72.599998,71.650002,72.419998,63.998871,13473500
2019-01-10,72.070000,72.080002,71.120003,72.050003,63.671890,13151100
2019-01-11,71.849998,71.889999,71.070000,71.720001,63.380276,9790100
2019-01-14,71.209999,71.779999,71.120003,71.629997,63.300735,11012400
2019-01-15,71.949997,72.360001,71.320000,71.669998,63.336075,10298300
2019-01-16,71.419998,72.379997,71.309998,71.639999,63.309570,12595600
2019-01-17,71.190002,72.339996,70.900002,72.129997,63.742588,10141700
2019-01-18,73.269997,73.290001,72.129997,72.989998,64.502586,15759200
2019-01-22,72.389999,72.709999,71.680000,71.889999,63.530491,15035600
2019-01-23,72.010002,72.300003,70.930000,71.300003,63.009102,13187200
2019-01-24,71.099998,71.970001,70.639999,71.400002,63.097477,11272500
2019-01-25,72.070000,72.269997,71.540001,71.720001,63.380276,8996200
2019-01-28,71.019997,71.279999,70.370003,71.239998,62.956085,13678400
2019-01-29,71.699997,72.190002,71.480003,71.510002,63.194683,10513200
2019-01-30,71.769997,72.570000,71.510002,72.290001,63.883976,11524700
2019-01-31,72.290001,73.489998,72.019997,73.279999,64.758865,19876700
2019-02-01,74.919998,76.489998,74.320000,75.919998,67.091888,22968700
2019-02-04,75.760002,75.760002,74.400002,74.820000,66.119789,15483800
2019-02-05,75.180000,75.639999,75.010002,75.589996,66.800255,12786700
2019-02-06,75.580002,75.769997,75.129997,75.260002,66.508636,10866900
2019-02-07,74.949997,75.190002,73.900002,74.680000,65.996063,14418900
2019-02-08,73.760002,74.070000,72.730003,73.980003,66.103302,11959500
2019-02-11,73.879997,74.220001,73.400002,74.099998,66.210518,10434800
2019-02-12,75.080002,75.449997,74.820000,75.400002,67.372108,12599200
2019-02-13,75.580002,76.540001,75.510002,76.250000,68.131607,13214600
2019-02-14,76.260002,76.650002,75.709999,76.269997,68.149475,12772900
2019-02-15,76.940002,77.760002,76.750000,77.709999,69.436165,14330300
2019-02-19,77.559998,78.480003,77.449997,78.230003,69.900803,13551500
2019-02-20,78.300003,78.809998,78.000000,78.529999,70.168861,12633100
2019-02-21,78.209999,78.660004,77.610001,77.820000,69.534462,10266000
2019-02-22,78.709999,78.949997,77.620003,78.419998,70.070572,9519300
2019-02-25,78.430000,78.849998,78.199997,78.500000,70.142052,9274400
2019-02-26,78.680000,79.129997,78.389999,78.660004,70.285019,10990600
2019-02-27,78.879997,79.750000,78.660004,79.470001,71.008774,12398200
2019-02-28,79.449997,79.750000,78.709999,79.029999,70.615616,14597900
2019-03-01,79.379997,80.000000,79.029999,80.000000,71.482338,15419400
2019-03-04,80.239998,80.550003,79.010002,80.309998,71.759331,18089900
2019-03-05,80.120003,80.400002,79.750000,80.190002,71.652115,13745500
2019-03-06,78.849998,79.379997,77.860001,79.279999,70.838997,18633600
2019-03-07,79.550003,80.260002,79.320000,80.160004,71.625313,16541700
2019-03-08,78.889999,79.320000,78.250000,79.010002,70.597755,16211300
2019-03-11,79.980003,80.290001,79.650002,79.779999,71.285767,11060900
2019-03-12,80.110001,80.580002,79.889999,80.000000,71.482338,11320000
2019-03-13,80.589996,80.760002,80.199997,80.709999,72.116745,10260200
2019-03-14,80.800003,80.910004,80.349998,80.440002,71.875488,9976700
2019-03-15,80.180000,80.550003,80.099998,80.150002,71.616371,25316400
2019-03-18,80.440002,81.250000,80.440002,81.080002,72.447365,9840600
2019-03-19,81.580002,82.000000,80.639999,80.870003,72.259705,13936500
2019-03-20,80.750000,81.919998,80.559998,81.320000,72.661797,13133600
2019-03-21,80.809998,81.889999,80.800003,81.790001,73.081757,10117000
2019-03-22,81.230003,81.440002,80.300003,80.480003,71.911240,12497700
2019-03-25,80.000000,80.440002,79.589996,79.919998,71.410858,11320400
2019-03-26,80.330002,81.269997,80.180000,80.959999,72.340134,9472800
2019-03-27,80.970001,81.309998,79.820000,80.339996,71.786140,7258700
2019-03-28,80.029999,80.790001,80.019997,80.739998,72.143547,7412300
2019-03-29,81.330002,81.480003,80.480003,80.800003,72.197174,10889200
2019-04-01,81.230003,81.779999,81.080002,81.730003,73.028152,10816400
2019-04-02,81.750000,81.949997,81.110001,81.379997,72.715408,7646000
2019-04-03,81.769997,81.769997,80.610001,80.900002,72.286522,8562900
2019-04-04,81.120003,82.080002,80.769997,82.050003,73.314079,9360600
2019-04-05,82.150002,82.529999,81.949997,82.489998,73.707230,10059100
2019-04-08,82.669998,83.199997,82.589996,83.000000,74.162926,9108200
2019-04-09,82.519997,82.580002,81.739998,81.930000,73.206856,8561600
2019-04-10,81.919998,82.080002,81.410004,81.559998,72.876244,10324300
2019-04-11,81.540001,82.070000,81.019997,81.949997,73.224724,9115100
2019-04-12,82.809998,82.809998,80.580002,80.919998,72.304398,16638700
2019-04-15,80.889999,81.059998,80.519997,80.650002,72.063141,8536100
2019-04-16,80.809998,81.349998,80.690002,81.199997,72.554573,7005700
2019-04-17,81.550003,81.699997,81.080002,81.430000,72.760094,8311400
2019-04-18,81.559998,81.830002,81.070000,81.129997,72.492035,9493900
2019-04-22,81.870003,83.220001,81.639999,82.900002,74.073570,10770600
2019-04-23,83.190002,83.489998,82.680000,83.379997,74.502464,10595100
2019-04-24,83.010002,83.080002,81.730003,81.760002,73.054955,11684000
2019-04-25,81.650002,82.839996,81.400002,82.220001,73.465981,11135000
2019-04-26,80.269997,80.629997,79.559998,80.489998,71.920166,18053500
2019-04-29,80.120003,80.379997,79.660004,79.970001,71.455536,10023700
2019-04-30,80.370003,80.529999,79.930000,80.279999,71.732529,13721500
2019-05-01,79.940002,80.260002,78.620003,78.669998,70.293938,13909800
2019-05-02,78.279999,78.500000,77.239998,77.290001,69.060883,15360400
2019-05-03,77.790001,78.209999,77.440002,77.470001,69.221718,12180700
2019-05-06,76.919998,77.660004,76.709999,77.129997,68.917908,13367100
2019-05-07,76.500000,76.790001,75.769997,76.720001,68.551567,13498800
2019-05-08,76.540001,77.290001,76.419998,76.839996,68.658791,11352900
2019-05-09,76.349998,76.879997,75.959999,76.769997,68.596237,13221600
2019-05-10,76.180000,76.790001,75.169998,76.559998,69.192734,11056000
2019-05-13,75.650002,76.230003,75.360001,75.709999,68.424522,12176100
2019-05-14,76.129997,76.800003,75.760002,75.809998,68.514900,10548400
2019-05-15,75.570000,76.550003,75.209999,76.370003,69.021019,8918000
2019-05-16,76.400002,76.949997,76.220001,76.360001,69.011978,8105200
2019-05-17,75.650002,76.300003,75.589996,75.910004,68.605278,9279400
2019-05-20,76.050003,76.360001,75.669998,75.900002,68.596245,7154300
2019-05-21,76.269997,76.459999,75.930000,76.250000,68.912567,8489900
2019-05-22,76.019997,76.220001,75.389999,75.559998,68.288963,7858300
2019-05-23,74.769997,74.800003,73.040001,73.790001,66.689293,14657200
2019-05-24,74.139999,74.250000,73.440002,74.099998,66.969452,7056400
2019-05-28,74.239998,74.250000,72.489998,72.610001,65.622833,14912900
2019-05-29,71.889999,72.430000,71.620003,72.160004,65.216141,13645200
2019-05-30,72.019997,72.129997,71.529999,71.970001,65.044434,9362100
2019-05-31,71.190002,71.550003,70.629997,70.769997,63.959896,13983300
2019-06-03,71.089996,72.010002,70.970001,71.879997,64.963081,11831000
2019-06-04,72.449997,73.660004,72.169998,73.589996,66.508530,10423000
2019-06-05,73.639999,73.639999,72.580002,72.980003,65.957237,10617800
2019-06-06,73.709999,74.620003,73.589996,74.309998,67.159248,11738900
2019-06-07,74.510002,74.959999,74.430000,74.580002,67.403259,9095500
2019-06-10,75.190002,75.330002,74.449997,74.910004,67.701508,7760400
2019-06-11,75.510002,75.809998,74.820000,74.839996,67.638245,9415100
2019-06-12,74.480003,74.610001,73.809998,74.029999,66.906189,7920800
2019-06-13,74.699997,75.169998,74.379997,74.680000,67.493645,8986400
2019-06-14,74.680000,74.809998,74.230003,74.349998,67.195396,8575900
2019-06-17,74.160004,75.190002,74.040001,75.089996,67.864189,9355700
2019-06-18,75.419998,76.220001,75.349998,75.739998,68.451645,10091500
2019-06-19,75.400002,75.849998,75.169998,75.320000,68.072060,9757400
2019-06-20,76.239998,76.970001,76.080002,76.610001,69.237923,16229700
2019-06-21,77.139999,77.760002,76.870003,77.690002,70.213997,23108100
2019-06-24,77.529999,77.760002,76.809998,76.949997,69.545204,10011800
2019-06-25,77.080002,77.220001,76.190002,76.269997,68.930634,9740000
2019-06-26,76.680000,77.129997,76.470001,76.599998,69.228882,11365500
2019-06-27,76.589996,76.750000,75.760002,75.820000,68.523941,8147800
2019-06-28,76.190002,76.730003,75.940002,76.629997,69.255989,14781300
2019-07-01,77.129997,77.930000,76.290001,76.559998,69.192734,11453800
2019-07-02,76.139999,76.269997,75.410004,75.720001,68.433556,10475400
2019-07-03,75.820000,76.500000,75.629997,76.440002,69.084282,5246100
2019-07-05,76.190002,76.349998,75.589996,76.129997,68.804108,6880800
2019-07-08,76.139999,76.699997,75.919998,76.480003,69.120438,7876100
2019-07-09,76.449997,76.769997,75.730003,76.430000,69.075241,7863000
2019-07-10,76.800003,77.629997,76.739998,77.510002,70.051323,8077400
2019-07-11,77.410004,77.610001,77.050003,77.570000,70.105537,6404000
2019-07-12,77.750000,77.879997,77.500000,77.629997,70.159775,6139000
2019-07-15,77.629997,77.739998,76.889999,77.080002,69.662689,7116400
2019-07-16,76.919998,77.070000,75.790001,75.930000,68.623360,10197400
2019-07-17,75.739998,75.959999,75.349998,75.480003,68.216652,7419300
2019-07-18,75.029999,75.269997,74.180000,74.839996,67.638245,11425700
2019-07-19,74.900002,75.250000,74.540001,74.989998,67.773811,11243100
2019-07-22,75.239998,75.300003,74.500000,75.070000,67.846107,8368800
2019-07-23,75.150002,75.769997,74.750000,75.370003,68.117241,8551200
2019-07-24,75.389999,76.050003,74.849998,75.360001,68.108208,8260200
2019-07-25,75.779999,75.779999,74.800003,74.930000,67.719589,9083900
2019-07-26,74.870003,75.080002,74.599998,74.809998,67.611130,7677300
2019-07-29,74.879997,75.379997,74.699997,75.339996,68.090134,7091900
2019-07-30,75.059998,75.559998,74.889999,75.349998,68.099167,6961200
2019-07-31,75.040001,75.660004,74.260002,74.360001,67.204430,13104600
2019-08-01,73.739998,74.269997,72.269997,72.459999,65.487274,17132800
2019-08-02,72.610001,73.260002,71.180000,71.750000,64.845596,21376700
2019-08-05,70.779999,70.919998,69.610001,70.279999,63.517044,19080900
2019-08-06,70.290001,71.010002,70.279999,70.959999,64.131607,12282400
2019-08-07,69.860001,70.879997,69.400002,70.500000,63.715881,15231100
2019-08-08,70.849998,72.410004,70.620003,72.379997,65.414963,14304100
2019-08-09,72.129997,72.250000,70.470001,70.839996,64.023163,13686600
2019-08-12,70.059998,70.160004,69.330002,69.629997,63.712059,8668400
2019-08-13,69.269997,70.620003,68.919998,70.489998,64.498962,12403300
2019-08-14,69.070000,69.089996,67.650002,67.650002,61.900341,18114400
2019-08-15,67.459999,67.559998,66.529999,67.250000,61.534336,12874400
2019-08-16,67.779999,68.459999,67.269997,68.300003,62.495090,12649000
2019-08-19,68.970001,69.650002,68.860001,69.449997,63.547356,10032800
2019-08-20,69.300003,69.300003,68.709999,69.029999,63.163052,9743500
2019-08-21,69.959999,69.980003,69.370003,69.720001,63.794411,10134200
2019-08-22,69.910004,69.959999,69.250000,69.570000,63.657158,8972000
2019-08-23,68.820000,69.529999,67.029999,67.489998,61.753933,15371900
2019-08-26,68.120003,68.260002,67.529999,67.849998,62.083336,7343900
2019-08-27,68.129997,68.440002,66.970001,67.190002,61.479431,9490900
2019-08-28,67.529999,67.980003,67.160004,67.680000,61.927788,9647400
2019-08-29,68.300003,68.669998,68.089996,68.430000,62.614048,9004100
2019-08-30,68.610001,69.080002,68.059998,68.480003,62.659801,9180800
2019-09-03,67.889999,68.680000,67.629997,68.559998,62.733006,9849700
2019-09-04,69.500000,69.610001,69.089996,69.290001,63.400955,6959200
2019-09-05,69.839996,70.550003,69.699997,70.269997,64.297661,9901500
2019-09-06,70.349998,70.949997,70.120003,70.930000,64.901573,10418500
2019-09-09,71.160004,72.070000,70.980003,71.489998,65.413963,12840200
2019-09-10,72.139999,72.849998,71.620003,72.070000,65.944679,13810800
2019-09-11,72.779999,72.839996,71.550003,71.930000,65.816574,10525700
2019-09-12,70.980003,72.160004,70.699997,71.980003,65.862328,9100700
2019-09-13,72.260002,72.720001,72.059998,72.639999,66.466232,7337200
2019-09-16,75.040001,75.180000,73.599998,73.730003,67.463593,19830200
2019-09-17,73.820000,74.080002,72.629997,73.169998,66.951187,14452200
2019-09-18,72.650002,72.970001,72.330002,72.820000,66.630936,7292200
2019-09-19,72.970001,73.190002,72.190002,72.330002,66.182587,8050200
2019-09-20,72.489998,72.500000,71.860001,72.080002,65.953835,19736600
2019-09-23,71.519997,72.360001,71.459999,72.129997,65.999573,7495200
2019-09-24,71.809998,71.870003,70.820000,71.139999,65.093727,13307100
2019-09-25,70.980003,71.470001,70.820000,71.349998,65.285866,8035200
2019-09-26,71.220001,71.349998,70.680000,70.970001,64.938171,8420200
2019-09-27,70.699997,71.669998,70.629997,71.480003,65.404831,8224000
2019-09-30,71.239998,71.449997,70.580002,70.610001,64.608772,9768900
2019-10-01,70.830002,70.910004,68.910004,68.949997,63.089851,10279100
2019-10-02,68.269997,68.589996,67.010002,67.150002,61.442829,14503700
2019-10-03,67.000000,68.000000,66.309998,67.980003,62.202297,10788400
2019-10-04,68.110001,69.070000,67.820000,68.970001,63.108154,10534800
2019-10-07,68.699997,69.029999,68.019997,68.019997,62.238892,10993000
2019-10-08,67.540001,67.919998,66.639999,66.699997,61.031078,9748700
2019-10-09,67.300003,67.699997,67.199997,67.440002,61.708183,8580900
2019-10-10,67.430000,68.360001,67.379997,68.250000,62.449345,7100100
2019-10-11,68.980003,69.489998,68.889999,68.980003,63.117317,10101900
2019-10-14,68.599998,69.370003,68.589996,69.180000,63.300312,6234600
2019-10-15,69.059998,70.000000,69.010002,69.419998,63.519905,6645700
2019-10-16,69.209999,69.529999,68.209999,68.230003,62.431042,9765800
2019-10-17,68.480003,68.879997,68.080002,68.139999,62.348690,9757200
2019-10-18,67.870003,68.150002,67.610001,67.610001,61.863731,13472700
2019-10-21,67.820000,68.769997,67.820000,68.739998,62.897701,10199300
2019-10-22,68.779999,69.760002,68.650002,69.089996,63.217953,9536000
2019-10-23,68.959999,69.760002,68.779999,69.750000,63.821861,8641800
2019-10-24,69.959999,70.050003,69.019997,69.089996,63.217953,9003600
2019-10-25,68.900002,69.480003,68.900002,69.250000,63.364361,7607200
2019-10-28,69.459999,69.669998,68.580002,68.639999,62.806198,11209600
2019-10-29,68.480003,69.029999,68.239998,68.440002,62.623203,13894400
2019-10-30,68.370003,68.370003,67.269997,67.720001,61.964390,12840600
2019-10-31,67.459999,67.720001,67.139999,67.570000,61.827137,16169100
2019-11-01,68.389999,69.610001,68.309998,69.599998,63.684601,14108700
2019-11-04,70.070000,71.870003,69.940002,71.669998,65.578667,15858200
2019-11-05,72.040001,73.120003,71.849998,73.089996,66.877991,14930400
2019-11-06,72.730003,72.870003,71.199997,71.489998,65.413963,13996500
2019-11-07,72.029999,73.029999,72.000000,73.010002,66.804787,13073800
2019-11-08,71.610001,71.800003,70.660004,70.769997,65.536102,12106000
2019-11-11,70.209999,70.610001,69.970001,70.339996,65.137909,8674000
2019-11-12,70.269997,70.410004,68.980003,69.370003,64.239647,13918600
2019-11-13,69.019997,69.150002,68.599998,68.800003,63.711807,11773700
2019-11-14,68.860001,68.970001,68.180000,68.500000,63.433987,11279800
2019-11-15,68.709999,69.300003,68.669998,69.190002,64.072960,11252800
2019-11-18,68.699997,68.820000,68.300003,68.519997,63.452507,10095600
2019-11-19,68.400002,68.559998,67.779999,67.820000,62.804276,12605500
2019-11-20,67.669998,68.540001,67.320000,68.029999,62.998741,16930700
2019-11-21,68.019997,69.750000,67.919998,69.669998,64.517456,14080500
2019-11-22,69.709999,70.180000,69.330002,69.370003,64.239647,12143600
2019-11-25,69.370003,69.440002,68.709999,68.910004,63.813667,10670000
2019-11-26,68.919998,69.040001,68.440002,68.739998,63.656239,15457000
2019-11-27,68.760002,69.089996,68.410004,68.699997,63.619194,8393900
2019-11-29,68.330002,68.529999,68.000000,68.129997,63.091339,7980800
2019-12-02,68.500000,68.879997,68.370003,68.419998,63.359901,11116900
2019-12-03,68.000000,68.250000,67.519997,67.879997,62.859833,12245800
2019-12-04,68.250000,68.760002,68.139999,68.650002,63.572903,11049700
2019-12-05,68.889999,68.970001,68.209999,68.410004,63.350647,13109000
2019-12-06,68.760002,69.870003,68.760002,69.510002,64.369293,13710800
2019-12-09,69.080002,69.970001,69.019997,69.660004,64.508202,12397700
2019-12-10,69.660004,70.150002,68.699997,69.059998,63.952572,14281800
2019-12-11,68.739998,69.760002,68.669998,68.959999,63.859974,13748400
2019-12-12,68.959999,70.379997,68.900002,70.339996,65.137909,17068500
2019-12-13,70.480003,70.540001,69.120003,69.230003,64.110008,12274500
2019-12-16,69.699997,70.250000,69.699997,70.000000,64.823051,15208700
2019-12-17,69.980003,70.379997,69.309998,69.680000,64.526718,14450700
2019-12-18,69.629997,70.290001,69.279999,69.870003,64.702675,13652300
2019-12-19,69.989998,70.050003,69.239998,69.389999,64.258163,13273200
2019-12-20,69.860001,70.230003,69.389999,69.940002,64.767502,35092000
2019-12-23,69.860001,70.300003,69.529999,70.290001,65.091606,14172500
2019-12-24,70.349998,70.500000,69.910004,70.019997,64.841568,3979400
2019-12-26,70.190002,70.500000,70.010002,70.129997,64.943436,8840200
2019-12-27,70.199997,70.309998,69.879997,69.889999,64.721184,10516100
2019-12-30,70.089996,70.440002,69.400002,69.480003,64.341515,12689400
2019-12-31,69.019997,69.800003,69.010002,69.779999,64.619324,13151800
2020-01-02,70.239998,71.019997,70.239998,70.900002,65.656494,12456400
2020-01-03,71.339996,71.370003,70.160004,70.330002,65.128654,17386900
2020-01-06,70.320000,71.360001,70.230003,70.870003,65.628716,20081900
2020-01-07,70.500000,70.519997,69.510002,70.290001,65.091606,17387700
2020-01-08,70.110001,70.290001,69.169998,69.230003,64.110008,15137700
2020-01-09,69.139999,69.900002,68.629997,69.760002,64.600807,14811800
2020-01-10,69.930000,69.959999,69.120003,69.139999,64.026657,11995600
2020-01-13,69.199997,69.870003,69.110001,69.800003,64.637848,9953900
2020-01-14,69.379997,69.580002,68.889999,69.199997,64.082222,16261000
2020-01-15,69.199997,69.589996,68.889999,69.089996,63.980354,11390300
2020-01-16,69.300003,69.580002,68.800003,68.820000,63.730320,13340300
2020-01-17,68.750000,69.080002,68.290001,68.559998,63.489555,18144100
2020-01-21,68.379997,68.419998,67.510002,67.580002,62.582027,17982600
2020-01-22,67.559998,67.699997,67.000000,67.190002,62.220867,17033100
2020-01-23,66.709999,66.930000,66.050003,66.769997,61.831924,19605900
2020-01-24,66.540001,66.680000,66.040001,66.320000,61.415207,18238600
2020-01-27,65.419998,65.730003,64.699997,64.739998,59.952061,21231000
2020-01-28,65.110001,65.199997,64.629997,64.650002,59.868717,19664700
2020-01-29,65.029999,65.129997,63.900002,64.110001,59.368656,14202800
2020-01-30,63.779999,64.879997,63.430000,64.790001,59.998367,18544700
2020-01-31,63.200001,63.200001,61.860001,62.119999,57.525826,34282900
2020-02-03,61.380001,61.419998,60.369999,60.730000,56.238628,27397300
2020-02-04,61.450001,61.910000,59.889999,59.970001,55.534836,31922100
2020-02-05,60.750000,62.930000,60.599998,62.730000,58.090714,32099200
2020-02-06,62.930000,63.009998,61.779999,61.880001,57.303577,16055400
2020-02-07,61.410000,61.660000,61.060001,61.470001,56.923901,15112500
2020-02-10,60.480000,60.520000,59.619999,59.959999,56.322723,20934500
2020-02-11,60.580002,60.889999,60.169998,60.529999,56.858147,14908700
2020-02-12,61.340000,61.529999,60.560001,61.270000,57.553253,17862100
2020-02-13,61.060001,61.419998,60.560001,60.930000,57.233883,16949400
2020-02-14,61.150002,61.160000,60.279999,60.650002,56.970871,10855300
2020-02-18,60.150002,60.389999,59.450001,59.880001,56.247578,18948500
2020-02-19,60.110001,60.619999,59.830002,60.340000,56.679672,12804900
2020-02-20,60.230000,60.540001,59.720001,59.860001,56.228790,14817200
2020-02-21,59.509998,59.509998,58.790001,59.130001,55.543072,20315700
2020-02-24,57.619999,57.799999,56.360001,56.360001,52.941105,32096600
2020-02-25,56.750000,56.750000,53.970001,54.200001,50.912136,36414500
2020-02-26,54.549999,54.820000,52.930000,53.009998,49.794323,29801000
2020-02-27,51.709999,52.439999,49.799999,49.820000,46.797832,48141300
2020-02-28,48.770000,51.439999,48.009998,51.439999,48.319561,62468400
2020-03-02,52.590000,53.889999,51.130001,53.880001,50.611549,38127600
2020-03-03,53.950001,54.150002,50.980000,51.299999,48.188053,50580700
2020-03-04,52.230000,52.480000,51.119999,52.419998,49.240112,24079600
2020-03-05,50.419998,50.700001,49.040001,50.110001,47.070240,40788200
2020-03-06,48.840000,49.009998,47.200001,47.689999,44.797039,55640500
2020-03-09,41.709999,44.570000,40.799999,41.860001,39.320702,72896300
2020-03-10,46.169998,46.259998,41.450001,43.410000,40.776676,60445900
2020-03-11,42.389999,43.480000,41.750000,41.980000,39.433418,51986100
2020-03-12,39.900002,40.650002,37.000000,37.180000,34.924599,65725300
2020-03-13,40.009998,40.139999,35.000000,38.119999,35.807571,79891500
2020-03-16,34.400002,37.880001,33.250000,34.490002,32.397781,48924700
2020-03-17,35.209999,37.380001,34.200001,36.810001,34.577045,41204400
2020-03-18,34.549999,36.709999,31.230000,33.119999,31.110884,54036400
2020-03-19,33.730000,34.900002,32.349998,34.430000,32.341415,49412400
2020-03-20,34.840000,35.180000,31.559999,32.740002,30.753937,76534600
2020-03-23,32.529999,32.700001,30.110001,31.450001,29.542191,56952500
2020-03-24,34.419998,36.169998,33.330002,35.439999,33.290146,61835600
2020-03-25,36.509998,38.590000,35.180000,37.290001,35.027924,56607700
2020-03-26,37.500000,39.560001,36.720001,38.820000,36.465111,46722000
2020-03-27,37.130001,37.680000,36.200001,36.950001,34.708549,51558600
2020-03-30,36.230000,38.150002,35.860001,37.500000,35.225189,45835000
2020-03-31,38.340000,39.450001,37.369999,37.970001,35.666676,41491600
2020-04-01,36.860001,38.700001,36.340000,37.529999,35.253365,36045900
2020-04-02,38.740002,41.959999,37.900002,40.400002,37.949268,62000200
2020-04-03,41.450001,42.180000,38.520000,39.209999,36.831451,48425700
2020-04-06,39.880001,40.830002,39.230000,40.470001,38.015018,41301900
2020-04-07,42.900002,43.320000,41.160000,41.240002,38.738308,48921800
2020-04-08,41.950001,44.040001,41.470001,43.849998,41.189983,33355600
2020-04-09,45.459999,46.709999,41.740002,43.130001,40.513660,60208100
2020-04-13,44.450001,44.689999,41.970001,42.759998,40.166103,29651900
2020-04-14,43.000000,43.750000,41.910000,42.430000,39.856125,30769000
2020-04-15,41.000000,41.060001,39.380001,40.480000,38.024414,33125000
2020-04-16,40.480000,40.480000,38.930000,39.150002,36.775097,30934000
2020-04-17,39.880001,43.320000,39.869999,43.220001,40.598202,40829100
2020-04-20,40.750000,42.740002,40.540001,41.180000,38.681953,39260800
2020-04-21,40.400002,42.130001,39.630001,40.959999,38.475292,44381600
2020-04-22,42.599998,42.930000,41.860001,42.130001,39.574326,27084700
2020-04-23,43.130001,44.660000,42.810001,43.450001,40.814247,35271000
2020-04-24,44.400002,44.889999,43.130001,43.730000,41.077263,28667000
2020-04-27,43.590000,44.320000,42.230000,43.939999,41.274521,28274400
2020-04-28,44.369999,45.389999,44.110001,44.970001,42.242046,26545100
2020-04-29,46.259998,47.599998,46.160000,47.459999,44.580997,29502500
2020-04-30,47.680000,47.680000,45.770000,46.470001,43.651047,37076300
2020-05-01,45.630001,46.389999,43.000000,43.139999,40.523052,35399300
2020-05-04,42.509998,44.939999,42.220001,44.880001,42.157501,27465600
2020-05-05,46.259998,47.150002,44.660000,44.830002,42.110535,29276200
2020-05-06,44.930000,45.270000,43.900002,43.990002,41.321495,22659000
2020-05-07,44.959999,45.270000,43.970001,44.240002,41.556328,22160300
2020-05-08,45.310001,46.220001,44.980000,46.180000,43.378639,19998700
2020-05-11,46.110001,46.200001,45.509998,45.740002,42.965336,22258000
2020-05-12,45.419998,45.669998,44.119999,44.119999,42.247166,25439100
2020-05-13,43.740002,43.869999,41.599998,41.930000,40.150131,30827900
2020-05-14,41.070000,42.549999,40.200001,42.299999,40.504429,24856500
2020-05-15,42.380001,43.009998,41.849998,42.000000,40.217159,22445600
2020-05-18,44.400002,45.580002,44.060001,45.340000,43.415382,32046100
2020-05-19,45.549999,46.630001,43.930000,43.939999,42.074806,21771600
2020-05-20,44.619999,45.580002,44.570000,45.369999,43.444107,19352400
2020-05-21,45.439999,45.790001,44.389999,44.560001,42.668495,19130700
2020-05-22,44.049999,44.669998,43.450001,44.599998,42.706791,15406400
2020-05-26,45.740002,46.299999,45.470001,45.910000,43.961185,20356500
2020-05-27,46.660000,47.139999,45.410000,46.240002,44.277180,20788300
2020-05-28,46.430000,46.459999,44.930000,45.040001,43.128120,19698000
2020-05-29,44.820000,45.689999,44.369999,45.470001,43.539867,25886200
2020-06-01,45.320000,46.450001,44.799999,46.279999,44.315479,19031000
2020-06-02,46.860001,47.450001,46.750000,47.310001,45.301758,22319000
2020-06-03,48.000000,49.400002,47.950001,49.240002,47.149834,23418000
2020-06-04,48.880001,49.150002,48.160000,49.099998,47.015774,18731400
2020-06-05,51.650002,53.450001,51.599998,53.080002,50.826832,41328900
2020-06-08,54.720001,55.360001,53.459999,54.740002,52.416367,33579400
2020-06-09,52.880001,53.970001,52.450001,53.520000,51.248154,27276900
2020-06-10,53.500000,53.500000,50.599998,50.650002,48.499985,31156800
2020-06-11,47.529999,48.840000,46.099998,46.180000,44.219727,39183000
2020-06-12,48.040001,48.619999,45.910000,47.169998,45.167698,30968800
2020-06-15,45.349998,47.759998,44.750000,47.139999,45.138973,27929300
2020-06-16,49.570000,49.750000,47.240002,48.200001,46.153980,26203400
2020-06-17,48.000000,48.130001,46.599998,46.630001,44.650623,19251600
2020-06-18,46.110001,47.330002,45.770000,46.919998,44.928310,21478700
2020-06-19,48.220001,48.259998,45.980000,45.980000,44.028214,48899900
2020-06-22,45.689999,46.439999,45.400002,46.419998,44.449535,17565400
2020-06-23,46.900002,47.220001,46.500000,46.700001,44.717655,18916600
2020-06-24,45.910000,45.959999,44.250000,44.500000,42.611038,27626900
2020-06-25,44.049999,45.240002,43.689999,45.169998,43.252594,19353600
2020-06-26,44.880001,44.939999,43.500000,43.619999,41.768391,31518600
2020-06-29,43.810001,44.580002,43.540001,44.320000,42.438679,17052100
2020-06-30,43.430000,44.970001,43.160000,44.720001,42.821705,22153600
2020-07-01,44.490002,45.380001,43.669998,43.709999,41.854572,17290100
2020-07-02,44.619999,45.189999,43.930000,44.080002,42.208870,18216600
2020-07-06,44.669998,45.080002,43.840000,44.389999,42.505707,22692000
2020-07-07,43.900002,44.000000,43.110001,43.240002,41.404526,17407600
2020-07-08,43.150002,43.930000,42.840000,43.139999,41.308765,18291400
2020-07-09,42.900002,43.099998,41.290001,41.360001,39.604328,25882000
2020-07-10,41.119999,42.709999,41.099998,42.650002,40.839573,18951000
2020-07-13,42.980000,43.290001,42.230000,42.660000,40.849144,20028300
2020-07-14,42.529999,44.189999,42.259998,44.070000,42.199291,21444100
2020-07-15,45.029999,45.090000,44.209999,44.630001,42.735523,17332400
2020-07-16,44.310001,44.810001,43.790001,44.279999,42.400375,14673700
2020-07-17,44.330002,44.689999,43.389999,43.520000,41.672638,17958900
2020-07-20,43.209999,43.509998,42.480000,42.500000,40.695934,18553900
2020-07-21,43.150002,45.189999,43.110001,44.650002,42.754677,28833600
2020-07-22,44.150002,44.150002,43.369999,43.610001,41.758820,21345400
2020-07-23,43.400002,43.820000,43.020000,43.700001,41.844997,17934400
2020-07-24,43.880001,44.419998,43.189999,43.430000,41.586460,16415300
2020-07-27,43.230000,44.090000,42.970001,44.070000,42.199291,18547900
2020-07-28,43.910000,44.250000,43.459999,43.549999,41.701363,19190500
2020-07-29,43.709999,44.090000,43.340000,44.029999,42.160988,14143200
2020-07-30,43.130001,43.180000,41.830002,41.869999,40.092678,29901100
2020-07-31,41.160000,42.169998,40.910000,42.080002,40.293766,32123000
2020-08-03,42.049999,42.500000,41.470001,42.250000,40.456547,23033600
2020-08-04,42.340000,43.599998,42.240002,43.470001,41.624763,17724000
2020-08-05,44.150002,44.310001,43.529999,43.849998,41.988632,17445800
2020-08-06,43.400002,43.900002,43.250000,43.639999,41.787544,14434900
2020-08-07,43.230000,43.520000,42.810001,43.439999,41.596035,18749700
2020-08-10,43.990002,44.599998,43.599998,44.509998,42.620613,24367800
2020-08-11,45.500000,46.419998,44.730000,44.970001,43.061092,28987500
2020-08-12,44.459999,44.939999,43.630001,44.090000,43.051323,22508900
2020-08-13,43.500000,43.869999,42.919998,43.009998,41.996765,17338700
2020-08-14,42.599998,43.279999,42.410000,43.200001,42.182293,13595700
2020-08-17,43.169998,43.169998,42.470001,42.639999,41.635483,15554600
2020-08-18,42.590000,43.189999,42.290001,42.430000,41.430431,13014000
2020-08-19,42.349998,42.660000,41.869999,41.959999,40.971500,14473100
2020-08-20,41.689999,41.889999,41.299999,41.320000,40.346581,15678500
2020-08-21,41.299999,41.340000,40.709999,41.009998,40.043880,25517700
2020-08-24,41.279999,42.509998,41.090000,42.220001,41.225380,18208900
2020-08-25,41.660000,42.070000,40.700001,40.880001,39.916946,31285600
2020-08-26,40.639999,40.840000,40.000000,40.009998,39.067440,26795000
2020-08-27,40.000000,40.299999,39.310001,39.740002,38.803802,32034300
2020-08-28,39.840000,40.919998,39.759998,40.689999,39.731419,33477100
2020-08-31,40.639999,40.720001,39.900002,39.939999,38.999088,25259600
2020-09-01,39.750000,39.750000,39.049999,39.430000,38.501106,22478200
2020-09-02,39.230000,39.720001,38.950001,39.189999,38.266758,26413400
2020-09-03,39.200001,40.029999,38.880001,39.110001,38.188644,28817200
2020-09-04,39.459999,39.790001,38.650002,39.080002,38.159351,24632500
2020-09-08,38.250000,38.680000,37.349998,38.180000,37.280552,38496400
2020-09-09,38.349998,38.840000,37.919998,37.950001,37.055973,25886100
2020-09-10,38.270000,38.369999,36.900002,37.000000,36.128349,34381200
2020-09-11,37.130001,37.310001,36.490002,36.900002,36.030708,26838600
2020-09-14,36.910000,37.009998,36.490002,36.660000,35.796360,26129900
2020-09-15,36.799999,37.380001,36.209999,36.270000,35.415550,23724200
2020-09-16,36.459999,38.150002,36.270000,37.810001,36.919270,30890900
2020-09-17,37.349998,37.980000,36.970001,37.799999,36.909504,24696200
2020-09-18,37.529999,37.820000,36.700001,37.189999,36.313873,46853800
2020-09-21,36.430000,36.709999,35.680000,36.430000,35.571781,35351800
2020-09-22,36.459999,36.840000,35.470001,35.529999,34.692982,27303200
2020-09-23,35.650002,35.790001,34.349998,34.389999,33.579838,31251400
2020-09-24,34.400002,34.820000,33.759998,34.320000,33.511486,26796000
2020-09-25,34.000000,34.939999,33.880001,34.639999,33.823948,23486000
2020-09-28,35.139999,35.900002,35.099998,35.310001,34.478165,23396500
2020-09-29,35.000000,35.110001,33.990002,34.279999,33.472427,20770500
2020-09-30,34.639999,34.919998,34.130001,34.330002,33.521252,22216400
2020-10-01,33.790001,34.099998,32.939999,33.130001,32.349522,36890200
2020-10-02,32.250000,33.349998,32.209999,32.980000,32.203053,32694300
2020-10-05,33.320000,33.750000,33.169998,33.740002,32.945152,22965200
2020-10-06,34.119999,34.419998,33.310001,33.389999,32.603394,26731800
2020-10-07,33.639999,33.740002,33.209999,33.500000,32.710804,23779300
2020-10-08,33.880001,35.340000,33.759998,35.259998,34.429340,34413700
2020-10-09,35.680000,35.950001,34.650002,34.740002,33.921593,29228600
2020-10-12,34.540001,34.730000,34.230000,34.630001,33.814186,17912800
2020-10-13,34.730000,34.869999,34.099998,34.220001,33.413845,20995100
2020-10-14,34.060001,34.830002,34.029999,34.150002,33.345493,17756500
2020-10-15,33.700001,34.459999,33.270000,34.450001,33.638424,23251600
2020-10-16,34.369999,34.639999,33.880001,34.099998,33.296669,22627200
2020-10-19,34.099998,34.369999,33.389999,33.419998,32.632687,23645800
2020-10-20,33.660000,33.930000,33.330002,33.700001,32.906094,23040600
2020-10-21,33.509998,33.619999,33.139999,33.160000,32.378815,28619300
2020-10-22,33.180000,34.959999,33.020000,34.860001,34.038765,31831500
2020-10-23,34.970001,35.080002,33.860001,34.160000,33.355255,27429100
2020-10-26,33.610001,33.770000,32.950001,33.349998,32.564335,30888700
2020-10-27,33.150002,33.200001,32.700001,32.820000,32.046825,27100700
2020-10-28,32.099998,32.380001,31.520000,31.570000,30.826271,42136400
2020-10-29,31.410000,33.130001,31.110001,32.970001,32.193291,38622800
2020-10-30,32.410000,33.139999,32.009998,32.619999,31.851534,47885700
2020-11-02,33.139999,34.459999,32.570000,33.990002,33.189262,40130300
2020-11-03,34.490002,34.490002,33.130001,33.410000,32.622925,36773000
2020-11-04,33.270000,34.139999,32.529999,33.230000,32.447166,35410100
2020-11-05,33.369999,33.919998,33.139999,33.169998,32.388577,30824100
2020-11-06,33.099998,33.660000,32.619999,32.779999,32.007767,33985600
2020-11-09,36.419998,38.009998,36.060001,36.930000,36.060001,76879400
2020-11-10,37.049999,37.430000,35.980000,36.860001,36.860001,49055400
2020-11-11,37.090000,37.119999,36.189999,36.480000,36.480000,34124500
2020-11-12,35.860001,36.290001,34.869999,35.230000,35.230000,30933700
2020-11-13,35.400002,36.250000,35.380001,36.080002,36.080002,29241500
2020-11-16,37.590000,38.169998,37.099998,38.160000,38.160000,38596800
2020-11-17,37.810001,38.709999,37.380001,38.669998,38.669998,26521100
2020-11-18,39.020000,39.130001,37.200001,37.209999,37.209999,31068000
2020-11-19,36.860001,37.500000,36.560001,37.400002,37.400002,26954400
2020-11-20,37.349998,37.410000,36.779999,36.939999,36.939999,18351000
2020-11-23,37.500000,39.430000,37.279999,39.360001,39.360001,29367600
2020-11-24,40.509998,42.080002,40.220001,41.980000,41.980000,46979300
2020-11-25,41.669998,41.709999,40.650002,40.810001,40.810001,28178200
2020-11-27,40.700001,40.939999,39.869999,40.189999,40.189999,14971900
2020-11-30,39.799999,39.880001,37.970001,38.130001,38.130001,45554700